customer_id,churn_risk_score,contract,tenure_months,monthly_charges,churn
CUST00000,0.5610673238084999,Month-to-month,10,107.02,No
CUST00001,0.34441985336776076,Two year,12,64.94,Yes
CUST00002,0.20134830009901405,One year,38,44.55,No
CUST00003,0.42461683530791794,One year,8,68.08,No
CUST00004,0.609057294166685,Month-to-month,40,51.24,Yes
CUST00005,0.6822362343833145,Month-to-month,1,49.58,Yes
CUST00006,0.47002073012436846,Month-to-month,29,75.83,Yes
CUST00007,0.22316731851688945,Two year,37,24.91,No
CUST00008,0.4957072084787238,One year,4,28.9,No
CUST00009,0.42696672377840406,One year,11,65.48,No
CUST00010,0.6661373655374032,Month-to-month,3,64.44,Yes
CUST00011,0.29270191220723973,Two year,24,73.59,No
CUST00012,0.3034817569941849,Two year,15,111.88,No
CUST00013,0.43112727369791437,Month-to-month,20,67.61,No
CUST00014,0.708012460612236,Month-to-month,4,79.95,Yes
CUST00015,0.5550554466738933,Month-to-month,4,40.61,No
CUST00016,0.45203903705046145,Month-to-month,0,84.2,No
CUST00017,0.37438415645727724,Month-to-month,7,51.84,No
CUST00018,0.4221127662669722,Month-to-month,16,66.79,No
CUST00019,0.5469236157948667,Month-to-month,39,62.28,No
CUST00020,0.4262366463135078,One year,21,90.82,No
CUST00021,0.49851123521254964,Month-to-month,11,32.25,Yes
CUST00022,0.3552723277062413,Month-to-month,61,18.0,No
CUST00023,0.5553825243868121,Month-to-month,25,59.66,No
CUST00024,0.2843964966915902,Month-to-month,53,76.71,No
CUST00025,0.23954816352935854,One year,14,68.81,No
CUST00026,0.7489503092813419,Month-to-month,5,95.81,Yes
CUST00027,0.7047391076751168,Month-to-month,1,75.93,Yes
CUST00028,0.40834913043347365,One year,25,50.9,Yes
CUST00029,0.5705184403361675,Month-to-month,2,18.0,No
CUST00030,0.26152964174041676,One year,7,59.07,No
CUST00031,0.5962031061006448,Month-to-month,15,90.7,No
CUST00032,0.3596070029840176,Month-to-month,16,55.2,No
CUST00033,0.21790538163887008,Two year,18,65.71,No
CUST00034,0.4435750807982634,Two year,3,75.53,No
CUST00035,0.3170707953784477,Two year,9,39.62,No
CUST00036,0.6123280571182736,Month-to-month,19,80.58,Yes
CUST00037,0.179107071128389,Month-to-month,70,105.93,No
CUST00038,0.30369288725282934,One year,26,60.68,No
CUST00039,0.3402261250298098,Month-to-month,51,36.77,No
CUST00040,0.45503721139416287,Month-to-month,28,63.33,Yes
CUST00041,0.3845940783376235,Month-to-month,17,18.0,No
CUST00042,0.5682921635883376,Month-to-month,4,73.42,No
CUST00043,0.32567155700863565,Two year,21,76.31,No
CUST00044,0.6401519601437478,Month-to-month,19,106.89,Yes
CUST00045,0.2967254552290375,One year,18,60.15,No
CUST00046,0.46502902281387615,Month-to-month,13,75.21,No
CUST00047,0.42640677891262596,Month-to-month,15,43.47,No
CUST00048,0.5464909500654567,Month-to-month,8,56.09,Yes
CUST00049,0.37612440081385334,Month-to-month,14,26.87,No
CUST00050,0.4827097034275327,Two year,4,60.13,No
CUST00051,0.30449227699873677,One year,32,57.37,No
CUST00052,0.39553965603583335,Two year,4,72.48,No
CUST00053,0.44181737418155104,Two year,1,49.41,No
CUST00054,0.3461873314874617,One year,11,67.08,No
CUST00055,0.23270868747249032,Two year,21,56.67,No
CUST00056,0.49808377302677087,Month-to-month,11,56.71,No
CUST00057,0.5414942705186845,Month-to-month,6,67.01,No
CUST00058,0.4877045783995348,Month-to-month,16,66.01,No
CUST00059,0.5067767465278757,Month-to-month,8,84.03,No
CUST00060,0.3489427095349092,Month-to-month,54,61.98,No
CUST00061,0.4283139861501351,Month-to-month,51,56.25,Yes
CUST00062,0.24991918143092806,Two year,13,60.48,No
CUST00063,0.5010796519643956,Month-to-month,7,47.13,Yes
CUST00064,0.38948626723199986,Month-to-month,26,56.0,No
CUST00065,0.37242900245023536,Month-to-month,0,115.78,No
CUST00066,0.48477433005433473,Month-to-month,12,42.18,Yes
CUST00067,0.462281733072139,Two year,8,58.03,No
CUST00068,0.4404386888445073,Month-to-month,50,55.31,Yes
CUST00069,0.2752200855786612,Two year,0,58.82,No
CUST00070,0.34103889213683347,One year,16,56.72,No
CUST00071,0.4722944280623229,Month-to-month,26,71.98,No
CUST00072,0.507549107070541,Month-to-month,13,22.25,Yes
CUST00073,0.6473956469299581,Two year,1,90.93,Yes
CUST00074,0.15632818938226659,One year,71,80.81,No
CUST00075,0.258337710439861,One year,14,33.93,No
CUST00076,0.2711843476195279,One year,19,18.0,No
CUST00077,0.7453373367086199,Month-to-month,5,40.57,Yes
CUST00078,0.4552223807618052,Month-to-month,13,58.93,No
CUST00079,0.493426403080774,Month-to-month,11,120.0,No
CUST00080,0.3792258752542914,Two year,1,78.58,No
CUST00081,0.2902970954154027,One year,2,19.81,No
CUST00082,0.48130645124886284,Month-to-month,36,47.76,Yes
CUST00083,0.6665850344534613,Month-to-month,5,63.67,Yes
CUST00084,0.7052650932552291,Month-to-month,4,71.34,Yes
CUST00085,0.4431599918344859,Month-to-month,14,32.13,No
CUST00086,0.2900610635134908,One year,29,61.63,No
CUST00087,0.5076993403196645,One year,1,47.06,Yes
CUST00088,0.455514564715983,Two year,17,37.41,No
CUST00089,0.6703903703066844,Month-to-month,2,71.49,No
CUST00090,0.47038099849919623,Month-to-month,0,84.35,No
CUST00091,0.48226485231222044,One year,1,86.03,Yes
CUST00092,0.4262545485249957,One year,35,79.36,Yes
CUST00093,0.44039517561778113,One year,2,52.57,No
CUST00094,0.5859690614685601,One year,0,82.86,Yes
CUST00095,0.4598359265362062,Month-to-month,11,72.73,No
CUST00096,0.5021565852590419,Month-to-month,37,68.35,No
CUST00097,0.5086480205967449,Month-to-month,6,49.71,No
CUST00098,0.5007470330349433,Month-to-month,10,52.58,Yes
CUST00099,0.6496362640342436,Month-to-month,0,66.85,Yes
CUST00100,0.5355971768388891,Month-to-month,11,120.0,No
CUST00101,0.3339611002844013,One year,17,72.53,Yes
CUST00102,0.48327311792656497,Month-to-month,16,49.72,No
CUST00103,0.469678862754149,Month-to-month,8,44.19,No
CUST00104,0.2956352383173961,Two year,7,52.71,No
CUST00105,0.7071870453681031,Month-to-month,2,119.43,Yes
CUST00106,0.42649296454895447,Month-to-month,9,55.02,No
CUST00107,0.6107030042414514,One year,2,87.67,Yes
CUST00108,0.4924842592580107,Month-to-month,29,55.6,Yes
CUST00109,0.44953874492074347,Month-to-month,67,71.53,No
CUST00110,0.3852738309150341,Month-to-month,70,84.79,No
CUST00111,0.5258794516875047,Month-to-month,40,50.7,No
CUST00112,0.2094192789593794,Two year,18,48.97,No
CUST00113,0.48533488992387147,Two year,24,106.47,No
CUST00114,0.44820001097664997,One year,6,89.61,No
CUST00115,0.2828582623683381,Two year,19,84.77,No
CUST00116,0.29680590798936896,Two year,12,84.68,No
CUST00117,0.40424632214980394,Month-to-month,13,76.49,No
CUST00118,0.49567335939479457,Two year,28,115.44,Yes
CUST00119,0.510303897710065,Month-to-month,6,66.1,No
CUST00120,0.26577046223336054,Two year,7,79.43,No
CUST00121,0.3758564717038055,Two year,51,28.73,No
CUST00122,0.6101314505404417,Month-to-month,1,44.38,Yes
CUST00123,0.5179454143284361,Month-to-month,13,34.98,Yes
CUST00124,0.46663902595132967,Month-to-month,48,96.85,Yes
CUST00125,0.3971230757585606,Month-to-month,18,18.0,No
CUST00126,0.259870293810858,Two year,15,54.94,No
CUST00127,0.5692587226160251,Two year,5,18.0,Yes
CUST00128,0.5426455562973382,Month-to-month,8,44.22,Yes
CUST00129,0.5054947748821124,Month-to-month,38,52.73,Yes
CUST00130,0.5996219121375748,Month-to-month,16,99.62,No
CUST00131,0.37967587085841176,Month-to-month,14,74.92,No
CUST00132,0.7057163125992435,Month-to-month,2,44.17,Yes
CUST00133,0.7454717469730272,Month-to-month,0,91.65,Yes
CUST00134,0.14895157781190008,Two year,66,65.45,No
CUST00135,0.5016129437952392,Month-to-month,9,65.94,No
CUST00136,0.4042815344392321,Month-to-month,18,34.93,No
CUST00137,0.6364653018641291,One year,1,40.25,Yes
CUST00138,0.5061224719253216,Month-to-month,22,44.37,No
CUST00139,0.2588716834856219,Two year,53,66.16,Yes
CUST00140,0.23131277467501754,Two year,17,66.95,No
CUST00141,0.7428029282400036,Month-to-month,2,103.6,Yes
CUST00142,0.5389328610016899,Month-to-month,17,74.63,Yes
CUST00143,0.3894631084627032,Month-to-month,29,18.0,No
CUST00144,0.6072545894687925,Month-to-month,10,71.57,Yes
CUST00145,0.35490580184373416,Month-to-month,42,28.75,Yes
CUST00146,0.3333513345785141,One year,20,40.85,No
CUST00147,0.4668461086822069,Month-to-month,45,44.7,Yes
CUST00148,0.5532481903824378,Month-to-month,19,48.42,Yes
CUST00149,0.6571992098688866,Month-to-month,2,30.62,Yes
CUST00150,0.39395401805097185,Two year,7,70.09,No
CUST00151,0.6233983450194921,Month-to-month,4,29.73,No
CUST00152,0.34059291607886183,Month-to-month,47,73.92,No
CUST00153,0.47151932067788976,Month-to-month,28,120.0,No
CUST00154,0.3732284359646656,Two year,22,31.77,No
CUST00155,0.504630351969361,Month-to-month,7,57.89,Yes
CUST00156,0.2729267836672231,One year,4,18.0,No
CUST00157,0.3822260640812173,One year,28,57.48,No
CUST00158,0.4563252442974385,Month-to-month,12,81.07,Yes
CUST00159,0.44763392468127206,One year,5,83.02,Yes
CUST00160,0.4995614240889924,Month-to-month,19,66.93,No
CUST00161,0.6709457835051807,One year,0,87.23,Yes
CUST00162,0.4564690644983408,One year,7,120.0,No
CUST00163,0.6373372345639527,Month-to-month,12,107.81,Yes
CUST00164,0.5363802672026537,Month-to-month,3,51.94,No
CUST00165,0.19042687446297588,Two year,72,28.72,No
CUST00166,0.7508555825075608,Month-to-month,4,54.85,Yes
CUST00167,0.6064662407209864,Month-to-month,2,41.33,No
CUST00168,0.6054232339830499,Month-to-month,4,76.28,No
CUST00169,0.42181746480089133,One year,29,35.47,No
CUST00170,0.2780671126987469,One year,11,63.18,No
CUST00171,0.5123909514156887,Month-to-month,16,85.95,Yes
CUST00172,0.5479676408187446,Month-to-month,0,62.48,Yes
CUST00173,0.5879771762011364,Month-to-month,0,41.34,No
CUST00174,0.5526315479438485,One year,11,94.37,Yes
CUST00175,0.48237115262129726,Month-to-month,33,18.03,Yes
CUST00176,0.292978059142164,One year,43,56.81,No
CUST00177,0.6450675860475568,Month-to-month,1,63.96,Yes
CUST00178,0.23648775979264616,Two year,15,65.4,No
CUST00179,0.374289099215271,Month-to-month,48,69.51,No
CUST00180,0.4054623008985198,Month-to-month,9,80.26,No
CUST00181,0.49803143405493905,Month-to-month,35,64.11,No
CUST00182,0.5804730868940616,Two year,2,55.8,No
CUST00183,0.36134252448650533,Two year,54,54.81,Yes
CUST00184,0.5158554226129193,Month-to-month,27,49.71,Yes
CUST00185,0.3485592972315617,One year,56,84.69,No
CUST00186,0.1721942270552213,Two year,22,48.84,No
CUST00187,0.4767839853290171,One year,9,86.17,No
CUST00188,0.4547724567065113,Month-to-month,55,65.47,No
CUST00189,0.4524302101966692,Month-to-month,6,51.97,No
CUST00190,0.48087622506368427,Month-to-month,8,80.46,No
CUST00191,0.2462967373103719,Two year,24,46.81,No
CUST00192,0.24895662538884397,Two year,28,80.95,No
CUST00193,0.1837663845988311,One year,53,70.32,No
CUST00194,0.6939523124763088,Month-to-month,4,50.09,Yes
CUST00195,0.48963705582167066,Month-to-month,31,78.22,No
CUST00196,0.3450222596440801,One year,26,78.66,No
CUST00197,0.5836576029098606,Two year,1,93.94,Yes
CUST00198,0.31796393596373096,Two year,9,89.15,No
CUST00199,0.39062235134104206,One year,6,77.28,No
CUST00200,0.3141489002030421,One year,7,36.81,No
CUST00201,0.24419182575244075,Month-to-month,72,120.0,No
CUST00202,0.46697606994492247,Month-to-month,20,29.91,No
CUST00203,0.39244669576125607,Two year,25,88.73,No
CUST00204,0.1654658992753126,One year,72,75.78,No
CUST00205,0.45481661946697094,Month-to-month,9,35.65,No
CUST00206,0.5355892593227363,Month-to-month,32,61.89,Yes
CUST00207,0.33801632254062147,One year,11,63.03,Yes
CUST00208,0.39633711515057,Month-to-month,40,97.64,No
CUST00209,0.6735158521226,Month-to-month,3,47.17,Yes
CUST00210,0.4218134811265541,Month-to-month,59,58.45,Yes
CUST00211,0.3664018204321284,One year,4,18.0,No
CUST00212,0.2812740046766741,One year,7,108.37,No
CUST00213,0.4744336057226135,Month-to-month,28,38.24,No
CUST00214,0.3546599487518309,One year,10,73.17,No
CUST00215,0.5013766694434422,Month-to-month,18,62.46,No
CUST00216,0.5315582452193935,Month-to-month,11,62.55,No
CUST00217,0.46826407032022294,One year,27,85.25,No
CUST00218,0.6243826053635055,One year,5,106.78,Yes
CUST00219,0.3300062083853997,Two year,1,71.29,No
CUST00220,0.42433853034330704,One year,7,81.38,No
CUST00221,0.41375455540282774,One year,12,73.22,Yes
CUST00222,0.7405918510618273,Month-to-month,3,90.44,Yes
CUST00223,0.5380036907032119,Month-to-month,8,53.43,Yes
CUST00224,0.5895986881873747,Month-to-month,10,91.88,Yes
CUST00225,0.6060071073438881,Month-to-month,1,92.76,No
CUST00226,0.3324932103502227,Two year,17,92.06,No
CUST00227,0.5341773330568258,Month-to-month,43,48.5,Yes
CUST00228,0.5142497355038027,Two year,3,60.79,Yes
CUST00229,0.17375932474974293,One year,18,70.99,No
CUST00230,0.349572517746119,One year,21,30.73,No
CUST00231,0.5476293033201783,Month-to-month,10,104.87,No
CUST00232,0.2519625963793229,One year,24,64.69,No
CUST00233,0.5091147444601561,Month-to-month,10,72.1,Yes
CUST00234,0.44309922464193996,Month-to-month,14,50.57,No
CUST00235,0.5983000041007329,One year,0,31.83,Yes
CUST00236,0.5816840362928939,Month-to-month,23,49.9,Yes
CUST00237,0.45071667284558076,Month-to-month,21,70.48,No
CUST00238,0.30022239742070755,One year,0,81.84,No
CUST00239,0.38948346068599127,Month-to-month,9,69.04,No
CUST00240,0.44105855537591226,Two year,72,73.67,No
CUST00241,0.23532512412682619,Two year,10,56.57,No
CUST00242,0.2934169333136548,Two year,13,77.41,No
CUST00243,0.27914547197819534,Month-to-month,48,102.07,No
CUST00244,0.5527631641436108,Month-to-month,25,82.62,No
CUST00245,0.28921016247501113,Two year,17,85.24,No
CUST00246,0.43561960841537334,Month-to-month,31,72.35,No
CUST00247,0.38687401902147767,Two year,39,27.42,No
CUST00248,0.2222212509880116,Two year,12,38.88,No
CUST00249,0.3043017835521754,Two year,12,76.37,No
CUST00250,0.5792795180373561,Month-to-month,9,64.73,No
CUST00251,0.3714257185659236,Month-to-month,68,76.0,Yes
CUST00252,0.3918377672180444,Two year,23,106.91,Yes
CUST00253,0.7089860952551617,Month-to-month,1,83.15,Yes
CUST00254,0.6463698392364065,Month-to-month,39,96.47,Yes
CUST00255,0.2930726404866475,One year,13,67.37,No
CUST00256,0.6017155871340221,Two year,1,44.82,Yes
CUST00257,0.43491060804155984,One year,15,63.55,No
CUST00258,0.3297383643102672,One year,10,44.88,No
CUST00259,0.297863339663799,Month-to-month,42,103.96,No
CUST00260,0.5820037644634205,One year,4,84.76,Yes
CUST00261,0.30426985760342573,Two year,35,78.01,No
CUST00262,0.6100016514615761,Month-to-month,16,95.9,Yes
CUST00263,0.5451303038811625,Month-to-month,1,18.0,No
CUST00264,0.14230140034142613,Two year,71,79.7,No
CUST00265,0.32837660752059605,One year,14,32.23,No
CUST00266,0.5453798538904796,One year,6,64.82,Yes
CUST00267,0.36938545137163786,One year,12,57.21,No
CUST00268,0.5052313463497524,Month-to-month,39,81.54,No
CUST00269,0.6143539812379031,Month-to-month,7,70.7,Yes
CUST00270,0.43636304937278586,Two year,4,98.63,No
CUST00271,0.4716468967864846,Two year,2,49.95,No
CUST00272,0.2694842365806871,Two year,7,82.73,No
CUST00273,0.25566401417300766,Two year,30,69.06,No
CUST00274,0.5647375226088883,Month-to-month,12,24.12,Yes
CUST00275,0.7410853960795813,Month-to-month,5,42.03,Yes
CUST00276,0.6043524655178151,One year,3,61.25,Yes
CUST00277,0.28248307754746216,One year,8,92.81,No
CUST00278,0.18771997928277084,One year,56,76.59,No
CUST00279,0.48137518219893566,One year,8,35.81,No
CUST00280,0.25387662836854247,Two year,72,61.49,No
CUST00281,0.6378331277096079,Month-to-month,13,115.45,Yes
CUST00282,0.7071661870231125,Month-to-month,3,67.78,Yes
CUST00283,0.4277498809459923,Month-to-month,44,56.82,No
CUST00284,0.3131011367827806,One year,12,77.29,No
CUST00285,0.6003009869594634,Month-to-month,24,84.08,Yes
CUST00286,0.42684702158364574,Month-to-month,72,53.6,Yes
CUST00287,0.6506601542214715,Month-to-month,1,77.56,Yes
CUST00288,0.6478065649236815,Month-to-month,2,56.78,No
CUST00289,0.4856046112367256,One year,25,82.98,No
CUST00290,0.6033072810519141,Month-to-month,6,69.24,Yes
CUST00291,0.5490447858978326,Month-to-month,4,77.05,No
CUST00292,0.6952893169770591,Two year,0,46.02,Yes
CUST00293,0.7059169526749365,Month-to-month,0,44.47,Yes
CUST00294,0.6763091497384045,Month-to-month,29,88.64,Yes
CUST00295,0.6598107631911018,Month-to-month,2,63.02,No
CUST00296,0.40741182263544135,One year,12,72.13,No
CUST00297,0.5104056038134437,Month-to-month,18,57.34,No
CUST00298,0.3196437555999403,One year,11,87.47,No
CUST00299,0.5269613285278814,Month-to-month,0,49.8,No
CUST00300,0.5252486069263675,Month-to-month,30,61.61,Yes
CUST00301,0.3998305758416583,Month-to-month,0,84.65,Yes
CUST00302,0.405036476714703,Month-to-month,28,94.32,No
CUST00303,0.2913948178436243,One year,44,51.91,No
CUST00304,0.4152818550183372,One year,11,113.99,No
CUST00305,0.27492944428988,Two year,15,72.83,No
CUST00306,0.41745549584403396,Month-to-month,12,38.93,No
CUST00307,0.38366782413566997,Month-to-month,9,74.23,No
CUST00308,0.24355795675822597,One year,43,55.43,No
CUST00309,0.33896341145104697,Month-to-month,44,75.85,No
CUST00310,0.41918556174568783,Month-to-month,8,63.93,No
CUST00311,0.4993081443012293,Month-to-month,19,66.86,No
CUST00312,0.4106058855302187,Month-to-month,52,42.21,Yes
CUST00313,0.13521872212857253,Two year,65,89.75,No
CUST00314,0.2616255096672601,Two year,14,36.1,No
CUST00315,0.5424667569231022,One year,12,37.28,Yes
CUST00316,0.49824279011567396,Month-to-month,6,74.18,No
CUST00317,0.5904786269217533,Month-to-month,63,105.07,Yes
CUST00318,0.7203515261696033,Month-to-month,3,56.19,Yes
CUST00319,0.4681240087116123,Month-to-month,17,82.52,No
CUST00320,0.6075092191007908,Month-to-month,6,91.83,Yes
CUST00321,0.4279881731553708,One year,6,85.37,No
CUST00322,0.23668442277064405,One year,10,57.22,No
CUST00323,0.31000185004180236,Month-to-month,72,37.72,No
CUST00324,0.672188727277241,Two year,1,18.0,Yes
CUST00325,0.18703701154543004,One year,17,58.43,No
CUST00326,0.5204402955192818,One year,1,94.45,Yes
CUST00327,0.34185343274038266,One year,3,36.9,No
CUST00328,0.401597127204326,Month-to-month,11,82.51,No
CUST00329,0.43310524815366946,Month-to-month,14,41.25,Yes
CUST00330,0.5523841745547494,Month-to-month,5,67.65,Yes
CUST00331,0.3392778098447251,One year,7,82.69,No
CUST00332,0.5659681053323308,Month-to-month,1,48.51,No
CUST00333,0.539434333832042,Month-to-month,7,69.26,Yes
CUST00334,0.3556763172987214,Month-to-month,67,54.62,No
CUST00335,0.21676143160238454,Month-to-month,57,82.63,No
CUST00336,0.2536511694195342,Two year,8,70.88,No
CUST00337,0.18827383601615227,One year,16,66.41,No
CUST00338,0.3419334540768293,Month-to-month,48,103.96,No
CUST00339,0.6017063616681336,Month-to-month,0,81.56,No
CUST00340,0.3575001785495573,Month-to-month,33,47.74,No
CUST00341,0.44052148319509693,Month-to-month,59,62.85,Yes
CUST00342,0.5710675292117185,Month-to-month,1,63.1,No
CUST00343,0.7567440769798846,Month-to-month,3,67.01,Yes
CUST00344,0.5063463650267037,Month-to-month,64,120.0,Yes
CUST00345,0.4187380011092997,One year,15,74.27,Yes
CUST00346,0.301215007003452,One year,0,18.0,No
CUST00347,0.6496473219027208,Month-to-month,5,51.43,Yes
CUST00348,0.39676823414763374,Month-to-month,11,18.0,No
CUST00349,0.21248277936136406,One year,23,56.76,No
CUST00350,0.4447012203928735,Month-to-month,26,18.0,Yes
CUST00351,0.3069356728435239,Two year,72,43.21,No
CUST00352,0.5587878696556596,One year,6,26.98,Yes
CUST00353,0.4763975565326127,Month-to-month,15,74.6,No
CUST00354,0.5525513742647942,Month-to-month,15,65.01,Yes
CUST00355,0.23471723281907209,One year,10,72.57,No
CUST00356,0.5686597516109735,Month-to-month,3,62.39,No
CUST00357,0.20191732531000484,One year,72,30.14,No
CUST00358,0.274921290106209,Two year,38,77.84,No
CUST00359,0.5746450976891037,One year,13,113.06,Yes
CUST00360,0.48561363342171665,Month-to-month,18,75.23,Yes
CUST00361,0.2649708311832734,One year,5,54.35,No
CUST00362,0.3645299764568165,Month-to-month,15,29.3,No
CUST00363,0.3621370356793643,Month-to-month,23,42.3,No
CUST00364,0.2668082223532658,Two year,14,76.33,No
CUST00365,0.2838002297023059,Month-to-month,72,91.83,No
CUST00366,0.2233099531395396,Two year,18,71.52,No
CUST00367,0.30585713931352215,Two year,9,85.0,No
CUST00368,0.5761285844895204,Month-to-month,29,82.69,No
CUST00369,0.7044245617112628,Month-to-month,3,77.66,No
CUST00370,0.5181772418893382,Month-to-month,9,48.54,No
CUST00371,0.4631301651860457,Month-to-month,8,69.35,No
CUST00372,0.5729110189261086,Month-to-month,11,43.79,Yes
CUST00373,0.43721901026558824,One year,30,65.44,Yes
CUST00374,0.34864464964418007,Month-to-month,13,73.27,No
CUST00375,0.5191166052998935,Month-to-month,31,106.97,No
CUST00376,0.3021055652044857,Two year,17,32.26,No
CUST00377,0.5238893699029382,Month-to-month,8,77.04,Yes
CUST00378,0.5582696009540705,Two year,33,102.03,Yes
CUST00379,0.7279939358889521,Month-to-month,5,83.97,Yes
CUST00380,0.732397527376043,Month-to-month,5,85.82,Yes
CUST00381,0.5336562650914254,One year,14,79.69,Yes
CUST00382,0.3571207856681503,One year,6,97.46,No
CUST00383,0.3231804282790472,Two year,0,37.81,No
CUST00384,0.30214764022425,One year,20,30.35,No
CUST00385,0.32534566125932385,Two year,14,64.84,No
CUST00386,0.31068189899950366,Month-to-month,11,18.0,No
CUST00387,0.34415220072635333,Month-to-month,68,95.77,No
CUST00388,0.41967542375493416,One year,16,95.52,No
CUST00389,0.2505247807848484,Two year,39,54.17,No
CUST00390,0.44639888504012476,Two year,3,55.73,No
CUST00391,0.46268989719759396,Month-to-month,16,63.19,Yes
CUST00392,0.411223424876739,Month-to-month,40,66.3,No
CUST00393,0.31918302069378635,One year,17,68.18,No
CUST00394,0.40076393393538057,Month-to-month,25,78.96,No
CUST00395,0.3209962333593468,Two year,9,60.68,No
CUST00396,0.5554839375036533,Two year,1,88.58,Yes
CUST00397,0.45382508615919925,Month-to-month,12,76.15,Yes
CUST00398,0.35798932821999174,One year,10,49.83,No
CUST00399,0.3116865591654396,One year,40,98.38,No
CUST00400,0.6315357761021939,Month-to-month,5,31.04,No
CUST00401,0.18445426281506436,Two year,68,62.7,No
CUST00402,0.2632857814857822,Month-to-month,63,89.17,No
CUST00403,0.5187956073941353,Two year,5,46.92,Yes
CUST00404,0.47833856834639965,Month-to-month,8,72.74,No
CUST00405,0.2414485191912548,Two year,45,78.58,No
CUST00406,0.4059857734633569,Month-to-month,67,43.49,No
CUST00407,0.47397068191110053,Month-to-month,11,63.19,No
CUST00408,0.2776906696341098,Two year,7,61.09,No
CUST00409,0.4169103273805463,Month-to-month,14,51.21,No
CUST00410,0.679620038655554,Month-to-month,23,120.0,Yes
CUST00411,0.323897320289803,Two year,6,45.92,No
CUST00412,0.21960961245604263,Two year,26,90.12,No
CUST00413,0.2924106062657182,One year,1,55.18,No
CUST00414,0.40995007249926635,One year,1,37.83,Yes
CUST00415,0.37130851680585714,Month-to-month,9,67.57,No
CUST00416,0.5231450079201432,Month-to-month,8,81.23,Yes
CUST00417,0.4543178772111029,Month-to-month,7,88.01,No
CUST00418,0.5977538442209949,One year,13,104.06,Yes
CUST00419,0.3947102177983172,One year,7,120.0,No
CUST00420,0.3285088678180791,One year,4,71.26,No
CUST00421,0.4966420301833277,One year,7,48.42,Yes
CUST00422,0.3198863952844286,Month-to-month,72,76.32,No
CUST00423,0.466866971372054,Month-to-month,10,58.34,No
CUST00424,0.6521132177467724,Month-to-month,11,88.15,No
CUST00425,0.39236526950010064,Month-to-month,17,32.57,Yes
CUST00426,0.24174449389772537,Month-to-month,72,120.0,No
CUST00427,0.44191067267670725,Two year,5,86.4,No
CUST00428,0.4065482328185885,Month-to-month,22,22.9,No
CUST00429,0.4206088660433543,Month-to-month,25,47.27,No
CUST00430,0.45271468543421806,Month-to-month,18,85.4,No
CUST00431,0.27866532537309147,One year,1,94.41,No
CUST00432,0.29854811376405427,One year,22,33.19,No
CUST00433,0.6756596743655204,Month-to-month,1,82.83,Yes
CUST00434,0.5097224922484995,Month-to-month,18,18.0,Yes
CUST00435,0.28104434204747597,One year,26,62.77,No
CUST00436,0.6658727611911927,Month-to-month,4,92.8,No
CUST00437,0.6290622545360837,Two year,36,51.21,Yes
CUST00438,0.4194497924578682,One year,0,27.33,No
CUST00439,0.533754392026594,Month-to-month,37,68.66,No
CUST00440,0.6086933937959328,Month-to-month,12,49.88,No
CUST00441,0.6810879039758068,Two year,4,80.74,Yes
CUST00442,0.6099815909877981,Month-to-month,2,42.87,No
CUST00443,0.5414230981710373,Month-to-month,61,45.68,Yes
CUST00444,0.4851005072258541,Two year,1,18.0,No
CUST00445,0.5855553622783982,Two year,4,69.25,Yes
CUST00446,0.3193881076775424,Two year,8,60.98,No
CUST00447,0.24548394819454664,One year,19,35.29,No
CUST00448,0.5673095179132703,Month-to-month,15,69.84,No
CUST00449,0.6429222319758406,Month-to-month,2,90.68,No
CUST00450,0.3744541286486037,One year,6,59.61,No
CUST00451,0.2780183597155262,One year,5,71.7,No
CUST00452,0.5499985752881775,Month-to-month,4,71.83,No
CUST00453,0.17330856549790966,Two year,10,34.89,No
CUST00454,0.4473523722446244,Month-to-month,24,116.41,No
CUST00455,0.745157363408308,Month-to-month,4,53.23,Yes
CUST00456,0.46218788864424826,Month-to-month,9,81.4,No
CUST00457,0.5611549770900965,Month-to-month,9,84.23,No
CUST00458,0.37059957974149127,Month-to-month,72,61.51,Yes
CUST00459,0.2934985674221475,Month-to-month,61,80.17,No
CUST00460,0.5336116619517607,Month-to-month,32,71.15,No
CUST00461,0.4491374070998341,One year,5,29.56,No
CUST00462,0.5821825707935535,One year,1,56.69,Yes
CUST00463,0.21934909378242096,One year,7,49.69,No
CUST00464,0.20661112593812575,Two year,6,53.46,No
CUST00465,0.5490366184714707,Month-to-month,14,32.4,Yes
CUST00466,0.5058466274884801,Month-to-month,30,93.16,No
CUST00467,0.2357022513695695,Two year,39,105.05,No
CUST00468,0.5413600326984591,Month-to-month,37,89.45,No
CUST00469,0.3580863087291729,Two year,8,96.76,No
CUST00470,0.39653705899932445,Month-to-month,23,56.38,No
CUST00471,0.30029469553331056,Two year,7,49.09,No
CUST00472,0.6952625175506012,Month-to-month,1,45.54,Yes
CUST00473,0.2821277013534004,Two year,24,81.1,No
CUST00474,0.599359229884247,Month-to-month,0,70.68,No
CUST00475,0.28210420066442565,Two year,10,63.07,No
CUST00476,0.43347885377097634,Month-to-month,7,97.38,No
CUST00477,0.30313174477521226,One year,23,75.12,No
CUST00478,0.38942607340629887,Two year,29,44.03,Yes
CUST00479,0.4860751258738464,Month-to-month,7,47.98,No
CUST00480,0.4025680471688361,One year,33,82.05,No
CUST00481,0.5936788977338003,One year,6,91.04,Yes
CUST00482,0.41442839961892597,Month-to-month,11,78.79,No
CUST00483,0.4149594104003305,One year,25,112.42,No
CUST00484,0.44007824186382727,One year,23,105.88,No
CUST00485,0.25272735666680274,Two year,72,76.03,No
CUST00486,0.6274243025343962,Month-to-month,5,44.04,No
CUST00487,0.4289746667480987,Month-to-month,21,32.25,No
CUST00488,0.4155945135851433,Two year,18,55.32,No
CUST00489,0.24871327691115344,Two year,49,83.83,No
CUST00490,0.703742224491929,Month-to-month,3,110.67,Yes
CUST00491,0.3361629332038867,One year,27,75.44,No
CUST00492,0.5735424164270035,Month-to-month,16,94.22,No
CUST00493,0.472618371769266,Month-to-month,6,58.87,Yes
CUST00494,0.3802053201644496,Month-to-month,12,80.57,No
CUST00495,0.3969774469653107,Month-to-month,8,85.58,No
CUST00496,0.25110718048296177,One year,17,18.0,No
CUST00497,0.4748301842606798,Month-to-month,43,54.66,Yes
CUST00498,0.37067274508753806,Two year,16,88.74,No
CUST00499,0.3615078164051896,Two year,19,71.86,No
CUST00500,0.18912466784981496,One year,14,35.09,No
CUST00501,0.6771708123927282,Month-to-month,1,18.0,Yes
CUST00502,0.6405530493827508,Month-to-month,5,55.86,No
CUST00503,0.24447852366022668,Two year,13,63.21,No
CUST00504,0.26968097612692576,One year,7,42.9,No
CUST00505,0.6614793411635529,Month-to-month,4,68.58,No
CUST00506,0.2616523990402865,Two year,14,77.66,No
CUST00507,0.32172868130738186,Two year,7,81.77,No
CUST00508,0.38105934247156376,Two year,5,18.0,No
CUST00509,0.2408393913558016,One year,12,32.14,No
CUST00510,0.405272078955769,One year,2,57.38,No
CUST00511,0.5812127982742357,Month-to-month,52,79.3,Yes
CUST00512,0.22047867149739775,Two year,40,77.23,No
CUST00513,0.3325510985682353,Two year,24,76.8,No
CUST00514,0.5932465724052947,Month-to-month,2,55.41,Yes
CUST00515,0.4330960508345524,Month-to-month,29,56.81,Yes
CUST00516,0.4998072661985541,Month-to-month,33,46.79,No
CUST00517,0.27929532314787453,Two year,29,84.2,Yes
CUST00518,0.5515034481527195,Two year,2,41.99,No
CUST00519,0.5403653705817062,Month-to-month,20,86.25,No
CUST00520,0.4098694833290898,One year,35,70.2,Yes
CUST00521,0.5353976405728796,Month-to-month,17,63.87,Yes
CUST00522,0.18160631221646995,Two year,20,48.58,No
CUST00523,0.41009558656250206,Two year,12,31.11,No
CUST00524,0.3465073787575196,Two year,15,48.81,Yes
CUST00525,0.537341857504477,Month-to-month,0,56.75,No
CUST00526,0.3590878506050489,Month-to-month,20,18.0,No
CUST00527,0.6518621777412404,Month-to-month,1,60.07,Yes
CUST00528,0.5767996492218755,Month-to-month,11,88.11,No
CUST00529,0.2938551055611227,Two year,6,79.18,No
CUST00530,0.37965837706029487,Two year,15,52.59,No
CUST00531,0.4704121733872546,Two year,2,66.17,No
CUST00532,0.17531087161028697,Two year,23,51.1,No
CUST00533,0.3423286444592093,One year,31,68.72,No
CUST00534,0.4527533376553348,One year,3,103.5,No
CUST00535,0.6498524121731236,Two year,2,89.21,Yes
CUST00536,0.4566094025522874,Two year,3,78.02,No
CUST00537,0.40658572213668726,Month-to-month,41,52.68,Yes
CUST00538,0.6542620724466852,Month-to-month,15,83.75,Yes
CUST00539,0.4313605118609756,Month-to-month,12,22.83,No
CUST00540,0.579264512227336,Two year,2,58.69,Yes
CUST00541,0.4360594890774291,One year,20,79.59,No
CUST00542,0.43825192924674705,Month-to-month,40,83.51,No
CUST00543,0.4846315119655999,One year,35,81.75,Yes
CUST00544,0.2696387364823923,One year,19,72.37,No
CUST00545,0.6843639999518057,Month-to-month,1,60.11,Yes
CUST00546,0.6868445451122455,Month-to-month,2,78.45,Yes
CUST00547,0.2881266867285661,One year,1,41.18,No
CUST00548,0.6572183986817011,Month-to-month,5,43.88,Yes
CUST00549,0.3848183154917502,One year,2,66.54,Yes
CUST00550,0.5153482873018116,Month-to-month,6,69.33,Yes
CUST00551,0.21578412391079943,Two year,9,19.36,No
CUST00552,0.32680725688837037,One year,57,76.38,No
CUST00553,0.4204990120399688,One year,18,84.32,No
CUST00554,0.2933743058569947,Two year,36,63.07,No
CUST00555,0.63408464618054,Month-to-month,24,120.0,No
CUST00556,0.5977939874967799,Month-to-month,2,47.93,No
CUST00557,0.48264292482690085,Month-to-month,26,55.97,No
CUST00558,0.3270457447077106,One year,6,55.12,No
CUST00559,0.33282885437081283,One year,20,63.1,Yes
CUST00560,0.3054601494645933,One year,8,56.78,No
CUST00561,0.3933053141445194,Month-to-month,72,29.83,No
CUST00562,0.5552063413146346,Month-to-month,6,51.34,No
CUST00563,0.4968366288868999,Month-to-month,6,62.56,No
CUST00564,0.45862352756338576,Month-to-month,53,95.71,No
CUST00565,0.6596655718547535,One year,0,120.0,Yes
CUST00566,0.5571567515499166,Month-to-month,23,98.39,Yes
CUST00567,0.5779452609058953,Month-to-month,25,45.62,Yes
CUST00568,0.21389710339631057,Two year,36,47.6,No
CUST00569,0.5634784236615311,Month-to-month,72,61.02,Yes
CUST00570,0.27251592956601456,Month-to-month,72,109.61,No
CUST00571,0.5351642875957188,One year,1,60.86,Yes
CUST00572,0.501051020053006,Month-to-month,34,31.81,Yes
CUST00573,0.35047215003307053,One year,20,52.47,No
CUST00574,0.28419854826350194,Two year,20,83.93,No
CUST00575,0.4781539248850363,Two year,2,82.25,No
CUST00576,0.4211571775244501,Month-to-month,21,59.99,No
CUST00577,0.3114453907033946,Two year,72,82.09,No
CUST00578,0.3382629445222187,Month-to-month,48,18.0,No
CUST00579,0.4130213455098422,Month-to-month,11,67.6,No
CUST00580,0.5191861877552465,Month-to-month,0,86.52,Yes
CUST00581,0.3941871328412585,Two year,8,44.18,Yes
CUST00582,0.5125973499286927,Month-to-month,35,44.09,No
CUST00583,0.375442768640877,Month-to-month,24,18.34,No
CUST00584,0.5680833794319844,One year,12,104.75,No
CUST00585,0.6279367093542038,Month-to-month,1,47.0,No
CUST00586,0.37281038511287706,Month-to-month,11,71.03,No
CUST00587,0.5457170978499165,Month-to-month,12,80.1,Yes
CUST00588,0.4244717492267441,Month-to-month,52,102.8,No
CUST00589,0.4315967333504862,Month-to-month,20,61.15,No
CUST00590,0.4730824329608718,Month-to-month,7,51.51,No
CUST00591,0.4179451684965743,One year,14,69.33,Yes
CUST00592,0.677632364429056,Month-to-month,1,97.1,Yes
CUST00593,0.276106576697657,Month-to-month,71,60.75,No
CUST00594,0.3771508758215235,Two year,8,41.13,No
CUST00595,0.5313620557635407,Month-to-month,12,26.48,Yes
CUST00596,0.3288944299540446,One year,8,34.47,No
CUST00597,0.4721776534541485,Month-to-month,22,86.61,No
CUST00598,0.4970321353294491,Month-to-month,21,56.98,Yes
CUST00599,0.5646581719838598,Month-to-month,25,49.81,Yes
CUST00600,0.5756046556637743,Month-to-month,6,47.1,Yes
CUST00601,0.45697006707786797,Month-to-month,7,67.13,No
CUST00602,0.6600470722330957,Month-to-month,2,59.01,Yes
CUST00603,0.4195893753345641,Month-to-month,21,58.17,Yes
CUST00604,0.4380803950337752,Month-to-month,0,98.73,No
CUST00605,0.5348072784380987,Month-to-month,18,103.45,No
CUST00606,0.32113699995160716,Month-to-month,40,24.75,No
CUST00607,0.4016549723011175,Month-to-month,44,73.19,No
CUST00608,0.551441427803403,Month-to-month,11,45.58,No
CUST00609,0.2839818469593203,One year,12,58.79,No
CUST00610,0.6640017413500934,Month-to-month,1,72.73,Yes
CUST00611,0.5095963872653358,One year,22,59.68,Yes
CUST00612,0.3806940687964756,One year,34,70.76,No
CUST00613,0.6396694585158889,Month-to-month,5,81.82,Yes
CUST00614,0.32046092039882834,Two year,10,72.36,No
CUST00615,0.2774222241997174,Two year,36,48.83,No
CUST00616,0.5421916472003765,Month-to-month,41,49.27,No
CUST00617,0.49539997255249824,Month-to-month,5,29.01,No
CUST00618,0.1824319002555546,Two year,15,43.65,No
CUST00619,0.46237898262596333,One year,4,114.05,Yes
CUST00620,0.5693850942318162,Month-to-month,2,45.2,No
CUST00621,0.37221886558490924,Month-to-month,48,35.17,No
CUST00622,0.45395050285598293,Month-to-month,34,73.0,No
CUST00623,0.4312595199930477,Month-to-month,28,62.24,No
CUST00624,0.36695932056338415,One year,0,60.11,No
CUST00625,0.7044049691698174,Month-to-month,37,100.23,Yes
CUST00626,0.3979426428653607,Month-to-month,11,78.73,No
CUST00627,0.20006227086162912,One year,8,51.75,No
CUST00628,0.45027946192803775,Month-to-month,15,54.39,Yes
CUST00629,0.6502145074851033,Month-to-month,1,52.44,Yes
CUST00630,0.38524072540095183,One year,28,86.87,No
CUST00631,0.3468881894297586,Two year,17,57.3,Yes
CUST00632,0.4624807700812978,Month-to-month,4,20.17,No
CUST00633,0.7225680898022762,Month-to-month,4,63.79,Yes
CUST00634,0.5250689754152111,Month-to-month,4,26.57,No
CUST00635,0.6575108795702077,Month-to-month,1,119.61,Yes
CUST00636,0.3951805692209618,Month-to-month,17,40.86,No
CUST00637,0.34791564517929247,Month-to-month,36,60.95,No
CUST00638,0.5134827633554391,Month-to-month,0,71.46,No
CUST00639,0.6088928559759859,Month-to-month,1,57.78,No
CUST00640,0.49880801667772295,Month-to-month,17,57.75,Yes
CUST00641,0.45260596103942285,Month-to-month,34,75.55,No
CUST00642,0.5393354725012428,Month-to-month,7,103.16,No
CUST00643,0.40495244762956323,Month-to-month,8,84.19,No
CUST00644,0.5500427469138941,Month-to-month,18,101.96,Yes
CUST00645,0.40811136408582693,Two year,6,38.83,No
CUST00646,0.40073117907463585,One year,0,72.93,No
CUST00647,0.2174273684071691,One year,26,68.88,No
CUST00648,0.35541088479437255,One year,19,73.78,Yes
CUST00649,0.6267548792587644,Month-to-month,17,99.41,Yes
CUST00650,0.4202663587158541,Month-to-month,27,59.48,No
CUST00651,0.4662597131386629,Month-to-month,22,54.86,No
CUST00652,0.3718875955307459,One year,4,78.35,No
CUST00653,0.2716679051472049,One year,8,20.54,No
CUST00654,0.7068491067392195,Month-to-month,2,59.08,Yes
CUST00655,0.6646959955478671,Month-to-month,2,61.65,No
CUST00656,0.58958322504126,Month-to-month,22,41.99,No
CUST00657,0.5606233454029153,Month-to-month,39,91.43,Yes
CUST00658,0.2370657815129425,One year,65,38.44,No
CUST00659,0.24211927372864442,One year,19,61.6,No
CUST00660,0.5690414382086508,Month-to-month,4,72.33,No
CUST00661,0.306147623534712,Two year,2,98.84,No
CUST00662,0.33321929056948685,One year,33,64.74,No
CUST00663,0.6435820804471861,Month-to-month,17,88.4,Yes
CUST00664,0.5331810195627571,Month-to-month,19,82.51,Yes
CUST00665,0.454979180107552,Month-to-month,30,68.09,Yes
CUST00666,0.4746704463702692,Month-to-month,24,37.76,Yes
CUST00667,0.3631913716849984,Month-to-month,35,29.14,No
CUST00668,0.6316245241558648,Month-to-month,1,67.66,Yes
CUST00669,0.5221286848275267,Month-to-month,27,51.43,Yes
CUST00670,0.3965706573333281,Month-to-month,38,87.98,No
CUST00671,0.5040945977109808,Two year,6,83.65,Yes
CUST00672,0.4332315971056906,Month-to-month,20,60.38,Yes
CUST00673,0.49619700709430853,Month-to-month,7,36.06,Yes
CUST00674,0.3291766339418503,Month-to-month,63,77.77,No
CUST00675,0.28923742352657106,Two year,0,39.55,No
CUST00676,0.411360006753851,Month-to-month,17,46.04,Yes
CUST00677,0.7000817073195692,Month-to-month,3,40.51,Yes
CUST00678,0.4756526445123428,Two year,24,61.54,Yes
CUST00679,0.6969785707041843,Two year,3,94.25,Yes
CUST00680,0.5039403964750732,Two year,5,64.87,Yes
CUST00681,0.4197216246850568,Month-to-month,13,53.92,No
CUST00682,0.270688001674252,Month-to-month,49,26.86,No
CUST00683,0.5755178646191631,One year,4,78.8,Yes
CUST00684,0.4983536108589409,Two year,3,45.49,No
CUST00685,0.2818175511409001,One year,28,67.94,No
CUST00686,0.33092001078713595,One year,13,56.14,No
CUST00687,0.4965062964562841,Month-to-month,48,85.95,No
CUST00688,0.5199002725927709,One year,3,61.07,No
CUST00689,0.432912180801906,Month-to-month,20,63.53,Yes
CUST00690,0.5992790207231742,Month-to-month,5,77.14,No
CUST00691,0.6043379253007545,Month-to-month,3,117.67,No
CUST00692,0.4872854296217017,Month-to-month,23,87.21,Yes
CUST00693,0.4245020932747627,Month-to-month,18,62.78,No
CUST00694,0.5364750675661796,Month-to-month,28,65.08,Yes
CUST00695,0.26779247978988535,One year,7,51.88,No
CUST00696,0.3713499649822397,Month-to-month,11,41.25,No
CUST00697,0.49314088656476357,One year,10,51.18,No
CUST00698,0.3066479325208277,Month-to-month,72,45.7,No
CUST00699,0.5993108440846785,Month-to-month,6,81.33,Yes
CUST00700,0.4667716111314793,Month-to-month,6,38.22,No
CUST00701,0.6450870398430186,Month-to-month,8,98.33,No
CUST00702,0.5429638098345781,Month-to-month,16,83.8,Yes
CUST00703,0.6379979384349751,Month-to-month,5,65.51,Yes
CUST00704,0.5467163327499374,Month-to-month,49,65.01,Yes
CUST00705,0.47030600633746367,Two year,6,51.07,No
CUST00706,0.4512714667963625,Month-to-month,45,71.75,No
CUST00707,0.48515917735770886,Two year,2,92.2,No
CUST00708,0.40938562672203455,Month-to-month,21,47.42,No
CUST00709,0.21294526837795882,One year,47,26.67,No
CUST00710,0.37813920199535056,One year,3,82.58,No
CUST00711,0.23401014645822577,One year,69,73.11,No
CUST00712,0.3744676956379849,Month-to-month,12,37.0,No
CUST00713,0.3648611834992931,Month-to-month,58,46.67,No
CUST00714,0.3708540015658525,Month-to-month,22,43.52,Yes
CUST00715,0.36794193660406177,Two year,7,46.89,No
CUST00716,0.6525289266500726,Two year,4,56.91,Yes
CUST00717,0.29049872000438975,Two year,7,58.34,Yes
CUST00718,0.6033302189860859,Month-to-month,1,48.73,No
CUST00719,0.31346614821832913,One year,3,46.05,No
CUST00720,0.364731756723349,Two year,2,59.28,No
CUST00721,0.48687261696636525,Month-to-month,10,69.19,Yes
CUST00722,0.343325746102705,Month-to-month,31,57.09,No
CUST00723,0.48971324315897524,One year,3,93.97,No
CUST00724,0.4969618800346787,One year,2,77.7,No
CUST00725,0.3872870413443676,Two year,20,25.23,No
CUST00726,0.6814563057445863,Month-to-month,4,78.09,Yes
CUST00727,0.6932096952818816,One year,2,80.14,Yes
CUST00728,0.6489898425214207,Month-to-month,3,54.13,No
CUST00729,0.31942812280309135,Month-to-month,51,27.62,No
CUST00730,0.4681881318176265,Month-to-month,34,65.2,No
CUST00731,0.5012402755116809,Two year,8,64.81,Yes
CUST00732,0.3980975433866378,One year,21,36.96,No
CUST00733,0.5078928587329885,Month-to-month,15,28.72,Yes
CUST00734,0.5685175341851276,Month-to-month,22,62.81,No
CUST00735,0.275227826594341,Two year,22,59.17,No
CUST00736,0.5650699991352265,Month-to-month,19,54.57,Yes
CUST00737,0.2543669075473267,Two year,6,62.91,No
CUST00738,0.6907310309332714,Month-to-month,0,37.43,Yes
CUST00739,0.4624080656486502,Month-to-month,12,54.13,No
CUST00740,0.44784094273057085,Month-to-month,44,78.33,Yes
CUST00741,0.5853010206665845,Month-to-month,16,56.25,Yes
CUST00742,0.46624021571929936,One year,35,23.2,Yes
CUST00743,0.33750206532419086,Month-to-month,72,53.18,No
CUST00744,0.7416172724100741,Month-to-month,3,38.25,Yes
CUST00745,0.31586251985536007,Two year,23,71.68,No
CUST00746,0.49313288635111235,Month-to-month,22,72.97,Yes
CUST00747,0.2761106326112488,Month-to-month,72,23.53,No
CUST00748,0.19002759094749153,Two year,72,83.98,No
CUST00749,0.5026435667907889,One year,23,37.2,Yes
CUST00750,0.5780270177744806,Month-to-month,5,103.98,No
CUST00751,0.27140418999718374,Two year,32,63.78,No
CUST00752,0.629690078926344,One year,2,33.84,Yes
CUST00753,0.5736761438861304,Month-to-month,30,36.45,Yes
CUST00754,0.34102760924634146,Month-to-month,48,73.7,No
CUST00755,0.43248285486735627,One year,9,55.22,Yes
CUST00756,0.34261494236553075,One year,19,62.58,No
CUST00757,0.6380342288338124,Month-to-month,11,105.32,Yes
CUST00758,0.35103817432051976,Two year,11,47.52,No
CUST00759,0.4457160765310056,One year,7,66.5,No
CUST00760,0.5776313418488249,Month-to-month,28,100.5,Yes
CUST00761,0.24129335545332584,Month-to-month,55,71.76,No
CUST00762,0.31653974087167713,Month-to-month,56,24.83,No
CUST00763,0.4752252408294087,One year,3,77.63,No
CUST00764,0.40021911130664106,Month-to-month,41,35.92,No
CUST00765,0.3503432785756022,One year,26,100.17,No
CUST00766,0.4942875900194547,One year,5,44.43,No
CUST00767,0.3536403525923892,Two year,1,120.0,No
CUST00768,0.7116884206881458,Month-to-month,6,101.68,Yes
CUST00769,0.3896381457484354,Two year,48,45.08,No
CUST00770,0.48161647763729915,Month-to-month,20,65.5,Yes
CUST00771,0.3102717989640345,Two year,25,83.84,No
CUST00772,0.45590970756500426,Month-to-month,5,84.59,No
CUST00773,0.4874869054805111,Month-to-month,25,76.06,No
CUST00774,0.5173154157902574,One year,0,96.3,No
CUST00775,0.46071784086735057,Month-to-month,9,61.93,Yes
CUST00776,0.46382094136240276,Month-to-month,19,55.83,No
CUST00777,0.505586144096889,One year,3,56.33,No
CUST00778,0.4643608169074635,One year,34,86.46,No
CUST00779,0.2609554324962272,One year,5,74.13,No
CUST00780,0.2761635218176346,One year,21,72.28,No
CUST00781,0.5120102879447436,Month-to-month,10,84.88,No
CUST00782,0.39241370609172366,Month-to-month,18,18.0,No
CUST00783,0.6301361250783758,Month-to-month,2,72.75,Yes
CUST00784,0.4167715152508519,Month-to-month,0,70.46,No
CUST00785,0.2864297357629158,Two year,48,106.72,No
CUST00786,0.24533316827065743,One year,6,26.79,No
CUST00787,0.465073429149969,Month-to-month,34,103.93,No
CUST00788,0.37365357866933996,Month-to-month,72,66.89,No
CUST00789,0.24081717197489735,Two year,4,77.22,No
CUST00790,0.5128377601824277,Month-to-month,6,106.9,No
CUST00791,0.2626519858513814,One year,21,79.02,No
CUST00792,0.22743906499697863,Month-to-month,67,75.01,No
CUST00793,0.3017551171672408,One year,49,71.06,No
CUST00794,0.42987720263675816,Month-to-month,13,52.91,Yes
CUST00795,0.2682737655553343,Two year,31,64.29,No
CUST00796,0.4096623916683638,Two year,2,47.11,No
CUST00797,0.17737628829438054,One year,72,63.89,No
CUST00798,0.3798258382405122,One year,66,18.0,No
CUST00799,0.532956898332166,Two year,3,75.73,Yes
CUST00800,0.46749235343514534,One year,7,61.96,Yes
CUST00801,0.6540713718606839,Month-to-month,2,56.59,Yes
CUST00802,0.3502681163432225,One year,6,70.49,No
CUST00803,0.271093276926485,One year,33,29.16,No
CUST00804,0.536779970778648,Month-to-month,9,113.23,No
CUST00805,0.3718705752448439,One year,1,62.43,No
CUST00806,0.2400536296468746,Two year,8,61.35,No
CUST00807,0.38870548256053766,Two year,72,40.87,Yes
CUST00808,0.5929939269125337,Month-to-month,19,65.6,No
CUST00809,0.6263697514588186,Month-to-month,10,99.67,No
CUST00810,0.4108031080614514,Two year,3,90.9,No
CUST00811,0.6070114300473791,Two year,72,86.36,Yes
CUST00812,0.40133645664934425,Month-to-month,34,78.66,No
CUST00813,0.2600759171810523,Two year,6,56.04,No
CUST00814,0.4516663101662418,Two year,1,28.75,No
CUST00815,0.5308426859867206,Month-to-month,1,59.97,No
CUST00816,0.39198291409191854,One year,2,59.1,No
CUST00817,0.4562759727436078,Month-to-month,17,91.22,No
CUST00818,0.33839961343967007,Month-to-month,52,72.73,No
CUST00819,0.5022924982851805,Month-to-month,13,105.31,No
CUST00820,0.2934206542836395,Two year,37,94.94,No
CUST00821,0.42729670778248297,Month-to-month,11,53.59,No
CUST00822,0.38358047949780044,Month-to-month,24,20.12,No
CUST00823,0.5074784827513255,Month-to-month,26,99.64,No
CUST00824,0.724933064154623,Month-to-month,3,98.98,Yes
CUST00825,0.49618321196515425,Two year,8,30.84,Yes
CUST00826,0.5761307699335655,Month-to-month,20,102.73,No
CUST00827,0.5872304269983225,Month-to-month,1,74.55,No
CUST00828,0.4834008811271399,One year,8,69.02,Yes
CUST00829,0.608662637674549,Month-to-month,15,105.37,Yes
CUST00830,0.2741953045263265,Month-to-month,72,98.62,No
CUST00831,0.5081619810991077,Month-to-month,12,81.28,No
CUST00832,0.5791756613771358,Month-to-month,33,76.83,Yes
CUST00833,0.5133434176192572,Month-to-month,11,80.41,No
CUST00834,0.6092587220832489,Month-to-month,31,55.0,Yes
CUST00835,0.43191795818639095,Month-to-month,18,63.62,Yes
CUST00836,0.2769390705842616,Two year,43,42.44,No
CUST00837,0.4741140222619886,Month-to-month,10,56.67,No
CUST00838,0.33505953498341656,One year,18,55.83,No
CUST00839,0.43109475803157193,One year,19,49.12,No
CUST00840,0.42372505622530665,Month-to-month,10,68.42,No
CUST00841,0.434035007440452,One year,3,56.9,No
CUST00842,0.7077135590871731,Month-to-month,1,77.56,Yes
CUST00843,0.6993092839459244,Two year,0,24.44,Yes
CUST00844,0.5440467751477724,Month-to-month,41,62.17,No
CUST00845,0.6267086311215594,Month-to-month,5,68.29,Yes
CUST00846,0.7201794973305273,Month-to-month,4,57.23,Yes
CUST00847,0.22719587065043437,Two year,26,60.69,No
CUST00848,0.46765487331001176,Month-to-month,7,25.37,No
CUST00849,0.32754860244862927,One year,14,73.91,No
CUST00850,0.6887203185451958,Month-to-month,3,81.19,No
CUST00851,0.46229057364928283,One year,64,77.34,Yes
CUST00852,0.6216351377829832,Month-to-month,38,90.97,No
CUST00853,0.29870564298432856,Two year,39,70.04,No
CUST00854,0.47774710525631225,Month-to-month,10,76.97,No
CUST00855,0.4804013857317907,Month-to-month,28,68.9,No
CUST00856,0.6812819001853084,Month-to-month,3,82.19,Yes
CUST00857,0.47834566016976815,Month-to-month,0,25.57,No
CUST00858,0.326708760955848,One year,0,42.66,No
CUST00859,0.5860939718910493,Month-to-month,17,104.67,No
CUST00860,0.20258335740292766,One year,12,18.0,No
CUST00861,0.4991791196334553,Month-to-month,14,61.5,Yes
CUST00862,0.45483956222763555,Month-to-month,0,94.31,Yes
CUST00863,0.47969627906929374,Month-to-month,10,62.67,Yes
CUST00864,0.541567169016788,Month-to-month,25,54.87,No
CUST00865,0.30809620208031097,One year,11,68.24,No
CUST00866,0.516694700993926,Month-to-month,26,56.17,No
CUST00867,0.6789555627962638,Month-to-month,5,65.77,Yes
CUST00868,0.259739811200295,Two year,33,47.92,No
CUST00869,0.33316799057932733,Two year,17,92.72,No
CUST00870,0.6904530631003125,Month-to-month,4,100.58,Yes
CUST00871,0.6701067266803159,Month-to-month,5,61.67,Yes
CUST00872,0.33634652846788754,One year,19,30.34,No
CUST00873,0.5713619252048666,Month-to-month,35,51.9,Yes
CUST00874,0.4048624136073411,Month-to-month,10,60.4,No
CUST00875,0.6553404246822183,Month-to-month,5,77.64,Yes
CUST00876,0.3181029535956277,One year,40,39.8,No
CUST00877,0.45889717210272635,One year,22,45.77,No
CUST00878,0.453952380818747,Month-to-month,11,77.77,No
CUST00879,0.5478597114389603,Month-to-month,13,88.47,No
CUST00880,0.6479208654927562,Month-to-month,4,49.46,No
CUST00881,0.33185338934013936,One year,19,31.67,No
CUST00882,0.5413467177752121,Month-to-month,8,120.0,Yes
CUST00883,0.4319839207707059,Month-to-month,72,84.58,No
CUST00884,0.38992668017513554,One year,13,58.32,No
CUST00885,0.5403758321676636,Month-to-month,13,86.73,No
CUST00886,0.3614564927162439,One year,16,61.89,No
CUST00887,0.47803128939052725,Month-to-month,49,86.68,No
CUST00888,0.42179583013792477,Month-to-month,32,68.98,No
CUST00889,0.3397150398101958,Month-to-month,11,67.28,No
CUST00890,0.4576095973604378,One year,25,62.16,No
CUST00891,0.25059461890351487,Two year,17,28.82,No
CUST00892,0.2773678186088143,Two year,13,113.45,No
CUST00893,0.6898942533067963,Month-to-month,4,41.46,Yes
CUST00894,0.3895497516425852,One year,12,31.0,No
CUST00895,0.5419191707389838,Month-to-month,5,59.68,No
CUST00896,0.3780235717856554,Month-to-month,49,40.96,Yes
CUST00897,0.23487857903331155,Two year,8,63.71,No
CUST00898,0.31532460331635037,Month-to-month,60,82.19,No
CUST00899,0.5430148745068698,Month-to-month,15,89.88,Yes
CUST00900,0.43049805191686086,Month-to-month,19,85.37,No
CUST00901,0.5944766151093779,Month-to-month,15,57.36,No
CUST00902,0.6462402604034422,Month-to-month,2,66.24,No
CUST00903,0.2702163630279654,One year,9,75.2,No
CUST00904,0.6835096351012591,Month-to-month,2,21.06,Yes
CUST00905,0.2618955642453764,Two year,19,79.26,No
CUST00906,0.25479132351772277,Two year,11,28.57,No
CUST00907,0.573354968481264,Month-to-month,30,116.01,Yes
CUST00908,0.740073925666421,Month-to-month,4,54.89,Yes
CUST00909,0.6793120582158404,Month-to-month,3,60.38,Yes
CUST00910,0.4164214248375265,One year,10,45.76,Yes
CUST00911,0.36607903358789257,Month-to-month,52,49.25,No
CUST00912,0.5083047560064281,One year,24,120.0,Yes
CUST00913,0.5216516359049591,Month-to-month,10,88.51,Yes
CUST00914,0.4251539242145075,One year,14,26.27,Yes
CUST00915,0.5573985943216645,Month-to-month,1,102.61,No
CUST00916,0.25958692970116304,Month-to-month,72,94.83,No
CUST00917,0.25431007774517733,Two year,21,57.97,No
CUST00918,0.5039016483804013,One year,6,72.67,Yes
CUST00919,0.42394820275305883,Month-to-month,17,64.63,No
CUST00920,0.6226297641821008,Two year,2,114.31,Yes
CUST00921,0.2790309475423949,Month-to-month,67,45.09,No
CUST00922,0.45389989102539885,Two year,3,68.65,No
CUST00923,0.22689533665191622,One year,20,54.3,No
CUST00924,0.7212096801054131,Month-to-month,5,29.17,Yes
CUST00925,0.5302153962827717,Month-to-month,25,119.79,No
CUST00926,0.5376138530155994,Month-to-month,29,35.46,Yes
CUST00927,0.5764252019556649,Month-to-month,22,70.5,Yes
CUST00928,0.2996408055041777,One year,19,21.48,No
CUST00929,0.40220537462745354,Month-to-month,44,55.02,Yes
CUST00930,0.7176962203405474,Month-to-month,1,75.55,Yes
CUST00931,0.28972055053883417,Two year,8,44.38,No
CUST00932,0.3324943665406233,Two year,5,79.67,No
CUST00933,0.4246955069946455,Month-to-month,72,58.27,No
CUST00934,0.489103885897944,Month-to-month,9,94.0,No
CUST00935,0.53939810666121,Month-to-month,26,99.04,No
CUST00936,0.4724320159546103,Month-to-month,23,50.33,No
CUST00937,0.47441101525542834,Two year,4,66.92,No
CUST00938,0.6181913634090965,Month-to-month,5,69.59,No
CUST00939,0.4739260438168935,One year,6,80.48,No
CUST00940,0.4309431702680343,Month-to-month,10,65.36,No
CUST00941,0.3394789784920656,One year,5,69.76,No
CUST00942,0.4178652783696483,One year,0,58.91,No
CUST00943,0.2621024054514098,Two year,42,67.88,No
CUST00944,0.4186451237381173,Month-to-month,67,97.45,No
CUST00945,0.525410245008218,Month-to-month,8,81.15,Yes
CUST00946,0.45345023574602084,Month-to-month,8,82.53,No
CUST00947,0.4342501742174752,Two year,0,83.08,No
CUST00948,0.2621573941046172,Two year,22,61.15,No
CUST00949,0.18462357482047007,One year,34,72.97,No
CUST00950,0.3503257976383188,One year,3,37.87,No
CUST00951,0.6710746197227117,One year,3,96.72,Yes
CUST00952,0.3516625869778967,Month-to-month,31,18.0,No
CUST00953,0.27742891560986915,Two year,19,62.82,No
CUST00954,0.7625561645573299,Month-to-month,0,93.52,Yes
CUST00955,0.3869855001208054,Month-to-month,19,30.9,No
CUST00956,0.46934973134714325,Month-to-month,7,74.99,No
CUST00957,0.41926072082555416,Month-to-month,9,47.98,No
CUST00958,0.45463931787665435,Month-to-month,29,55.78,Yes
CUST00959,0.3990820042939418,One year,33,88.65,No
CUST00960,0.5396618723040277,Month-to-month,10,69.95,Yes
CUST00961,0.1763821314177651,One year,58,18.0,No
CUST00962,0.49283949088208595,Month-to-month,10,40.59,No
CUST00963,0.6860937522391336,Month-to-month,29,89.38,Yes
CUST00964,0.4974288487098687,Month-to-month,13,76.22,Yes
CUST00965,0.34552147661969473,Month-to-month,45,108.7,No
CUST00966,0.31128761120419285,One year,47,107.07,No
CUST00967,0.5592799074840583,Month-to-month,1,56.44,No
CUST00968,0.26294713590161667,One year,55,120.0,No
CUST00969,0.5204921574542578,Month-to-month,34,65.61,Yes
CUST00970,0.39915792597123856,One year,31,40.93,No
CUST00971,0.3055210582725598,Two year,4,49.16,No
CUST00972,0.1390509062339397,One year,32,18.0,No
CUST00973,0.6011085761479565,Month-to-month,37,105.18,Yes
CUST00974,0.5568386819714777,Month-to-month,6,104.87,Yes
CUST00975,0.42112675665306165,Month-to-month,60,39.61,No
CUST00976,0.6154229147591059,One year,1,59.3,No
CUST00977,0.6359192667448057,Month-to-month,3,67.39,Yes
CUST00978,0.5831460308323393,Month-to-month,15,40.99,No
CUST00979,0.22278655467416855,One year,17,21.12,No
CUST00980,0.5460416445762221,Month-to-month,20,59.74,Yes
CUST00981,0.3892317368365527,One year,0,56.97,No
CUST00982,0.461408483174731,Month-to-month,64,55.29,No
CUST00983,0.4864086674461564,Month-to-month,0,70.57,No
CUST00984,0.42610729377672313,One year,3,100.74,No
CUST00985,0.48518660022044374,Month-to-month,0,57.42,No
CUST00986,0.3536827642636375,One year,16,69.26,Yes
CUST00987,0.5023301119364761,Month-to-month,53,83.17,No
CUST00988,0.4656514121963236,Month-to-month,21,78.85,Yes
CUST00989,0.43643442856499093,Two year,34,49.64,No
CUST00990,0.5555698811460761,One year,0,67.41,Yes
CUST00991,0.4318645073488671,One year,15,78.69,No
CUST00992,0.4451931582641923,Month-to-month,12,36.79,Yes
CUST00993,0.5629417620310346,One year,13,96.59,No
CUST00994,0.6196969302885865,Month-to-month,1,100.79,No
CUST00995,0.3770808009003705,Month-to-month,23,46.93,No
CUST00996,0.20276845751544603,Two year,13,69.84,No
CUST00997,0.3978867045849266,Month-to-month,28,81.06,Yes
CUST00998,0.22513964093998282,Two year,13,51.36,No
CUST00999,0.6544887133306757,Month-to-month,3,77.04,Yes
CUST01000,0.4505243328963293,Month-to-month,20,69.08,No
CUST01001,0.6642325329593288,Month-to-month,3,28.3,No
CUST01002,0.4899606228969904,Two year,41,76.48,No
CUST01003,0.3004229845046451,One year,18,37.5,No
CUST01004,0.4542981106203719,Two year,3,88.48,No
CUST01005,0.16166016593904461,One year,65,48.22,No
CUST01006,0.22354197374800538,One year,14,60.97,No
CUST01007,0.26873494095065864,Two year,1,99.31,No
CUST01008,0.4978250147859097,Month-to-month,19,77.41,Yes
CUST01009,0.6772607461872812,Month-to-month,5,38.01,Yes
CUST01010,0.5366031382703343,Month-to-month,32,39.63,Yes
CUST01011,0.28812187450065313,Two year,34,50.02,No
CUST01012,0.1525244879786084,Two year,72,74.87,No
CUST01013,0.3987120259424193,Month-to-month,13,73.96,No
CUST01014,0.4399476691336171,One year,12,43.92,No
CUST01015,0.26413834908760875,Two year,28,35.82,No
CUST01016,0.6485429738104278,Month-to-month,2,72.04,No
CUST01017,0.45398337644111597,One year,15,60.45,No
CUST01018,0.40385520637449523,Two year,15,118.93,No
CUST01019,0.6481058310233645,Month-to-month,1,65.92,Yes
CUST01020,0.5199459673720088,One year,10,110.36,No
CUST01021,0.46225019175673543,Month-to-month,38,35.74,Yes
CUST01022,0.3937722002186112,Two year,38,25.67,No
CUST01023,0.3470082080374332,Two year,2,37.0,No
CUST01024,0.4150063702910494,Two year,1,94.73,No
CUST01025,0.6419829455412672,Month-to-month,6,108.9,Yes
CUST01026,0.24269565672610616,Two year,41,45.45,No
CUST01027,0.3472206361554294,Two year,2,53.49,No
CUST01028,0.3981045637375578,Month-to-month,25,35.78,No
CUST01029,0.6723694789368794,Two year,2,19.71,Yes
CUST01030,0.4664121864552005,Month-to-month,19,82.96,Yes
CUST01031,0.2882067882263841,One year,8,70.58,No
CUST01032,0.6113650395653165,Month-to-month,31,65.26,No
CUST01033,0.6099320475804376,Month-to-month,5,30.0,No
CUST01034,0.46021373629078,Month-to-month,20,106.0,No
CUST01035,0.34877015416964724,One year,5,52.42,No
CUST01036,0.5800196335243936,Month-to-month,25,78.34,No
CUST01037,0.4908697728349161,One year,41,28.64,Yes
CUST01038,0.672165787601586,Month-to-month,2,60.24,Yes
CUST01039,0.4358257677987522,Month-to-month,40,72.28,No
CUST01040,0.5476046031446881,Month-to-month,18,73.18,No
CUST01041,0.48607480815237364,One year,2,68.87,No
CUST01042,0.46894854424366406,Month-to-month,11,77.36,Yes
CUST01043,0.4451300917398954,One year,3,36.74,No
CUST01044,0.3360634397406579,Two year,24,69.93,Yes
CUST01045,0.3363989184233624,One year,28,67.84,No
CUST01046,0.6876772236243944,Month-to-month,2,70.79,Yes
CUST01047,0.5690282117227281,Month-to-month,14,66.81,No
CUST01048,0.21988021315789208,Two year,33,33.17,No
CUST01049,0.34315009187118106,Month-to-month,55,32.06,No
CUST01050,0.23592442472867975,Two year,14,18.0,No
CUST01051,0.2837228558669002,Month-to-month,60,85.44,No
CUST01052,0.4135501102721761,Two year,15,85.69,No
CUST01053,0.31281973720011186,One year,10,86.09,No
CUST01054,0.18492055502407062,Two year,37,72.67,No
CUST01055,0.390200460436553,Month-to-month,13,18.0,No
CUST01056,0.41797066849549397,One year,12,39.33,No
CUST01057,0.4639652316117238,Month-to-month,13,69.26,No
CUST01058,0.45715745104058425,Month-to-month,37,68.39,No
CUST01059,0.3111959346524586,One year,35,59.43,No
CUST01060,0.3696386118752727,Two year,10,74.22,Yes
CUST01061,0.3599744491244587,Two year,8,65.29,No
CUST01062,0.13946133762447369,One year,13,68.02,No
CUST01063,0.42435188605601853,Month-to-month,17,49.02,Yes
CUST01064,0.7027282852831945,Month-to-month,5,89.55,No
CUST01065,0.3466565322587139,One year,31,54.23,No
CUST01066,0.40420569549506347,Month-to-month,13,31.73,No
CUST01067,0.4621339357321618,Month-to-month,8,45.73,No
CUST01068,0.6931669614243542,Month-to-month,2,56.29,Yes
CUST01069,0.6951407143603994,Month-to-month,5,89.85,Yes
CUST01070,0.5032517707930793,Month-to-month,59,63.94,No
CUST01071,0.412933838378498,Month-to-month,7,60.35,No
CUST01072,0.5366273122537405,Month-to-month,3,33.78,No
CUST01073,0.369882312165245,Month-to-month,12,84.64,No
CUST01074,0.5469093413512682,Two year,7,48.7,Yes
CUST01075,0.5240769136647563,Month-to-month,0,62.5,No
CUST01076,0.5749851121287834,Month-to-month,7,102.0,Yes
CUST01077,0.3813341913104063,One year,15,77.72,No
CUST01078,0.46921690730874976,Month-to-month,16,24.29,No
CUST01079,0.48131286416970964,Two year,8,20.76,Yes
CUST01080,0.26203637690788706,One year,11,63.39,No
CUST01081,0.28566476187827194,Month-to-month,67,34.68,No
CUST01082,0.5947312338012896,Month-to-month,9,81.21,Yes
CUST01083,0.33853675605896244,Two year,5,66.06,No
CUST01084,0.5280021319964076,Two year,5,69.13,Yes
CUST01085,0.4082823133028214,Month-to-month,12,47.33,No
CUST01086,0.5720877687867092,One year,28,108.53,Yes
CUST01087,0.5275227663104378,Month-to-month,4,120.0,No
CUST01088,0.4526265305067108,Two year,24,58.04,No
CUST01089,0.48787743688959834,Month-to-month,0,73.83,No
CUST01090,0.20899265350264978,Two year,10,67.44,No
CUST01091,0.36231505189468494,One year,29,58.51,No
CUST01092,0.31645455162290004,One year,8,44.2,No
CUST01093,0.4647372807603451,Month-to-month,16,37.88,No
CUST01094,0.6216352964669486,Month-to-month,4,36.61,Yes
CUST01095,0.4785985619170873,Month-to-month,27,75.13,No
CUST01096,0.5670287258206248,Month-to-month,1,52.01,No
CUST01097,0.5352404494752221,Month-to-month,38,18.0,Yes
CUST01098,0.36311036547420805,One year,4,76.12,No
CUST01099,0.4655757159872255,Month-to-month,41,64.04,Yes
CUST01100,0.5156665614548525,Month-to-month,8,98.67,No
CUST01101,0.2511866281417888,Two year,25,74.33,No
CUST01102,0.253473884776793,Two year,7,28.03,No
CUST01103,0.18016128654009858,Two year,47,18.0,No
CUST01104,0.4052099109041227,Two year,2,47.01,No
CUST01105,0.5852302321611501,Month-to-month,3,49.37,No
CUST01106,0.5548471178766536,Month-to-month,13,88.58,No
CUST01107,0.5418096481436645,One year,1,64.78,No
CUST01108,0.35310676728666024,One year,4,93.34,No
CUST01109,0.3210159902453633,Month-to-month,57,31.88,No
CUST01110,0.4958863372402015,Two year,72,89.13,Yes
CUST01111,0.5631522836834436,Month-to-month,9,83.02,No
CUST01112,0.2915237990191244,Month-to-month,51,18.0,No
CUST01113,0.5297004390299302,Month-to-month,15,98.07,No
CUST01114,0.49134462301869875,One year,6,67.34,No
CUST01115,0.4694461974421333,One year,24,74.8,No
CUST01116,0.38246647768672143,Month-to-month,21,43.38,No
CUST01117,0.3108924377725914,Two year,72,96.88,No
CUST01118,0.5687895316374929,Month-to-month,6,35.35,Yes
CUST01119,0.5657489668703862,Month-to-month,22,85.8,Yes
CUST01120,0.3013019179804943,Two year,1,85.52,No
CUST01121,0.3135221764413141,Two year,2,40.65,No
CUST01122,0.3706621180398505,Two year,0,114.58,No
CUST01123,0.5000987470556882,Two year,72,70.79,No
CUST01124,0.31366770911166725,One year,32,81.35,No
CUST01125,0.4353488860284883,One year,30,26.82,Yes
CUST01126,0.599345088655153,Month-to-month,14,117.94,Yes
CUST01127,0.5869028104845008,Month-to-month,7,34.39,Yes
CUST01128,0.6446995586928914,Month-to-month,3,90.62,No
CUST01129,0.3875399527669613,Month-to-month,6,40.13,No
CUST01130,0.4358216221728277,One year,9,49.53,No
CUST01131,0.5297803738584552,Month-to-month,28,84.72,Yes
CUST01132,0.5744763165618102,Month-to-month,15,90.69,Yes
CUST01133,0.6185434917715872,Month-to-month,1,33.22,No
CUST01134,0.5766095822950862,One year,0,92.26,No
CUST01135,0.576882420341394,Month-to-month,2,91.12,No
CUST01136,0.18977947045663845,Two year,10,41.55,No
CUST01137,0.37460330668442154,Month-to-month,54,104.97,No
CUST01138,0.4370124518279872,Month-to-month,20,28.58,No
CUST01139,0.3135353877334064,One year,32,49.38,No
CUST01140,0.35259307554597763,Two year,12,76.98,No
CUST01141,0.4913331149603423,Month-to-month,8,43.66,Yes
CUST01142,0.5009680648072973,One year,2,71.6,Yes
CUST01143,0.23983229707560685,One year,41,71.03,No
CUST01144,0.4407014510546186,Month-to-month,30,60.32,No
CUST01145,0.287075732408888,Two year,3,85.81,No
CUST01146,0.23052322129202907,One year,14,59.29,No
CUST01147,0.25475229340573124,One year,13,70.79,No
CUST01148,0.3755712799410944,Two year,19,93.66,No
CUST01149,0.18136228125021034,Two year,58,84.77,No
CUST01150,0.5134847465022578,One year,17,84.65,No
CUST01151,0.23801813692826848,Two year,15,36.27,No
CUST01152,0.3117526430319712,One year,1,78.12,No
CUST01153,0.3207747869754015,One year,1,43.04,No
CUST01154,0.40612052679520355,One year,4,32.96,No
CUST01155,0.40120470999534436,One year,0,63.21,No
CUST01156,0.3802497679059151,Month-to-month,27,42.39,No
CUST01157,0.3891943935263493,Two year,25,84.77,Yes
CUST01158,0.3087837445915662,Two year,2,85.36,No
CUST01159,0.3338189339246721,Month-to-month,36,18.0,No
CUST01160,0.3055948392907405,Two year,3,44.29,No
CUST01161,0.3592770682305925,Month-to-month,7,28.51,No
CUST01162,0.5250095632235436,Month-to-month,5,53.43,No
CUST01163,0.288809400945873,One year,9,76.38,No
CUST01164,0.5288163772459835,Month-to-month,5,58.94,No
CUST01165,0.2622762613496579,Two year,13,50.26,No
CUST01166,0.294181990109027,Two year,10,97.5,No
CUST01167,0.2876979576459914,Month-to-month,72,18.0,No
CUST01168,0.6127546672737878,Month-to-month,1,95.92,No
CUST01169,0.6317965597453047,Month-to-month,3,51.39,No
CUST01170,0.48487965890044554,One year,1,63.05,Yes
CUST01171,0.4100869026215264,Two year,19,51.82,No
CUST01172,0.3973393241629597,One year,1,103.57,No
CUST01173,0.615516096937908,Month-to-month,36,34.23,Yes
CUST01174,0.28508446752080363,One year,14,65.29,No
CUST01175,0.48907093060330403,Month-to-month,14,78.19,No
CUST01176,0.22758580881138205,One year,16,24.72,No
CUST01177,0.6305918507527071,Month-to-month,3,42.0,No
CUST01178,0.6510252456898238,One year,4,61.3,Yes
CUST01179,0.43959847859446666,Month-to-month,7,42.83,No
CUST01180,0.24006719937433868,Two year,18,44.61,Yes
CUST01181,0.6842035211492721,Month-to-month,4,56.25,No
CUST01182,0.5609595221498267,One year,2,81.24,No
CUST01183,0.19867817103364668,Two year,70,56.43,No
CUST01184,0.4910707481309492,Month-to-month,0,91.96,No
CUST01185,0.2770351486525646,Two year,32,40.06,No
CUST01186,0.16403503432919067,One year,31,33.7,No
CUST01187,0.5800455783917241,Month-to-month,7,113.16,No
CUST01188,0.7026323038628025,Month-to-month,2,48.55,Yes
CUST01189,0.5530597740478483,One year,3,32.23,Yes
CUST01190,0.384291683373011,Month-to-month,23,21.45,No
CUST01191,0.5236396111006969,One year,20,91.88,Yes
CUST01192,0.41101595382461864,Month-to-month,30,56.47,Yes
CUST01193,0.2130826808487526,One year,55,58.66,No
CUST01194,0.4258068113263112,Month-to-month,23,61.02,No
CUST01195,0.366925862759275,Two year,3,90.32,No
CUST01196,0.3667018196423922,Two year,5,60.51,No
CUST01197,0.3868783132867957,Two year,36,120.0,No
CUST01198,0.46346031219293365,One year,4,68.34,No
CUST01199,0.7340788578302866,Month-to-month,1,91.54,Yes
CUST01200,0.5133130748746204,One year,24,85.13,No
CUST01201,0.5038293485740659,Month-to-month,10,64.09,No
CUST01202,0.5354932356572955,Month-to-month,50,50.33,No
CUST01203,0.5317678013815854,Month-to-month,21,73.3,No
CUST01204,0.7038962346205148,Month-to-month,1,77.75,No
CUST01205,0.1624139555826671,One year,59,50.69,No
CUST01206,0.4533195762551198,One year,5,69.16,No
CUST01207,0.6115052826291567,Month-to-month,8,95.91,Yes
CUST01208,0.49945774170076684,Month-to-month,10,116.75,No
CUST01209,0.3250575806467626,Two year,1,86.36,No
CUST01210,0.40080761844387053,Month-to-month,13,111.57,No
CUST01211,0.712256336116445,Month-to-month,2,49.27,Yes
CUST01212,0.5231012773924113,Month-to-month,10,82.55,No
CUST01213,0.3157814447828449,One year,8,98.46,No
CUST01214,0.24349836145039216,One year,29,42.59,No
CUST01215,0.44997972649052814,Month-to-month,32,52.86,No
CUST01216,0.7041653392076955,Month-to-month,3,108.45,Yes
CUST01217,0.40639531579949306,One year,9,40.62,No
CUST01218,0.36929017553422155,One year,9,31.47,No
CUST01219,0.6440901466142449,Month-to-month,3,103.2,No
CUST01220,0.4589728624172751,Two year,32,94.92,No
CUST01221,0.5901976539991207,Month-to-month,24,75.8,Yes
CUST01222,0.7584837616581231,Month-to-month,4,63.86,Yes
CUST01223,0.2689287187732644,Two year,9,54.04,No
CUST01224,0.6353233256334577,Month-to-month,2,72.05,No
CUST01225,0.5646430961983121,One year,19,104.5,No
CUST01226,0.6989988869756045,Month-to-month,2,70.96,No
CUST01227,0.3954557935755151,Month-to-month,72,119.17,Yes
CUST01228,0.3497581610082224,Two year,30,42.55,Yes
CUST01229,0.5157905525256602,Month-to-month,9,64.51,No
CUST01230,0.2806164493939812,Two year,17,55.67,No
CUST01231,0.43713972241541144,Month-to-month,48,37.87,No
CUST01232,0.3818973534089238,Month-to-month,16,61.17,Yes
CUST01233,0.6924075077724027,Month-to-month,3,75.43,Yes
CUST01234,0.42558944592323233,One year,9,78.11,Yes
CUST01235,0.42693878457130824,Month-to-month,37,119.26,No
CUST01236,0.4070881341613338,Two year,20,76.61,Yes
CUST01237,0.4844748898519511,Month-to-month,21,93.75,No
CUST01238,0.3025693826017355,Two year,40,66.65,No
CUST01239,0.3066261965213173,Month-to-month,44,106.95,No
CUST01240,0.2796939280246455,Two year,50,120.0,No
CUST01241,0.6427593736109702,One year,1,78.28,Yes
CUST01242,0.3481645759953805,One year,15,40.18,No
CUST01243,0.3374374934102012,Two year,26,51.28,Yes
CUST01244,0.204542823533434,One year,28,72.05,No
CUST01245,0.4835937154642436,One year,18,76.41,Yes
CUST01246,0.7088442363996414,Month-to-month,3,82.46,Yes
CUST01247,0.5884541625729565,Month-to-month,31,76.5,No
CUST01248,0.26120890113527584,Two year,25,65.17,No
CUST01249,0.5648217932021106,One year,1,49.1,Yes
CUST01250,0.43190782282965456,One year,12,75.03,Yes
CUST01251,0.7512070253669306,Month-to-month,3,111.37,Yes
CUST01252,0.3848720368165075,Month-to-month,8,90.5,No
CUST01253,0.5003036457198641,Month-to-month,0,78.37,No
CUST01254,0.4049584219326943,One year,10,90.74,No
CUST01255,0.5337364246907872,Month-to-month,15,55.72,No
CUST01256,0.5629028099257724,Month-to-month,19,52.29,No
CUST01257,0.4291620325063438,Month-to-month,21,46.31,No
CUST01258,0.39954208350501835,Month-to-month,36,61.87,No
CUST01259,0.42382171942712576,One year,4,54.45,No
CUST01260,0.6033111387431904,Month-to-month,2,95.21,No
CUST01261,0.3609113970809942,One year,38,53.12,No
CUST01262,0.7156541745600089,Month-to-month,3,44.93,Yes
CUST01263,0.2975370132513887,Month-to-month,72,113.56,No
CUST01264,0.48809355732889975,Month-to-month,36,53.72,Yes
CUST01265,0.34723456912859585,Month-to-month,13,68.84,No
CUST01266,0.3219882909591209,Month-to-month,72,76.28,No
CUST01267,0.695435980437356,Month-to-month,2,36.58,Yes
CUST01268,0.529601018934605,One year,7,95.89,No
CUST01269,0.5593665198921656,Month-to-month,20,80.93,No
CUST01270,0.4470557258350407,One year,8,103.96,Yes
CUST01271,0.46915205293297135,Two year,52,48.02,No
CUST01272,0.42552884977672556,One year,1,67.48,No
CUST01273,0.4507888497279535,Month-to-month,15,65.98,No
CUST01274,0.4912063661810734,Month-to-month,17,71.6,No
CUST01275,0.43099251201118,Month-to-month,21,28.63,No
CUST01276,0.5928272744846975,Month-to-month,5,67.77,No
CUST01277,0.4311278900301642,Two year,9,29.34,No
CUST01278,0.40248131356512684,Month-to-month,37,73.96,Yes
CUST01279,0.6988154911940021,Month-to-month,4,18.0,Yes
CUST01280,0.3417313605665573,One year,35,18.71,No
CUST01281,0.2565738315782102,One year,16,85.46,No
CUST01282,0.40236584276502974,One year,28,51.33,No
CUST01283,0.35638260126818133,Month-to-month,25,40.3,No
CUST01284,0.4891044159610866,Month-to-month,4,96.77,No
CUST01285,0.4357535357895538,Month-to-month,16,73.19,No
CUST01286,0.5455659196731694,Month-to-month,40,86.8,Yes
CUST01287,0.4830043262592386,Month-to-month,11,60.84,No
CUST01288,0.4087227079874098,Month-to-month,67,120.0,Yes
CUST01289,0.5977848094500542,Month-to-month,12,49.89,Yes
CUST01290,0.7391986498301489,Month-to-month,3,108.61,Yes
CUST01291,0.3647010678673292,Month-to-month,9,63.47,No
CUST01292,0.18423007211946818,One year,60,23.64,No
CUST01293,0.33016488773180347,One year,7,77.07,No
CUST01294,0.2127953555320835,Two year,40,72.87,No
CUST01295,0.4265825519739524,Month-to-month,42,38.72,Yes
CUST01296,0.45378309658023874,Month-to-month,8,41.94,Yes
CUST01297,0.6771569783635748,Month-to-month,1,64.38,Yes
CUST01298,0.2912338208227588,One year,25,73.74,No
CUST01299,0.2551471775882572,One year,7,18.0,No
CUST01300,0.635484403562511,Month-to-month,30,91.33,No
CUST01301,0.4674076423555052,Two year,11,52.64,Yes
CUST01302,0.547567994798418,Month-to-month,13,31.71,Yes
CUST01303,0.41431402481615287,Month-to-month,30,88.53,No
CUST01304,0.3495930555555621,One year,9,64.41,No
CUST01305,0.41484984590387375,Two year,11,95.4,No
CUST01306,0.32019069285151586,One year,9,75.95,No
CUST01307,0.24736046479392923,Two year,9,64.96,No
CUST01308,0.3821574460815283,Month-to-month,14,61.18,No
CUST01309,0.3964747026973709,Two year,33,77.07,Yes
CUST01310,0.475772636643224,Month-to-month,8,54.66,No
CUST01311,0.21615841956586146,Two year,14,43.69,No
CUST01312,0.5106241109993505,Month-to-month,22,80.25,Yes
CUST01313,0.2754124759572926,Two year,6,61.39,No
CUST01314,0.4379660777173075,Month-to-month,6,65.84,No
CUST01315,0.29783606699206044,One year,54,92.23,No
CUST01316,0.4290566930599691,Month-to-month,25,62.15,No
CUST01317,0.2863901397009955,One year,17,65.38,No
CUST01318,0.4363893018674508,Month-to-month,20,50.01,Yes
CUST01319,0.5801926828984602,Month-to-month,0,75.77,No
CUST01320,0.5829621983615655,Month-to-month,19,73.75,No
CUST01321,0.5759185798952229,Month-to-month,14,87.52,Yes
CUST01322,0.20253828597045423,Two year,15,50.52,No
CUST01323,0.44374647090961944,Month-to-month,8,53.55,Yes
CUST01324,0.2695939676834848,Two year,1,84.8,No
CUST01325,0.6762294799275759,Month-to-month,4,71.31,Yes
CUST01326,0.30529519455805776,Month-to-month,60,42.34,No
CUST01327,0.2918807445940204,One year,10,97.66,No
CUST01328,0.32776357942090834,One year,12,22.54,No
CUST01329,0.6307654278481892,Month-to-month,1,84.61,Yes
CUST01330,0.22830526263245673,One year,0,33.37,No
CUST01331,0.3618700225933371,One year,25,112.14,No
CUST01332,0.4106993036520193,Month-to-month,15,26.39,No
CUST01333,0.347282215221107,Two year,14,93.81,Yes
CUST01334,0.3706224658241258,Two year,5,62.96,No
CUST01335,0.37686427851367243,One year,27,55.83,No
CUST01336,0.6487935634910545,Month-to-month,3,69.63,No
CUST01337,0.3709506924676234,One year,4,80.8,No
CUST01338,0.392817062003228,Month-to-month,12,42.39,No
CUST01339,0.5362861285606175,Month-to-month,6,44.61,No
CUST01340,0.5578215538294983,Month-to-month,5,81.24,No
CUST01341,0.3938368362151475,Month-to-month,20,22.32,No
CUST01342,0.43450819424328685,Two year,21,50.39,No
CUST01343,0.31182152119303647,One year,34,120.0,No
CUST01344,0.3628712308562065,One year,10,40.8,No
CUST01345,0.5009788601225303,Month-to-month,1,93.7,No
CUST01346,0.5473261908438676,Month-to-month,6,50.35,Yes
CUST01347,0.44433796459125946,Month-to-month,72,77.73,No
CUST01348,0.5470125969462503,Two year,18,81.36,Yes
CUST01349,0.5701148714346747,Month-to-month,24,93.22,No
CUST01350,0.40120923122044305,Two year,0,59.99,No
CUST01351,0.5258056876671824,One year,14,114.72,Yes
CUST01352,0.5252889469004524,Month-to-month,0,50.27,No
CUST01353,0.29179314921034266,One year,16,70.86,No
CUST01354,0.2860043417136767,Month-to-month,50,71.13,No
CUST01355,0.3058095576437211,Two year,69,36.95,No
CUST01356,0.24891833783968703,Two year,15,57.85,No
CUST01357,0.342720523917172,Month-to-month,12,69.04,Yes
CUST01358,0.5531237614982032,Month-to-month,58,54.2,No
CUST01359,0.38502654073745113,One year,22,120.0,No
CUST01360,0.41946323674603775,Two year,1,44.03,No
CUST01361,0.6073065251900835,Month-to-month,12,94.49,No
CUST01362,0.46341488126867264,One year,5,86.41,No
CUST01363,0.4424943910949108,One year,12,64.65,No
CUST01364,0.24697627215599563,One year,12,43.37,No
CUST01365,0.5766891266526522,Month-to-month,17,45.79,No
CUST01366,0.37918208163941813,One year,8,52.05,No
CUST01367,0.6817596666225105,Two year,3,20.36,Yes
CUST01368,0.3817997393605562,Month-to-month,14,39.91,No
CUST01369,0.5087812331394111,Month-to-month,35,27.94,No
CUST01370,0.4260659727841303,Two year,21,98.65,No
CUST01371,0.4053249865679234,Month-to-month,8,80.46,No
CUST01372,0.27292682378032934,Two year,54,84.65,No
CUST01373,0.5786984829630683,Month-to-month,48,79.72,No
CUST01374,0.718601328735507,Month-to-month,4,69.17,Yes
CUST01375,0.6033094117840779,Two year,0,101.52,Yes
CUST01376,0.4073179808892155,Month-to-month,27,49.73,No
CUST01377,0.37288417397039825,Month-to-month,35,67.67,No
CUST01378,0.2519479605828052,Month-to-month,68,83.68,No
CUST01379,0.4102992576926686,One year,44,31.97,No
CUST01380,0.6285919084717081,Month-to-month,18,120.0,Yes
CUST01381,0.5898825578303708,Month-to-month,15,65.71,No
CUST01382,0.35001732100915034,Two year,0,68.55,No
CUST01383,0.6123505177765086,Month-to-month,5,96.42,No
CUST01384,0.3982766714936531,One year,12,87.87,No
CUST01385,0.5612507066152467,Month-to-month,19,65.95,No
CUST01386,0.2296410880861983,One year,16,68.25,No
CUST01387,0.31971204202582554,Month-to-month,27,27.4,No
CUST01388,0.3138236432867195,Two year,6,51.09,No
CUST01389,0.4987160655674612,Month-to-month,16,77.93,No
CUST01390,0.5823940384107105,Month-to-month,1,76.1,No
CUST01391,0.5942260255908871,Month-to-month,10,95.53,Yes
CUST01392,0.3936522166660417,Month-to-month,27,61.99,No
CUST01393,0.38502172809095275,Month-to-month,23,30.32,No
CUST01394,0.29367525878751977,Month-to-month,72,91.42,No
CUST01395,0.2818048600088143,Two year,6,100.9,No
CUST01396,0.5400465514323165,Month-to-month,13,87.46,No
CUST01397,0.4956051768346338,Month-to-month,7,60.91,No
CUST01398,0.5841880965507553,One year,11,91.11,Yes
CUST01399,0.4159752812678916,One year,38,120.0,No
CUST01400,0.42221660073308054,Month-to-month,23,67.88,No
CUST01401,0.32251045070698825,Month-to-month,42,32.21,No
CUST01402,0.6253363207797269,Month-to-month,4,50.34,No
CUST01403,0.44771391666414945,One year,41,80.64,Yes
CUST01404,0.2852312920114512,One year,1,24.88,No
CUST01405,0.37048896381681984,Month-to-month,43,69.24,No
CUST01406,0.23352299727348297,Two year,7,74.51,No
CUST01407,0.3147345757265055,Two year,7,103.38,No
CUST01408,0.5321802411672987,One year,14,97.75,No
CUST01409,0.20302629799359984,Two year,56,86.61,No
CUST01410,0.5943420904363679,Month-to-month,0,18.0,Yes
CUST01411,0.579415413831172,Month-to-month,8,88.03,No
CUST01412,0.4266739009375044,Month-to-month,38,82.64,No
CUST01413,0.4814566807785267,Month-to-month,10,71.4,Yes
CUST01414,0.6955243058302851,Month-to-month,4,21.74,Yes
CUST01415,0.3975200299389526,Two year,11,45.58,No
CUST01416,0.503331129180333,Month-to-month,9,35.83,No
CUST01417,0.42261976277281266,Month-to-month,49,18.0,No
CUST01418,0.5013150018314766,Month-to-month,28,64.93,No
CUST01419,0.2865945350850617,Two year,14,45.05,No
CUST01420,0.2750854010327014,Month-to-month,72,120.0,No
CUST01421,0.42989083387629834,Month-to-month,12,60.78,No
CUST01422,0.6608985193493079,Month-to-month,1,97.34,Yes
CUST01423,0.6348495766989104,Month-to-month,6,25.77,Yes
CUST01424,0.1949345182049854,Two year,11,51.75,No
CUST01425,0.3613678677690347,Two year,3,67.42,No
CUST01426,0.3068359642174107,Month-to-month,58,42.3,No
CUST01427,0.22934077314643406,Two year,29,54.44,No
CUST01428,0.216648544914075,One year,6,59.55,No
CUST01429,0.48186152932343695,Two year,17,59.15,Yes
CUST01430,0.5526607027033458,Month-to-month,25,111.38,Yes
CUST01431,0.566152855282695,Month-to-month,56,74.46,Yes
CUST01432,0.38977862971819577,Month-to-month,42,76.99,No
CUST01433,0.3318543693231384,One year,14,78.49,No
CUST01434,0.38992864811579614,Month-to-month,29,80.32,No
CUST01435,0.4457685561840035,Month-to-month,16,62.93,Yes
CUST01436,0.4858137949583608,Month-to-month,16,56.98,No
CUST01437,0.40989834363234146,One year,2,69.17,No
CUST01438,0.6451016723648684,Month-to-month,2,93.92,No
CUST01439,0.6105783646495513,One year,15,93.16,Yes
CUST01440,0.29036921767561297,Two year,6,58.99,No
CUST01441,0.42314495601222213,Month-to-month,0,84.2,No
CUST01442,0.273515119519977,One year,25,60.14,No
CUST01443,0.659823658622114,Month-to-month,0,65.85,No
CUST01444,0.4464218403643126,Two year,18,53.16,No
CUST01445,0.46383713019262623,Month-to-month,15,60.46,Yes
CUST01446,0.24454892819219975,One year,69,98.53,No
CUST01447,0.3106329766635636,Two year,13,67.31,Yes
CUST01448,0.36907556980952433,Two year,1,68.38,No
CUST01449,0.3524071100314014,One year,16,28.82,No
CUST01450,0.35257713585994854,Month-to-month,36,57.27,No
CUST01451,0.2595020371480418,One year,72,58.97,No
CUST01452,0.3130125682467058,Two year,11,44.27,No
CUST01453,0.3876898013857495,One year,7,65.54,No
CUST01454,0.3514112302609325,Month-to-month,47,54.27,No
CUST01455,0.3699704719973171,Two year,4,67.0,No
CUST01456,0.36238517831734846,One year,19,68.04,No
CUST01457,0.2004983673793143,One year,10,41.11,No
CUST01458,0.5694233912145567,Month-to-month,0,55.03,Yes
CUST01459,0.26518869030277376,One year,8,66.93,No
CUST01460,0.473321221798646,Month-to-month,6,94.61,No
CUST01461,0.32285731538549944,One year,23,71.42,No
CUST01462,0.37253548973849115,Month-to-month,59,48.45,No
CUST01463,0.2785051326588447,One year,6,74.98,No
CUST01464,0.3392968681589021,Two year,33,107.69,No
CUST01465,0.5754104545405818,Month-to-month,1,87.92,No
CUST01466,0.37826181707622347,Two year,15,78.69,No
CUST01467,0.6087476862963181,Month-to-month,1,83.14,No
CUST01468,0.3610074364456488,Two year,54,101.0,No
CUST01469,0.5726811520658903,One year,29,91.89,Yes
CUST01470,0.3559134731291573,One year,21,79.17,Yes
CUST01471,0.5024016199703675,One year,34,91.72,No
CUST01472,0.16514901437816018,Two year,20,37.96,No
CUST01473,0.49711459626589644,Month-to-month,69,27.44,Yes
CUST01474,0.480360511814561,Month-to-month,25,68.93,Yes
CUST01475,0.18958259678841194,One year,51,66.72,No
CUST01476,0.28781510828512274,Two year,14,51.4,No
CUST01477,0.47132190830465576,One year,2,85.65,No
CUST01478,0.27406395378445453,One year,15,18.43,No
CUST01479,0.5811553864237786,Month-to-month,2,51.63,No
CUST01480,0.32637493481713337,Two year,17,52.88,No
CUST01481,0.3651379716753273,Month-to-month,13,24.09,Yes
CUST01482,0.6001537879987403,Month-to-month,19,102.37,Yes
CUST01483,0.6344573893551766,Month-to-month,0,31.02,No
CUST01484,0.6792357273925996,Month-to-month,4,50.29,Yes
CUST01485,0.620415112298807,Month-to-month,13,87.7,Yes
CUST01486,0.24417379959278537,Month-to-month,60,81.15,No
CUST01487,0.5278919214431615,One year,9,37.3,Yes
CUST01488,0.5171104492739105,Month-to-month,11,82.06,No
CUST01489,0.5590720733376989,Month-to-month,25,72.24,Yes
CUST01490,0.5484672995777169,Month-to-month,18,120.0,No
CUST01491,0.4596804977023185,Month-to-month,7,75.1,No
CUST01492,0.4781160053687832,Month-to-month,10,61.47,No
CUST01493,0.7174343304000685,Month-to-month,4,43.59,No
CUST01494,0.316843377357079,One year,67,46.39,No
CUST01495,0.5319509388855643,One year,2,44.36,No
CUST01496,0.3925789444192397,One year,9,99.28,No
CUST01497,0.570883587787772,Month-to-month,0,65.45,Yes
CUST01498,0.5418913690891,Month-to-month,5,79.13,No
CUST01499,0.2784913606508413,Two year,30,102.86,No
CUST01500,0.5091064362775417,Month-to-month,4,18.0,No
CUST01501,0.7696868257113435,Month-to-month,1,96.97,Yes
CUST01502,0.4340391747387609,Month-to-month,12,66.38,No
CUST01503,0.5647059886520018,Month-to-month,0,75.88,No
CUST01504,0.6740053685818114,Month-to-month,1,44.29,Yes
CUST01505,0.4880197519175159,Month-to-month,32,46.12,Yes
CUST01506,0.3295145518437162,One year,29,77.22,No
CUST01507,0.33353968647089155,Month-to-month,49,120.0,No
CUST01508,0.4871411401673383,One year,38,90.08,No
CUST01509,0.4548956726273724,One year,22,96.64,No
CUST01510,0.5307549672624539,Two year,1,60.2,Yes
CUST01511,0.3128611907198004,One year,30,49.99,No
CUST01512,0.2569178947166932,Two year,37,45.48,No
CUST01513,0.48308077697857826,Month-to-month,32,52.79,No
CUST01514,0.4936513025403428,Month-to-month,14,18.0,No
CUST01515,0.6756346591320768,Month-to-month,5,46.88,Yes
CUST01516,0.31489779012954916,One year,37,50.99,No
CUST01517,0.1974264593636416,Two year,25,60.62,No
CUST01518,0.4176478265744476,Month-to-month,72,68.29,No
CUST01519,0.3768385866251331,Two year,3,74.06,No
CUST01520,0.5466969023562306,Month-to-month,5,64.63,No
CUST01521,0.4395596437403914,Two year,4,50.46,No
CUST01522,0.32358003698395943,Month-to-month,31,18.0,No
CUST01523,0.6749820267188228,Month-to-month,4,50.62,Yes
CUST01524,0.6432076994963526,Month-to-month,1,40.69,Yes
CUST01525,0.39342924749471453,Month-to-month,72,76.65,No
CUST01526,0.4907915775281257,Month-to-month,0,87.73,No
CUST01527,0.6207418937661068,Month-to-month,36,88.46,Yes
CUST01528,0.3298804993160897,Two year,9,83.92,No
CUST01529,0.5240272202499363,Month-to-month,36,61.66,No
CUST01530,0.5260244554430054,Month-to-month,16,51.95,No
CUST01531,0.24427170859749456,One year,46,46.32,No
CUST01532,0.5020717695821527,One year,52,27.31,Yes
CUST01533,0.5080376320724763,Month-to-month,0,89.8,No
CUST01534,0.6261974293496894,Month-to-month,1,60.63,No
CUST01535,0.5255984009800795,Month-to-month,5,33.84,No
CUST01536,0.5460960436677881,Month-to-month,22,44.34,Yes
CUST01537,0.3121061634653011,One year,43,43.33,No
CUST01538,0.40217864690879657,Month-to-month,12,66.08,No
CUST01539,0.6148425288865167,Month-to-month,18,91.69,Yes
CUST01540,0.35331819624726657,One year,4,56.3,No
CUST01541,0.39185023275127023,Month-to-month,32,18.0,No
CUST01542,0.10989080406271892,One year,68,60.27,No
CUST01543,0.4924687557634121,Month-to-month,6,61.1,No
CUST01544,0.24710031777222924,Two year,13,59.38,No
CUST01545,0.6798192066570438,Month-to-month,1,49.31,No
CUST01546,0.27987582990729815,Two year,16,70.44,No
CUST01547,0.32404546232401005,One year,13,66.65,No
CUST01548,0.6901586294632647,Month-to-month,3,64.38,Yes
CUST01549,0.27687989546194475,One year,11,75.32,No
CUST01550,0.2283201907683712,Two year,8,54.25,No
CUST01551,0.38002203491624165,One year,14,52.84,No
CUST01552,0.2817879501179452,Two year,17,99.5,No
CUST01553,0.2868526170353575,Two year,0,78.98,No
CUST01554,0.6003697295060513,Month-to-month,28,85.67,No
CUST01555,0.631923133089947,Month-to-month,24,95.65,Yes
CUST01556,0.3327546016421598,One year,9,78.15,No
CUST01557,0.5979283478128031,Month-to-month,1,88.21,No
CUST01558,0.31235284270471864,Two year,28,25.52,No
CUST01559,0.14645405910431974,Two year,62,70.1,No
CUST01560,0.670043210153979,Month-to-month,5,60.43,No
CUST01561,0.4847347949246906,Month-to-month,7,106.94,No
CUST01562,0.4841586261844021,One year,4,88.19,No
CUST01563,0.5560632518278136,Month-to-month,17,49.24,Yes
CUST01564,0.33862051313019853,Two year,3,74.32,No
CUST01565,0.41072450074862793,Month-to-month,8,69.19,No
CUST01566,0.30369081436888984,One year,23,76.36,No
CUST01567,0.5129131589177631,Month-to-month,16,39.53,No
CUST01568,0.4000279959544606,One year,9,74.0,No
CUST01569,0.4424296687980482,Month-to-month,10,59.3,No
CUST01570,0.45583252137823943,One year,16,72.06,Yes
CUST01571,0.6123879648273755,Month-to-month,0,46.89,Yes
CUST01572,0.4968814404890993,One year,1,50.37,No
CUST01573,0.2705410169956693,Two year,42,94.35,No
CUST01574,0.7121609728372641,Month-to-month,1,38.71,Yes
CUST01575,0.36919974072784834,Month-to-month,24,40.56,No
CUST01576,0.36369419190631613,Month-to-month,50,63.71,No
CUST01577,0.23025749393686623,One year,6,45.7,No
CUST01578,0.31652519563299825,One year,9,42.87,No
CUST01579,0.5218162923336496,Month-to-month,16,67.63,No
CUST01580,0.4776985366049233,Month-to-month,42,27.37,Yes
CUST01581,0.37442800649509045,Month-to-month,56,39.8,No
CUST01582,0.3254957140558654,One year,26,116.35,No
CUST01583,0.5264311095124264,Month-to-month,1,76.49,No
CUST01584,0.22270799294076526,Two year,22,46.34,No
CUST01585,0.3991038546896416,Month-to-month,10,75.46,No
CUST01586,0.48646636799708654,One year,12,79.18,No
CUST01587,0.627905928579275,Month-to-month,1,89.86,No
CUST01588,0.6797732549142883,Month-to-month,4,61.82,No
CUST01589,0.584469303550286,One year,31,89.41,Yes
CUST01590,0.2606714394181264,One year,12,18.0,No
CUST01591,0.32727925637252375,Two year,7,38.59,No
CUST01592,0.5369322077655088,Month-to-month,9,69.1,Yes
CUST01593,0.4284921733865369,Month-to-month,38,73.24,No
CUST01594,0.29145573785482026,One year,27,42.21,No
CUST01595,0.3928541417844499,One year,6,71.49,No
CUST01596,0.6987673549491036,Month-to-month,2,49.4,Yes
CUST01597,0.5984778383445828,Month-to-month,5,58.08,No
CUST01598,0.36564164788614456,Month-to-month,50,90.62,No
CUST01599,0.3742936550379367,Two year,17,87.72,No
CUST01600,0.6110654787916776,Month-to-month,15,40.07,No
CUST01601,0.4474066623152399,Month-to-month,18,38.57,No
CUST01602,0.367546017382289,Month-to-month,9,54.72,No
CUST01603,0.4234052405287582,Month-to-month,32,64.33,Yes
CUST01604,0.5935171919318055,Month-to-month,14,48.55,No
CUST01605,0.7076028404872031,Month-to-month,2,91.02,Yes
CUST01606,0.6801560747683214,Month-to-month,2,73.68,Yes
CUST01607,0.21730270598225196,Two year,15,75.15,No
CUST01608,0.46635167980532055,Month-to-month,55,33.34,Yes
CUST01609,0.6158802471944325,Month-to-month,7,94.18,No
CUST01610,0.26048412945785865,Two year,40,18.0,No
CUST01611,0.40816550404601853,One year,28,85.85,No
CUST01612,0.6389433195035321,Month-to-month,5,88.36,No
CUST01613,0.4855362697511629,Month-to-month,0,54.19,No
CUST01614,0.6255184072545461,Month-to-month,2,96.82,No
CUST01615,0.4262128870500608,One year,26,63.42,No
CUST01616,0.5779065980833286,Two year,4,66.56,Yes
CUST01617,0.2397538149471975,One year,9,73.49,No
CUST01618,0.3250911642708105,One year,13,120.0,No
CUST01619,0.4702023889363927,One year,25,98.61,No
CUST01620,0.7302531373715475,Month-to-month,2,82.53,Yes
CUST01621,0.363896803434677,Month-to-month,10,42.18,No
CUST01622,0.3410399292594865,One year,13,68.59,Yes
CUST01623,0.22211302638715216,Two year,15,44.67,No
CUST01624,0.5743740154759267,Month-to-month,34,85.55,Yes
CUST01625,0.4639937971575494,One year,3,68.51,No
CUST01626,0.4882294246836399,Month-to-month,32,36.89,No
CUST01627,0.6126046060681964,Month-to-month,23,67.03,Yes
CUST01628,0.46912031826452577,Month-to-month,16,43.76,No
CUST01629,0.5211898026480426,Month-to-month,24,68.78,No
CUST01630,0.30822307558312567,One year,10,43.52,No
CUST01631,0.667728452526757,Month-to-month,2,65.69,Yes
CUST01632,0.29860980827926076,One year,21,83.76,No
CUST01633,0.42557703823863674,One year,14,63.67,No
CUST01634,0.398545305289397,Two year,20,55.23,No
CUST01635,0.3614683054876619,Month-to-month,8,70.08,No
CUST01636,0.4504250395119027,Month-to-month,47,82.43,No
CUST01637,0.5937185272016774,Month-to-month,17,37.32,Yes
CUST01638,0.5184100165334194,Two year,1,71.52,Yes
CUST01639,0.351379221900476,Two year,11,97.94,No
CUST01640,0.37373188722106127,Month-to-month,28,79.34,No
CUST01641,0.23058418810556577,Two year,31,66.44,No
CUST01642,0.53433829309643,Month-to-month,13,80.99,Yes
CUST01643,0.3966522349367599,One year,45,76.31,Yes
CUST01644,0.604395449103652,Month-to-month,6,83.84,Yes
CUST01645,0.36208207015259036,One year,10,18.0,No
CUST01646,0.48547672092725946,Month-to-month,45,26.16,No
CUST01647,0.49052662397361024,Two year,45,90.12,Yes
CUST01648,0.37458911032771963,One year,23,27.37,Yes
CUST01649,0.25553888776168493,One year,39,75.04,No
CUST01650,0.5175953463298333,Month-to-month,1,56.2,No
CUST01651,0.4320023225581946,Month-to-month,40,40.1,No
CUST01652,0.3880848531534478,Month-to-month,7,73.74,No
CUST01653,0.6386892207556889,Month-to-month,3,70.03,Yes
CUST01654,0.6255380044612098,Month-to-month,5,117.76,No
CUST01655,0.46161596912565267,Two year,10,49.38,Yes
CUST01656,0.3917522084818208,One year,5,101.0,Yes
CUST01657,0.40491271569327236,Month-to-month,7,73.81,No
CUST01658,0.6892781184653789,Month-to-month,2,48.47,No
CUST01659,0.4042794832736252,Month-to-month,7,84.98,No
CUST01660,0.25572892919131945,One year,16,79.14,No
CUST01661,0.5617581564467147,Month-to-month,11,65.9,Yes
CUST01662,0.44492068647692695,Two year,8,71.66,No
CUST01663,0.610157919059211,Month-to-month,27,50.08,Yes
CUST01664,0.6140102022416056,Two year,44,44.36,Yes
CUST01665,0.21546134485932744,Two year,28,83.99,No
CUST01666,0.5574423049241483,Month-to-month,8,59.4,Yes
CUST01667,0.21978123336982805,Two year,27,63.0,No
CUST01668,0.5722887004333,Month-to-month,3,72.0,No
CUST01669,0.39664915888569396,Two year,2,71.63,Yes
CUST01670,0.3831466204729797,Month-to-month,8,29.27,No
CUST01671,0.44115462388039844,Two year,32,97.16,Yes
CUST01672,0.27429293689537304,Two year,5,68.03,No
CUST01673,0.4708964952170824,Two year,1,59.93,No
CUST01674,0.43216568038941544,One year,2,75.77,No
CUST01675,0.38400431873944774,Month-to-month,39,70.91,No
CUST01676,0.3327249328647613,Month-to-month,20,84.18,No
CUST01677,0.7104848193364366,Month-to-month,5,78.45,Yes
CUST01678,0.4668155207605866,Month-to-month,16,82.95,No
CUST01679,0.3463518975683019,One year,14,98.77,No
CUST01680,0.4888215564205588,Month-to-month,21,87.09,No
CUST01681,0.40671138452104016,Two year,5,60.99,No
CUST01682,0.37375113178884917,One year,39,36.93,Yes
CUST01683,0.49657382927802546,Two year,7,106.69,Yes
CUST01684,0.4542152657199864,Month-to-month,23,59.06,No
CUST01685,0.23183820648352638,Two year,0,53.17,No
CUST01686,0.2840418709105171,Two year,9,21.58,No
CUST01687,0.4425846127966308,Month-to-month,8,73.46,No
CUST01688,0.24206369568279584,One year,15,68.72,No
CUST01689,0.2762817664626424,One year,1,27.12,No
CUST01690,0.45298455385958725,Month-to-month,31,76.33,No
CUST01691,0.5896711633351487,Month-to-month,4,52.55,No
CUST01692,0.5155988419905437,Month-to-month,22,120.0,No
CUST01693,0.36773574673958465,Month-to-month,32,50.77,No
CUST01694,0.5370932102443267,Month-to-month,16,54.12,Yes
CUST01695,0.38630885475958865,Month-to-month,27,43.13,No
CUST01696,0.6947911586361453,Month-to-month,21,96.95,Yes
CUST01697,0.48576119450479355,Month-to-month,8,55.68,No
CUST01698,0.2173767601828588,Two year,33,46.88,No
CUST01699,0.39348563215488014,Month-to-month,6,82.67,No
CUST01700,0.2072125383738234,Two year,16,30.49,No
CUST01701,0.616853776619729,Month-to-month,27,80.63,Yes
CUST01702,0.5132346298488978,Month-to-month,9,109.53,No
CUST01703,0.40741970631505914,Month-to-month,7,79.17,No
CUST01704,0.44229027403688304,Month-to-month,12,80.95,No
CUST01705,0.5876936727238511,Month-to-month,34,86.75,Yes
CUST01706,0.21145979845751556,One year,53,107.74,No
CUST01707,0.6155186566004976,Month-to-month,15,95.25,Yes
CUST01708,0.1577852673981459,One year,21,75.99,No
CUST01709,0.3265030669413328,One year,46,87.6,No
CUST01710,0.5698960146469524,Month-to-month,2,42.85,No
CUST01711,0.6957334460415597,Month-to-month,5,84.41,Yes
CUST01712,0.40032862954403264,One year,24,39.86,Yes
CUST01713,0.5134405178312583,Month-to-month,34,55.82,No
CUST01714,0.33202424807039654,Month-to-month,38,18.0,No
CUST01715,0.2833717143198766,Two year,10,75.04,No
CUST01716,0.6746577584219614,Month-to-month,1,48.9,Yes
CUST01717,0.501001880669314,One year,11,92.78,No
CUST01718,0.4872176593404744,Two year,5,74.75,Yes
CUST01719,0.5244766604783622,Month-to-month,6,93.1,No
CUST01720,0.49117675384586645,Month-to-month,29,37.91,Yes
CUST01721,0.5986589459562426,Month-to-month,1,90.96,No
CUST01722,0.5490164238175075,Month-to-month,35,117.65,No
CUST01723,0.5280932354760259,Month-to-month,11,84.1,No
CUST01724,0.4117236219019553,One year,18,84.76,No
CUST01725,0.663689475823225,Month-to-month,1,69.24,Yes
CUST01726,0.43845941646295217,Month-to-month,8,51.88,No
CUST01727,0.6603573311651897,Two year,1,84.03,Yes
CUST01728,0.18574715345507417,Two year,65,27.35,No
CUST01729,0.3164873670242136,One year,32,54.56,No
CUST01730,0.38498280643200944,Month-to-month,12,20.72,No
CUST01731,0.27739984295940734,One year,5,47.41,No
CUST01732,0.3534531592514395,Month-to-month,54,81.05,No
CUST01733,0.5668400613996551,Month-to-month,8,77.63,Yes
CUST01734,0.6656908344089068,Month-to-month,3,66.27,Yes
CUST01735,0.34524611616992984,Two year,16,69.26,No
CUST01736,0.2533356730263148,Month-to-month,57,18.0,No
CUST01737,0.542116566377763,Month-to-month,0,55.69,No
CUST01738,0.5658032577913414,Month-to-month,5,47.97,No
CUST01739,0.32216182870471527,Month-to-month,55,48.52,No
CUST01740,0.3258906909518648,Two year,3,79.99,No
CUST01741,0.42464109061006394,One year,2,43.49,No
CUST01742,0.37533446250895336,One year,16,49.88,Yes
CUST01743,0.4264422220878569,Month-to-month,39,18.0,No
CUST01744,0.41751192052317315,Month-to-month,12,57.65,No
CUST01745,0.33820234859727644,Month-to-month,72,37.8,No
CUST01746,0.4168812625919602,Month-to-month,22,66.98,No
CUST01747,0.5471104274044365,Month-to-month,1,41.22,No
CUST01748,0.12009009213686056,One year,72,67.61,No
CUST01749,0.47877993983163647,Month-to-month,10,61.38,No
CUST01750,0.54275382335519,Month-to-month,6,106.8,No
CUST01751,0.45784302316094505,Month-to-month,16,77.43,No
CUST01752,0.3566566821044894,Month-to-month,7,19.01,No
CUST01753,0.507163637651673,Month-to-month,1,33.38,No
CUST01754,0.39832289154662304,Two year,0,66.38,No
CUST01755,0.3958818094469331,Two year,11,41.75,No
CUST01756,0.48148752001706774,Two year,36,18.0,Yes
CUST01757,0.6079327415321253,Month-to-month,16,98.74,Yes
CUST01758,0.5555771480856008,Month-to-month,72,83.01,Yes
CUST01759,0.4610364451829905,Month-to-month,6,78.02,No
CUST01760,0.517200063542778,Month-to-month,6,49.82,No
CUST01761,0.52822214625621,Two year,3,75.69,Yes
CUST01762,0.6375758895463083,Month-to-month,3,47.39,No
CUST01763,0.4384512028965586,Month-to-month,6,70.12,No
CUST01764,0.46222275440997523,Month-to-month,31,41.99,No
CUST01765,0.4431620444781476,Month-to-month,47,102.91,No
CUST01766,0.19568271117469124,One year,72,25.74,No
CUST01767,0.5316948467622914,Month-to-month,5,95.81,No
CUST01768,0.4422785815001617,Month-to-month,42,65.97,No
CUST01769,0.5013691737294943,Month-to-month,7,52.76,Yes
CUST01770,0.6324789246436614,Month-to-month,2,69.18,No
CUST01771,0.29716753288146136,One year,40,83.33,No
CUST01772,0.5215473437581318,Two year,20,99.17,Yes
CUST01773,0.21353738405065703,Two year,3,72.83,No
CUST01774,0.27497578840604475,One year,11,42.73,No
CUST01775,0.4299901077310392,Month-to-month,6,66.39,No
CUST01776,0.4320172121572915,One year,26,110.42,No
CUST01777,0.582903373154051,Month-to-month,12,98.69,No
CUST01778,0.3061109466786118,Month-to-month,72,87.72,No
CUST01779,0.4622263106550885,Two year,1,84.89,No
CUST01780,0.4566104853574238,Month-to-month,8,82.49,No
CUST01781,0.36806076774996116,Two year,13,93.97,No
CUST01782,0.44102821182607344,Month-to-month,13,53.58,No
CUST01783,0.27787057989303304,One year,7,31.12,No
CUST01784,0.13853156829944713,One year,26,66.73,No
CUST01785,0.23002470151834603,Two year,41,44.56,No
CUST01786,0.18436513628202086,One year,55,38.62,No
CUST01787,0.286202635908492,One year,32,46.99,No
CUST01788,0.5375963311905899,Month-to-month,38,120.0,Yes
CUST01789,0.39710033240506803,Month-to-month,15,68.4,No
CUST01790,0.46694811428125194,Month-to-month,34,74.05,No
CUST01791,0.4168092520889177,One year,7,34.44,Yes
CUST01792,0.30891800331300534,Month-to-month,10,18.91,No
CUST01793,0.5045354286450711,One year,7,44.52,Yes
CUST01794,0.6249431820020251,Month-to-month,12,100.95,Yes
CUST01795,0.42714848588155896,Month-to-month,6,73.36,No
CUST01796,0.18254837798748977,One year,65,79.96,No
CUST01797,0.48923434340290206,Month-to-month,7,83.46,Yes
CUST01798,0.6538278267051527,Month-to-month,2,50.22,Yes
CUST01799,0.6710994826738644,Month-to-month,14,99.7,Yes
CUST01800,0.4465689399848013,Two year,1,49.18,No
CUST01801,0.5428846173103651,One year,2,100.16,No
CUST01802,0.5519452671576754,Month-to-month,4,76.06,No
CUST01803,0.3443269756093089,Month-to-month,12,20.27,No
CUST01804,0.45044029024261806,Month-to-month,11,46.3,No
CUST01805,0.23400912634546608,One year,32,20.38,No
CUST01806,0.4335273858954804,One year,26,94.08,No
CUST01807,0.4782746381779116,Month-to-month,11,64.38,Yes
CUST01808,0.4747457628429767,Month-to-month,8,18.0,No
CUST01809,0.4024742389957749,Month-to-month,7,74.39,No
CUST01810,0.3335634862677741,One year,29,51.57,No
CUST01811,0.31623081596921376,One year,1,27.9,No
CUST01812,0.4998310507632149,Month-to-month,0,106.95,Yes
CUST01813,0.40429904228770835,Month-to-month,31,67.68,No
CUST01814,0.542369801340453,Month-to-month,12,57.66,Yes
CUST01815,0.5738309578433614,Two year,2,55.01,Yes
CUST01816,0.6092150665151929,Month-to-month,5,27.17,No
CUST01817,0.1927363128355606,One year,53,32.39,No
CUST01818,0.595342307621928,One year,39,97.12,Yes
CUST01819,0.47293632806000646,Month-to-month,24,53.15,No
CUST01820,0.4160315348777713,Month-to-month,13,65.55,No
CUST01821,0.47590872239517146,Month-to-month,14,18.0,Yes
CUST01822,0.23476099561643096,One year,72,32.05,No
CUST01823,0.32434085755164593,One year,67,80.25,No
CUST01824,0.5967362172923041,One year,4,74.44,Yes
CUST01825,0.5049466231512836,Month-to-month,33,108.83,No
CUST01826,0.6538224780832542,Month-to-month,4,98.57,Yes
CUST01827,0.6814740144186956,Two year,4,59.23,Yes
CUST01828,0.27043619882261,One year,22,76.82,No
CUST01829,0.4593948377107331,Month-to-month,10,57.08,No
CUST01830,0.28278945306615105,Two year,53,116.37,No
CUST01831,0.43204923096588876,One year,1,93.73,No
CUST01832,0.2551550718494089,One year,14,69.24,No
CUST01833,0.17181710689656687,One year,50,70.01,No
CUST01834,0.17939765127269058,Two year,46,101.12,No
CUST01835,0.5724662265997938,One year,3,79.49,Yes
CUST01836,0.5064100682234218,Month-to-month,9,103.97,No
CUST01837,0.4073065473564828,Month-to-month,19,18.0,No
CUST01838,0.40881609135625413,Two year,3,76.53,No
CUST01839,0.3532115305662916,Month-to-month,68,52.11,No
CUST01840,0.2934006337347743,Month-to-month,49,108.91,No
CUST01841,0.6403603215553524,Month-to-month,3,103.66,No
CUST01842,0.5676053611289699,Month-to-month,2,65.82,No
CUST01843,0.7614220685521269,One year,1,103.39,Yes
CUST01844,0.22091319587597272,Two year,48,109.58,No
CUST01845,0.6948501827912988,Month-to-month,4,66.86,Yes
CUST01846,0.45349080980896034,Month-to-month,10,120.0,No
CUST01847,0.39447514661075067,Month-to-month,11,64.22,Yes
CUST01848,0.2329731798644291,Two year,18,59.64,No
CUST01849,0.2778556396404153,One year,1,86.65,No
CUST01850,0.5782561628493208,Month-to-month,5,56.16,No
CUST01851,0.20314809866303313,Two year,53,67.13,No
CUST01852,0.18785622332883903,Two year,47,100.24,No
CUST01853,0.45682898377669195,Two year,30,65.48,No
CUST01854,0.44359766445131155,Two year,0,22.62,No
CUST01855,0.48350792748885263,Month-to-month,7,74.18,No
CUST01856,0.5217537694001568,One year,19,47.59,Yes
CUST01857,0.5070084904907567,Month-to-month,6,86.63,No
CUST01858,0.2035305516139365,Two year,48,82.4,No
CUST01859,0.6297677818808753,One year,20,101.79,Yes
CUST01860,0.5893754189850255,One year,1,87.69,No
CUST01861,0.5674826288581957,One year,47,92.26,Yes
CUST01862,0.2989660196308771,Month-to-month,63,48.27,No
CUST01863,0.7651209573773324,Month-to-month,1,85.1,Yes
CUST01864,0.5458614675792559,Two year,15,114.21,Yes
CUST01865,0.21744989285303012,Two year,7,47.78,No
CUST01866,0.4557532796555121,Month-to-month,9,109.99,No
CUST01867,0.5974187001867597,Month-to-month,3,51.27,No
CUST01868,0.5135598954527754,Month-to-month,17,43.7,Yes
CUST01869,0.14266337242128366,One year,63,72.41,No
CUST01870,0.3307214457548974,Two year,13,82.9,Yes
CUST01871,0.6098266118994592,Month-to-month,1,87.79,No
CUST01872,0.3910351260158416,Month-to-month,19,40.96,No
CUST01873,0.3292214942858632,Two year,8,75.86,No
CUST01874,0.1291703213357327,One year,38,47.86,Yes
CUST01875,0.3138752849294359,Month-to-month,11,27.78,No
CUST01876,0.38643819745128566,One year,4,41.78,No
CUST01877,0.686303598760135,Month-to-month,4,46.23,Yes
CUST01878,0.5838052148513827,Month-to-month,29,78.04,Yes
CUST01879,0.3653304834931592,One year,6,93.81,No
CUST01880,0.2697130540656424,One year,29,28.17,No
CUST01881,0.4484417756023801,Two year,4,73.8,No
CUST01882,0.27462720738960356,One year,7,35.58,No
CUST01883,0.5507382174989106,One year,12,80.73,Yes
CUST01884,0.48990142434046935,Month-to-month,57,49.43,Yes
CUST01885,0.31477948373881487,Month-to-month,53,38.72,No
CUST01886,0.6361593906031572,Month-to-month,4,84.99,Yes
CUST01887,0.398558216453058,Month-to-month,8,50.33,No
CUST01888,0.5911998537037174,One year,3,57.1,Yes
CUST01889,0.5943540232171378,Two year,14,18.0,Yes
CUST01890,0.5817386132099901,Month-to-month,12,88.66,No
CUST01891,0.3628478865939956,Month-to-month,46,85.52,No
CUST01892,0.15358997641824917,Two year,53,65.14,No
CUST01893,0.5667976025821057,Month-to-month,9,26.81,Yes
CUST01894,0.28591265917195696,One year,13,95.23,No
CUST01895,0.4241664668880556,One year,45,48.34,No
CUST01896,0.30507635910702596,One year,32,53.67,No
CUST01897,0.7093946636665694,Month-to-month,0,120.0,Yes
CUST01898,0.6327244873840446,Month-to-month,7,47.41,Yes
CUST01899,0.48845722161463506,One year,10,83.56,Yes
CUST01900,0.3245786561979842,One year,5,79.05,No
CUST01901,0.6454365349832633,Month-to-month,4,74.75,No
CUST01902,0.6248097109171783,One year,0,72.05,Yes
CUST01903,0.50536876810146,Month-to-month,20,74.41,No
CUST01904,0.35932385044857074,One year,6,71.8,No
CUST01905,0.614535696301827,Month-to-month,1,63.7,No
CUST01906,0.5487305330244836,Two year,5,102.78,Yes
CUST01907,0.6150115454631103,Month-to-month,32,32.18,Yes
CUST01908,0.6942329876034371,Month-to-month,38,90.54,Yes
CUST01909,0.5062309802825843,Month-to-month,13,85.56,Yes
CUST01910,0.48264773965218255,Month-to-month,10,82.46,No
CUST01911,0.16554374325330154,Two year,72,92.92,No
CUST01912,0.5287901297314506,Two year,4,62.69,No
CUST01913,0.675027619332358,Month-to-month,4,18.28,Yes
CUST01914,0.3918649330948531,Month-to-month,6,63.19,No
CUST01915,0.3847517243125204,One year,3,40.22,No
CUST01916,0.22914908356743818,Two year,9,46.7,No
CUST01917,0.2412340699429177,One year,48,33.94,No
CUST01918,0.5627233082745663,Month-to-month,19,53.07,Yes
CUST01919,0.31867713095975486,Month-to-month,10,50.08,No
CUST01920,0.20768425679557198,One year,54,18.0,No
CUST01921,0.4154258637193482,Month-to-month,0,82.51,No
CUST01922,0.3079783413484944,One year,4,120.0,No
CUST01923,0.5930154744295145,Month-to-month,16,80.16,Yes
CUST01924,0.257275961848036,One year,19,59.93,No
CUST01925,0.41154071203214654,Month-to-month,0,63.63,No
CUST01926,0.3441445515686005,One year,10,54.48,No
CUST01927,0.4446762606119198,Month-to-month,20,67.25,No
CUST01928,0.30340811417688685,One year,23,64.07,No
CUST01929,0.5400917109610319,Month-to-month,20,43.97,Yes
CUST01930,0.4172888679377197,One year,7,107.07,No
CUST01931,0.5969584654436751,One year,1,27.82,Yes
CUST01932,0.457146883327127,One year,11,82.96,No
CUST01933,0.5852931964093399,One year,2,62.47,Yes
CUST01934,0.25801878929114425,One year,58,112.52,No
CUST01935,0.2777373240625937,Two year,12,73.52,No
CUST01936,0.4653443110789709,Month-to-month,7,56.0,Yes
CUST01937,0.3126891251335007,Two year,29,58.81,No
CUST01938,0.35789032345471866,Month-to-month,13,66.0,No
CUST01939,0.6386262743888795,Month-to-month,7,36.43,Yes
CUST01940,0.4179400013511614,Month-to-month,33,45.83,No
CUST01941,0.363006089878163,Month-to-month,40,20.38,No
CUST01942,0.3837158301894544,One year,22,41.93,No
CUST01943,0.44663753752983176,One year,0,67.35,Yes
CUST01944,0.38640873850598423,One year,16,72.5,No
CUST01945,0.5357869493721104,Month-to-month,28,18.0,Yes
CUST01946,0.7012828133214191,Month-to-month,2,61.57,Yes
CUST01947,0.4911241361650241,Month-to-month,5,79.09,No
CUST01948,0.3779478955182433,Month-to-month,42,60.93,No
CUST01949,0.5102396415823022,Month-to-month,0,49.16,No
CUST01950,0.389055895031697,Month-to-month,27,54.7,No
CUST01951,0.5196630157287531,Month-to-month,12,51.48,Yes
CUST01952,0.31256199264983126,One year,11,49.08,No
CUST01953,0.671070942393526,One year,0,69.35,Yes
CUST01954,0.5597526005765565,Two year,34,120.0,Yes
CUST01955,0.39474118874294634,Two year,8,46.41,Yes
CUST01956,0.3595456320552665,One year,15,57.05,No
CUST01957,0.509880351825347,Month-to-month,22,63.71,No
CUST01958,0.34546126483464673,One year,24,47.82,No
CUST01959,0.24203668117911092,One year,62,92.46,No
CUST01960,0.3485755542117818,Month-to-month,15,18.0,No
CUST01961,0.4466352532846789,Month-to-month,10,51.72,No
CUST01962,0.12688076900775333,Two year,61,85.46,No
CUST01963,0.46963717083779327,Month-to-month,20,57.65,No
CUST01964,0.5133178579334934,One year,7,44.48,Yes
CUST01965,0.5618789165908609,One year,2,76.02,No
CUST01966,0.5521165684348376,Month-to-month,36,87.66,Yes
CUST01967,0.4623458026229896,Month-to-month,8,70.27,No
CUST01968,0.45437503386445494,Month-to-month,21,44.97,Yes
CUST01969,0.46270546274210145,Month-to-month,12,76.41,No
CUST01970,0.5917587921845666,Month-to-month,4,54.95,Yes
CUST01971,0.4073181127190225,Two year,18,83.63,Yes
CUST01972,0.5849002785996618,Month-to-month,1,102.08,No
CUST01973,0.44229995224069313,Month-to-month,10,18.0,Yes
CUST01974,0.462223827710783,Month-to-month,15,67.78,Yes
CUST01975,0.20466246560382617,Two year,11,21.61,No
CUST01976,0.5236523681006304,Month-to-month,27,120.0,No
CUST01977,0.5663221743410608,Month-to-month,35,53.3,Yes
CUST01978,0.33801418689128865,Two year,29,83.66,No
CUST01979,0.6458467322814323,Two year,0,64.12,Yes
CUST01980,0.6194073848236608,Month-to-month,4,44.92,No
CUST01981,0.18041402537380766,Two year,15,41.95,No
CUST01982,0.32022642815797125,Month-to-month,54,104.64,No
CUST01983,0.5259361189905273,Month-to-month,36,88.9,No
CUST01984,0.5733449675601071,Month-to-month,36,113.59,Yes
CUST01985,0.5242150545562753,Month-to-month,7,66.39,No
CUST01986,0.36290458313142343,One year,11,72.2,No
CUST01987,0.4341895235070552,Month-to-month,12,58.32,Yes
CUST01988,0.6472228730717339,Month-to-month,3,57.82,Yes
CUST01989,0.41624815177135,One year,0,38.95,No
CUST01990,0.12656531977441526,One year,58,67.1,No
CUST01991,0.5989050441368795,Month-to-month,5,45.27,No
CUST01992,0.47437792780460264,One year,5,76.05,Yes
CUST01993,0.6792353165321466,Month-to-month,1,69.25,Yes
CUST01994,0.3055870874865764,One year,52,72.19,No
CUST01995,0.4823891774437938,One year,17,106.88,No
CUST01996,0.23843963102094712,Two year,21,64.06,No
CUST01997,0.35810717777547113,Month-to-month,48,83.92,No
CUST01998,0.40526196044868046,Month-to-month,8,116.29,No
CUST01999,0.5962073996579498,Month-to-month,19,97.67,No
CUST02000,0.7312804571192563,Month-to-month,0,93.83,Yes
CUST02001,0.6858307165025217,Month-to-month,4,57.33,Yes
CUST02002,0.40449189030975274,Two year,35,70.74,No
CUST02003,0.4192312293274253,Month-to-month,29,32.04,No
CUST02004,0.5769264351180005,Month-to-month,8,77.47,No
CUST02005,0.32636957172034364,One year,9,71.86,No
CUST02006,0.5619466308615712,Month-to-month,15,65.58,No
CUST02007,0.27829305717509234,One year,0,90.68,No
CUST02008,0.7463561262536552,Month-to-month,5,34.81,Yes
CUST02009,0.7029507485388424,Month-to-month,4,105.87,Yes
CUST02010,0.7193616012183199,Month-to-month,5,87.54,Yes
CUST02011,0.5103526900282348,Month-to-month,32,63.23,No
CUST02012,0.23344750499171382,Two year,6,61.28,No
CUST02013,0.7187610280138237,Month-to-month,4,77.02,Yes
CUST02014,0.4953451822971379,Month-to-month,14,103.02,No
CUST02015,0.4319473740832287,Month-to-month,40,67.54,No
CUST02016,0.5431431383094228,Month-to-month,5,68.6,No
CUST02017,0.42077340053817835,Two year,1,65.45,No
CUST02018,0.5146664905701117,Month-to-month,8,109.55,No
CUST02019,0.32938032651361904,One year,27,55.78,Yes
CUST02020,0.3146244045865648,Two year,16,64.26,No
CUST02021,0.48192230388585977,One year,33,101.59,No
CUST02022,0.1458901384104352,Two year,64,68.68,No
CUST02023,0.5611469160499554,Month-to-month,31,93.43,No
CUST02024,0.44741599587332886,Month-to-month,18,42.22,No
CUST02025,0.44171105064567995,Month-to-month,13,59.87,No
CUST02026,0.533970337912108,One year,0,102.11,No
CUST02027,0.5880384243725935,Two year,72,48.09,Yes
CUST02028,0.48675783537007966,Month-to-month,9,61.22,Yes
CUST02029,0.6179502763336514,One year,3,71.42,Yes
CUST02030,0.44569114445951746,Month-to-month,21,40.27,No
CUST02031,0.45001019912138884,One year,6,54.65,No
CUST02032,0.4169343215276001,Month-to-month,17,67.82,No
CUST02033,0.2611447862200773,Two year,17,66.17,No
CUST02034,0.18558755655096426,One year,11,97.01,No
CUST02035,0.6105250979850279,Month-to-month,36,103.54,Yes
CUST02036,0.6034934460081345,Month-to-month,6,43.6,Yes
CUST02037,0.5299848583795971,Month-to-month,11,67.78,No
CUST02038,0.5457228442949617,Month-to-month,15,81.86,Yes
CUST02039,0.5688503914734484,Month-to-month,21,102.91,No
CUST02040,0.4575263767090852,Two year,30,82.96,No
CUST02041,0.378997712849382,One year,10,72.27,No
CUST02042,0.5068909271621156,Month-to-month,20,81.66,No
CUST02043,0.7156101755582286,Month-to-month,3,81.84,Yes
CUST02044,0.2994753303010794,Two year,53,41.81,No
CUST02045,0.30783281441820426,One year,9,69.82,No
CUST02046,0.5936741967635499,Month-to-month,26,101.48,No
CUST02047,0.32962259126762566,One year,0,59.82,No
CUST02048,0.6666078169902976,Month-to-month,4,68.24,No
CUST02049,0.3617701788473596,Month-to-month,13,58.94,No
CUST02050,0.3056954501499463,Month-to-month,42,18.0,No
CUST02051,0.4049869892432736,Month-to-month,14,65.51,No
CUST02052,0.3278285843021137,Month-to-month,53,72.54,No
CUST02053,0.4590034990833246,Two year,13,52.19,No
CUST02054,0.24242406811918044,Two year,13,36.13,No
CUST02055,0.612161997397143,One year,2,42.98,Yes
CUST02056,0.4291111307834416,Month-to-month,32,84.1,No
CUST02057,0.7049591065030988,Month-to-month,5,114.31,Yes
CUST02058,0.31176525609695843,One year,45,99.56,No
CUST02059,0.28689837382175265,Month-to-month,48,31.39,No
CUST02060,0.5930319187430562,Month-to-month,57,86.37,Yes
CUST02061,0.5928419850080757,Month-to-month,14,48.42,No
CUST02062,0.2706492402322903,Two year,22,50.44,No
CUST02063,0.40641283651916404,Month-to-month,30,53.45,No
CUST02064,0.6781420033582887,Month-to-month,2,82.65,No
CUST02065,0.61885501713507,One year,18,88.98,Yes
CUST02066,0.4904077397742903,Month-to-month,0,62.55,No
CUST02067,0.4305811875270545,Month-to-month,13,62.97,No
CUST02068,0.5843515126459733,Month-to-month,3,76.61,No
CUST02069,0.608982622660177,Month-to-month,4,79.2,No
CUST02070,0.5262947158098286,One year,9,94.41,No
CUST02071,0.37152810512857765,Month-to-month,11,32.89,No
CUST02072,0.44771205327809704,Month-to-month,19,65.5,No
CUST02073,0.2294055276190598,Two year,1,38.3,No
CUST02074,0.2754569596569541,Two year,14,63.73,No
CUST02075,0.30086290149458206,Two year,4,59.35,No
CUST02076,0.40053029214742364,Month-to-month,17,63.83,No
CUST02077,0.4103162237826017,Month-to-month,20,45.01,No
CUST02078,0.19443882402568063,Two year,16,27.82,No
CUST02079,0.22668343677486782,One year,26,18.0,No
CUST02080,0.5030166841653707,Month-to-month,8,61.72,Yes
CUST02081,0.6167547040774255,Month-to-month,28,54.22,No
CUST02082,0.49005918521067476,Month-to-month,11,48.1,No
CUST02083,0.43044098504470774,Two year,13,98.06,Yes
CUST02084,0.5252660271752593,Month-to-month,20,43.51,No
CUST02085,0.46345286099121824,Month-to-month,0,100.42,Yes
CUST02086,0.6233299416152718,Month-to-month,21,105.6,Yes
CUST02087,0.32511746791249807,One year,19,18.0,No
CUST02088,0.32258293609462496,Two year,7,67.31,No
CUST02089,0.6251548395818666,Month-to-month,1,55.01,Yes
CUST02090,0.3887473679561456,One year,1,18.0,No
CUST02091,0.20064449915183435,Two year,51,28.88,No
CUST02092,0.4623641974862894,Month-to-month,23,84.37,No
CUST02093,0.7698386210141439,Month-to-month,2,115.48,Yes
CUST02094,0.5834703913024076,Month-to-month,8,87.57,No
CUST02095,0.4240666049206008,One year,17,73.09,No
CUST02096,0.4905618578264472,One year,36,64.47,No
CUST02097,0.5869016885453633,One year,0,107.07,Yes
CUST02098,0.3623056691288229,One year,5,118.71,No
CUST02099,0.420469660795362,Month-to-month,44,50.33,No
CUST02100,0.21447354630304147,Two year,0,18.0,No
CUST02101,0.5067582768025158,Month-to-month,4,18.0,No
CUST02102,0.22379891110042993,Month-to-month,63,98.05,No
CUST02103,0.37872739912842185,One year,19,63.82,No
CUST02104,0.2911880274520037,One year,6,69.58,No
CUST02105,0.608781207643405,Month-to-month,1,20.23,Yes
CUST02106,0.28939525481654543,Two year,0,46.17,No
CUST02107,0.384665105374606,Two year,5,57.61,No
CUST02108,0.5368872754927034,Month-to-month,42,70.2,Yes
CUST02109,0.32144171443019226,Two year,10,55.04,No
CUST02110,0.3758163738347612,Month-to-month,25,39.07,No
CUST02111,0.45660253319884225,Month-to-month,50,45.39,Yes
CUST02112,0.517769988898078,Month-to-month,10,95.21,No
CUST02113,0.3123164697179369,Two year,4,71.12,Yes
CUST02114,0.2877479684621999,One year,14,80.3,No
CUST02115,0.46189235304139087,Month-to-month,47,42.53,Yes
CUST02116,0.39932393024069684,Month-to-month,32,18.0,No
CUST02117,0.6265326715670461,One year,1,51.92,Yes
CUST02118,0.4351322721563505,Month-to-month,23,43.34,No
CUST02119,0.24075403698437559,Two year,16,73.73,No
CUST02120,0.4786685289484587,Two year,47,120.0,Yes
CUST02121,0.6472919282262067,Month-to-month,2,82.38,No
CUST02122,0.3891955871461565,Two year,15,120.0,No
CUST02123,0.3865010093727487,Month-to-month,42,79.22,No
CUST02124,0.2450950510214837,Two year,10,49.25,No
CUST02125,0.2349481235432373,One year,13,73.7,No
CUST02126,0.5653269319957055,One year,1,109.52,Yes
CUST02127,0.45824466427884963,Month-to-month,6,110.74,No
CUST02128,0.2865663569588477,Two year,7,50.62,No
CUST02129,0.3289934829363024,Month-to-month,58,71.33,No
CUST02130,0.5199450833710068,Month-to-month,6,29.27,Yes
CUST02131,0.5127530672471277,Month-to-month,12,85.62,Yes
CUST02132,0.4600483993231032,One year,22,103.83,No
CUST02133,0.5963645890794043,Month-to-month,3,65.99,No
CUST02134,0.35379236837856526,One year,13,48.32,No
CUST02135,0.29979174397833497,Two year,26,74.0,No
CUST02136,0.48297105215636976,Month-to-month,40,75.44,No
CUST02137,0.4752879251948771,One year,19,67.03,No
CUST02138,0.44195141976680913,Month-to-month,22,69.47,No
CUST02139,0.3542714882480793,Two year,2,60.65,No
CUST02140,0.20966581591599578,Two year,58,89.9,No
CUST02141,0.5848323010169252,Month-to-month,2,83.41,No
CUST02142,0.46816583225400377,One year,29,40.42,No
CUST02143,0.5030818715813868,Month-to-month,6,39.74,No
CUST02144,0.4573411327760216,Month-to-month,54,58.64,Yes
CUST02145,0.46198701649887375,Two year,25,83.42,No
CUST02146,0.49125924470410304,Month-to-month,28,68.7,No
CUST02147,0.681398674887514,Month-to-month,4,48.92,Yes
CUST02148,0.3806584369792239,Month-to-month,11,71.54,No
CUST02149,0.44442576193803646,Two year,19,56.73,Yes
CUST02150,0.5691109924927172,Month-to-month,29,87.01,Yes
CUST02151,0.6632176074970727,Month-to-month,2,73.33,No
CUST02152,0.1359768704894427,One year,65,57.12,No
CUST02153,0.27453637644213663,Two year,44,70.79,No
CUST02154,0.5917094891956625,Month-to-month,6,97.88,No
CUST02155,0.5245733231484766,Month-to-month,34,50.76,No
CUST02156,0.48598265006771874,Month-to-month,14,75.07,No
CUST02157,0.4217402714189826,Month-to-month,12,63.24,No
CUST02158,0.5147871450136565,Month-to-month,7,75.67,Yes
CUST02159,0.23544037315137933,One year,17,48.64,No
CUST02160,0.5191174423712365,One year,26,67.76,Yes
CUST02161,0.5867534875568663,One year,10,92.7,Yes
CUST02162,0.5296606857201751,Month-to-month,19,41.57,No
CUST02163,0.2510650860557908,Two year,24,31.76,No
CUST02164,0.549552427950177,Month-to-month,24,32.71,Yes
CUST02165,0.22806670628685866,Two year,1,35.73,No
CUST02166,0.3855666971739942,One year,39,79.88,No
CUST02167,0.49825332078457135,Month-to-month,12,29.85,Yes
CUST02168,0.4605591902714654,One year,6,57.55,No
CUST02169,0.5869049775516744,Month-to-month,5,80.46,Yes
CUST02170,0.4401898290718155,One year,13,75.42,No
CUST02171,0.4005815845026441,Month-to-month,43,55.36,No
CUST02172,0.43386901297393193,Month-to-month,9,69.77,Yes
CUST02173,0.23183308499151375,Two year,27,67.68,No
CUST02174,0.6175267650204624,Month-to-month,2,59.39,No
CUST02175,0.2619848872802489,Two year,12,59.73,No
CUST02176,0.2515730511619183,Month-to-month,72,120.0,No
CUST02177,0.3035605111231972,One year,29,85.23,No
CUST02178,0.48311130568344723,One year,4,120.0,No
CUST02179,0.45725846756448896,Month-to-month,13,52.58,No
CUST02180,0.5065464444986573,Month-to-month,5,62.88,No
CUST02181,0.5210800492739458,Month-to-month,10,31.7,Yes
CUST02182,0.4732396631763566,Month-to-month,30,44.76,Yes
CUST02183,0.62598923142428,Month-to-month,29,112.55,No
CUST02184,0.3227144587173108,One year,5,51.95,No
CUST02185,0.3261881428740597,Two year,51,112.98,No
CUST02186,0.40206087977116683,Two year,17,33.92,No
CUST02187,0.2677143026292915,One year,9,38.66,No
CUST02188,0.3519843262546599,One year,13,56.47,No
CUST02189,0.4132088287751057,One year,18,63.41,No
CUST02190,0.43375826473330603,Month-to-month,16,88.08,No
CUST02191,0.24873871708580603,Two year,13,76.27,No
CUST02192,0.2753617443900437,One year,14,54.59,No
CUST02193,0.5711067928316874,One year,3,61.67,No
CUST02194,0.43090568066956614,Month-to-month,33,57.02,No
CUST02195,0.507934466872624,Month-to-month,15,42.13,Yes
CUST02196,0.5778552272393406,Month-to-month,2,42.8,No
CUST02197,0.29283201741135345,Two year,29,90.7,No
CUST02198,0.3111241006621423,Month-to-month,53,19.3,No
CUST02199,0.22004295198678206,Month-to-month,58,105.43,No
CUST02200,0.29563729432869534,Two year,9,56.43,Yes
CUST02201,0.74657599567868,Month-to-month,2,45.69,Yes
CUST02202,0.46720690833766193,Month-to-month,14,83.49,No
CUST02203,0.6887935279317873,Month-to-month,2,102.13,Yes
CUST02204,0.19531003420831813,One year,54,92.94,No
CUST02205,0.2727893618047022,Two year,4,77.55,No
CUST02206,0.7088701640247104,Month-to-month,5,92.17,Yes
CUST02207,0.2681145558157094,Two year,10,22.09,No
CUST02208,0.6069696954979066,Month-to-month,9,51.95,Yes
CUST02209,0.3216157719094806,Two year,31,42.22,No
CUST02210,0.611359306316017,One year,12,95.62,Yes
CUST02211,0.48373813518394393,Two year,3,55.41,No
CUST02212,0.5479126407096606,Month-to-month,6,86.14,No
CUST02213,0.22784831751407025,Two year,14,78.4,No
CUST02214,0.6535734016007452,One year,3,43.44,Yes
CUST02215,0.3889392654790582,Month-to-month,18,50.33,No
CUST02216,0.4510354640448352,Two year,16,97.35,Yes
CUST02217,0.5419512065385433,Month-to-month,25,45.61,No
CUST02218,0.1579216757598129,Two year,55,68.12,No
CUST02219,0.3951596354625746,Month-to-month,48,45.44,No
CUST02220,0.15328200173090553,One year,58,57.15,No
CUST02221,0.6594540039975867,Month-to-month,5,63.85,Yes
CUST02222,0.6281255608480487,Month-to-month,2,45.43,Yes
CUST02223,0.4741808681570028,Month-to-month,7,40.99,Yes
CUST02224,0.5637580668804959,Month-to-month,45,72.16,Yes
CUST02225,0.5366876607946981,Month-to-month,71,43.88,Yes
CUST02226,0.31485889245780707,Month-to-month,39,44.73,No
CUST02227,0.48132507749432984,One year,2,41.52,Yes
CUST02228,0.5822029697856519,Month-to-month,58,63.05,Yes
CUST02229,0.6132000678798079,Month-to-month,11,88.59,Yes
CUST02230,0.7455159994811819,One year,0,102.66,Yes
CUST02231,0.476388162053309,Month-to-month,11,46.85,Yes
CUST02232,0.28903081439461364,Two year,0,118.76,No
CUST02233,0.39570079661246704,Two year,15,39.88,No
CUST02234,0.4399924734505153,One year,8,92.09,No
CUST02235,0.24536930311195485,One year,12,46.96,No
CUST02236,0.32100880552709343,Two year,18,43.23,No
CUST02237,0.48524168139288176,Month-to-month,40,46.38,Yes
CUST02238,0.470095505297367,Month-to-month,21,63.69,Yes
CUST02239,0.4799308737608796,Month-to-month,11,79.5,No
CUST02240,0.39709680132716485,One year,34,81.75,No
CUST02241,0.36203691116770587,Month-to-month,47,41.4,Yes
CUST02242,0.511148145865341,One year,2,40.26,No
CUST02243,0.17453044253202624,Two year,15,42.08,No
CUST02244,0.29767743075054026,Two year,6,62.22,No
CUST02245,0.6990451945625729,Month-to-month,0,59.75,Yes
CUST02246,0.43526362121149265,Month-to-month,22,41.25,Yes
CUST02247,0.20677859985292837,Two year,39,71.74,No
CUST02248,0.4658998282597981,One year,3,120.0,No
CUST02249,0.34433222567749694,Month-to-month,33,52.38,No
CUST02250,0.40957442703016894,Month-to-month,38,54.16,Yes
CUST02251,0.24180569911352698,Two year,49,78.99,No
CUST02252,0.5889450158855264,One year,6,51.03,Yes
CUST02253,0.21546121644839078,Two year,46,81.72,No
CUST02254,0.3614097395384612,Two year,7,47.04,No
CUST02255,0.5315695874021032,One year,16,110.8,No
CUST02256,0.6371577521653906,Month-to-month,1,73.62,No
CUST02257,0.5553778605704099,Month-to-month,0,49.5,No
CUST02258,0.4477523304962393,Month-to-month,25,50.28,No
CUST02259,0.44802355616551276,Month-to-month,11,52.16,No
CUST02260,0.28378515606275345,One year,5,99.32,No
CUST02261,0.41964408122480523,One year,4,33.28,No
CUST02262,0.2915380828908879,Two year,22,48.3,No
CUST02263,0.6599803819948642,Month-to-month,0,50.96,Yes
CUST02264,0.32508736331738974,One year,32,64.61,Yes
CUST02265,0.6841335152948212,One year,1,58.22,Yes
CUST02266,0.25141011839168753,One year,4,27.72,No
CUST02267,0.3098472804130358,One year,9,55.0,No
CUST02268,0.42429629551537035,Month-to-month,13,62.51,No
CUST02269,0.40821800571164063,Month-to-month,8,49.3,No
CUST02270,0.44783997849376633,Month-to-month,7,82.17,Yes
CUST02271,0.5619994496419534,Month-to-month,66,87.99,Yes
CUST02272,0.5272614200573219,Month-to-month,20,63.04,No
CUST02273,0.604764405991802,One year,0,70.76,Yes
CUST02274,0.2350446124143788,Two year,11,18.0,No
CUST02275,0.30834728528176886,One year,41,54.47,Yes
CUST02276,0.4806120245468272,One year,7,90.12,No
CUST02277,0.6374456076733234,Month-to-month,1,54.41,No
CUST02278,0.36705641623609303,One year,28,46.57,No
CUST02279,0.6125362183362,Month-to-month,18,120.0,Yes
CUST02280,0.612387221274582,Month-to-month,16,110.48,Yes
CUST02281,0.6780161994221281,Month-to-month,1,76.69,No
CUST02282,0.5557801628876683,Month-to-month,3,93.47,No
CUST02283,0.5631944990019636,Month-to-month,19,18.0,Yes
CUST02284,0.6560705095663778,Month-to-month,4,45.31,Yes
CUST02285,0.40588781784880046,Month-to-month,14,53.25,No
CUST02286,0.3647923624104192,Two year,15,59.1,Yes
CUST02287,0.46585369302350493,Month-to-month,6,52.75,No
CUST02288,0.49052924476294046,Month-to-month,59,18.0,Yes
CUST02289,0.35968930983214586,Month-to-month,36,74.65,No
CUST02290,0.34423112715625304,One year,25,78.59,No
CUST02291,0.6019129625804467,Month-to-month,1,105.05,No
CUST02292,0.6909087628055108,Month-to-month,2,45.29,Yes
CUST02293,0.6029918108036504,Month-to-month,13,43.25,Yes
CUST02294,0.5022985118922159,Month-to-month,3,18.0,No
CUST02295,0.4509718585707091,Month-to-month,72,57.66,Yes
CUST02296,0.714692245697336,Month-to-month,3,87.53,Yes
CUST02297,0.5221564679300976,Month-to-month,13,49.71,Yes
CUST02298,0.5431267204655513,Month-to-month,9,118.59,Yes
CUST02299,0.5841495960886859,Month-to-month,20,58.59,Yes
CUST02300,0.5601041217471231,Two year,2,68.67,Yes
CUST02301,0.29859731740162354,One year,11,30.92,No
CUST02302,0.5049952898295994,Month-to-month,6,72.18,No
CUST02303,0.33024301661592786,Month-to-month,43,18.0,No
CUST02304,0.31195197704295746,Two year,0,82.34,No
CUST02305,0.3561219672386504,Month-to-month,49,83.11,No
CUST02306,0.5073903788036453,Month-to-month,35,98.98,Yes
CUST02307,0.2410947992251767,One year,7,39.5,No
CUST02308,0.5059860379032514,Month-to-month,31,69.01,Yes
CUST02309,0.4300234125517873,Month-to-month,0,79.1,No
CUST02310,0.25790154430192425,Month-to-month,68,76.06,No
CUST02311,0.46728455245300127,Two year,14,43.37,Yes
CUST02312,0.5352204533075013,Month-to-month,7,18.0,Yes
CUST02313,0.28761364613253154,One year,9,73.67,No
CUST02314,0.5645679270120536,Two year,1,61.19,Yes
CUST02315,0.38907915982673025,Month-to-month,72,50.83,No
CUST02316,0.7000937096502267,Month-to-month,0,84.1,Yes
CUST02317,0.4307128855163863,Month-to-month,21,63.88,No
CUST02318,0.4421097002247295,Month-to-month,11,32.02,No
CUST02319,0.33211092395787145,Month-to-month,59,18.0,No
CUST02320,0.38081441882822603,Two year,5,36.78,No
CUST02321,0.3860908011837042,One year,15,120.0,No
CUST02322,0.28916899819383163,One year,13,83.07,No
CUST02323,0.5438828487042909,Month-to-month,24,69.72,No
CUST02324,0.42924890350499373,Two year,1,60.46,No
CUST02325,0.23952513774918294,Two year,4,58.82,No
CUST02326,0.37634366585312606,Two year,4,94.18,No
CUST02327,0.4175575592200992,Month-to-month,26,52.74,No
CUST02328,0.39056862881075527,One year,4,79.42,No
CUST02329,0.4985681173552043,Month-to-month,17,56.29,No
CUST02330,0.7139706660370585,Month-to-month,4,113.5,Yes
CUST02331,0.5598439507940668,Month-to-month,39,83.56,Yes
CUST02332,0.26523200722182055,One year,57,96.14,No
CUST02333,0.3993741982489387,One year,14,50.39,No
CUST02334,0.4423451344581465,Month-to-month,8,91.45,No
CUST02335,0.62780794470319,Month-to-month,5,57.19,No
CUST02336,0.5345963055489102,Month-to-month,1,67.75,Yes
CUST02337,0.5398905131530822,Month-to-month,6,105.88,No
CUST02338,0.537232162096981,Month-to-month,21,38.93,No
CUST02339,0.4303075350024566,Month-to-month,15,70.08,No
CUST02340,0.24517554087953608,One year,57,75.95,No
CUST02341,0.43179253143138396,Month-to-month,10,78.0,No
CUST02342,0.4248469052846407,Month-to-month,23,53.73,No
CUST02343,0.5836557421004077,Month-to-month,13,117.16,No
CUST02344,0.20765629226603757,Two year,14,32.63,No
CUST02345,0.39734696678357084,One year,6,101.47,No
CUST02346,0.5325821912215778,One year,12,95.38,Yes
CUST02347,0.5869634113985679,Month-to-month,12,112.52,Yes
CUST02348,0.3723088602961859,One year,24,25.29,Yes
CUST02349,0.5873143026030192,Month-to-month,56,43.28,Yes
CUST02350,0.5198910833166973,One year,7,102.3,Yes
CUST02351,0.7001793557846703,Two year,0,18.07,Yes
CUST02352,0.35969306547524577,One year,13,24.84,No
CUST02353,0.3174536613032761,Two year,15,52.79,No
CUST02354,0.527303174410614,One year,3,69.8,No
CUST02355,0.5014101263197617,Month-to-month,28,104.81,No
CUST02356,0.29952662824243026,Two year,72,60.37,No
CUST02357,0.3249927495575688,Month-to-month,58,49.79,Yes
CUST02358,0.6247088562904914,Month-to-month,4,72.78,Yes
CUST02359,0.5151961591279922,Month-to-month,41,76.74,No
CUST02360,0.4497333922701582,Month-to-month,24,76.03,No
CUST02361,0.4211715576241777,Month-to-month,12,60.55,No
CUST02362,0.46760030030908806,Month-to-month,15,18.0,No
CUST02363,0.48130100071693005,Month-to-month,37,42.06,No
CUST02364,0.6183290363061756,One year,13,100.51,Yes
CUST02365,0.4596222647974375,Month-to-month,9,69.68,Yes
CUST02366,0.41238681747231176,Month-to-month,13,56.94,No
CUST02367,0.4685741732739857,One year,17,92.95,No
CUST02368,0.593292890264649,Month-to-month,4,36.75,Yes
CUST02369,0.24756878755009093,One year,46,59.37,No
CUST02370,0.24908686470593214,One year,22,68.44,No
CUST02371,0.2597324890005977,Two year,20,53.97,Yes
CUST02372,0.5562732175586945,One year,2,67.52,No
CUST02373,0.5407911894332464,Month-to-month,18,60.31,No
CUST02374,0.6248127079863164,One year,2,30.02,Yes
CUST02375,0.6525804390264013,Month-to-month,1,69.54,No
CUST02376,0.41693770198750896,Month-to-month,14,31.79,No
CUST02377,0.44487480417231423,One year,10,69.14,No
CUST02378,0.6339128890162864,Month-to-month,17,99.35,No
CUST02379,0.3727212624809021,One year,1,57.97,No
CUST02380,0.23833212555054814,Two year,11,35.71,No
CUST02381,0.3994039128619923,Two year,3,61.83,No
CUST02382,0.28370214492689994,Two year,72,44.2,No
CUST02383,0.5282734134956448,Month-to-month,16,79.86,No
CUST02384,0.523539155882369,Month-to-month,23,61.3,No
CUST02385,0.30487360798516244,One year,7,107.74,No
CUST02386,0.7092306140477934,Month-to-month,1,94.07,No
CUST02387,0.505523139286293,One year,72,61.17,Yes
CUST02388,0.5626341751965068,One year,6,82.89,Yes
CUST02389,0.5024001553656408,One year,11,55.17,Yes
CUST02390,0.48354331486831725,Month-to-month,20,65.85,No
CUST02391,0.7172927303458017,Month-to-month,0,55.96,Yes
CUST02392,0.6168984387804306,Month-to-month,33,84.16,No
CUST02393,0.6063731332094906,Month-to-month,15,100.82,Yes
CUST02394,0.27075969019719226,Two year,6,84.97,No
CUST02395,0.7803403121864189,Month-to-month,1,88.05,Yes
CUST02396,0.705751742629527,Month-to-month,3,88.08,Yes
CUST02397,0.37076204550384323,Month-to-month,45,78.78,No
CUST02398,0.38732543638480293,One year,23,36.52,Yes
CUST02399,0.40177753030664304,One year,5,107.52,No
CUST02400,0.6754474871533883,Month-to-month,1,110.11,Yes
CUST02401,0.5109304222000582,Month-to-month,23,59.15,No
CUST02402,0.5840156101691154,Month-to-month,16,55.73,Yes
CUST02403,0.5331849104375725,Month-to-month,10,80.31,No
CUST02404,0.30872501834188987,One year,9,78.77,No
CUST02405,0.31048210371174984,One year,4,59.95,No
CUST02406,0.4560688866924304,Month-to-month,22,33.75,Yes
CUST02407,0.3553041867045677,Month-to-month,70,72.64,No
CUST02408,0.44369413880005404,Two year,3,78.79,No
CUST02409,0.5938640074650758,Month-to-month,18,83.15,No
CUST02410,0.4503887659715992,One year,11,73.73,Yes
CUST02411,0.4394195344686186,Month-to-month,11,58.22,No
CUST02412,0.6373135799098621,Month-to-month,5,89.85,No
CUST02413,0.5339080795974571,Month-to-month,34,66.65,Yes
CUST02414,0.46232672174839673,Month-to-month,13,53.38,Yes
CUST02415,0.24279405889199113,Two year,15,60.48,No
CUST02416,0.4306357316052838,Month-to-month,7,21.35,No
CUST02417,0.7136448641614469,Month-to-month,4,60.44,Yes
CUST02418,0.6661374204033891,Month-to-month,1,82.21,No
CUST02419,0.4832865176208987,Month-to-month,25,73.49,Yes
CUST02420,0.7648751634914944,Month-to-month,4,103.02,Yes
CUST02421,0.48943920673715496,Month-to-month,23,58.43,Yes
CUST02422,0.3816470262138767,One year,9,77.18,No
CUST02423,0.3814532823590263,Month-to-month,10,84.82,No
CUST02424,0.5002314139857575,Month-to-month,12,120.0,No
CUST02425,0.35791580531394146,Two year,9,68.62,Yes
CUST02426,0.685006582351185,Month-to-month,2,38.9,No
CUST02427,0.4890549545544657,Two year,7,86.2,Yes
CUST02428,0.48748423197580815,Month-to-month,21,111.64,No
CUST02429,0.27198459009358683,Two year,21,56.94,No
CUST02430,0.3576564978704301,One year,6,86.03,No
CUST02431,0.4571969100654354,Two year,12,95.72,Yes
CUST02432,0.5730621505354241,Two year,4,90.43,No
CUST02433,0.6358097987767625,Month-to-month,4,68.14,Yes
CUST02434,0.5075451747081432,Two year,0,47.54,No
CUST02435,0.35477872031829577,Month-to-month,45,62.97,No
CUST02436,0.6213313351789317,Month-to-month,4,76.47,No
CUST02437,0.7055680307091043,Month-to-month,5,87.71,Yes
CUST02438,0.4781461273022256,Month-to-month,6,73.35,No
CUST02439,0.5187707510366075,Month-to-month,2,55.5,No
CUST02440,0.3401386610555357,One year,20,78.88,No
CUST02441,0.6269105430990445,Month-to-month,1,86.5,No
CUST02442,0.4029181168257888,One year,2,74.49,No
CUST02443,0.261823897189853,Two year,20,44.1,No
CUST02444,0.4615950270158538,Month-to-month,8,60.46,No
CUST02445,0.5214889389914544,Month-to-month,24,88.7,No
CUST02446,0.5569931258108656,Month-to-month,16,30.42,No
CUST02447,0.5157468026468279,Month-to-month,5,18.0,No
CUST02448,0.6620262613273673,Month-to-month,21,102.7,No
CUST02449,0.6689248280814277,Month-to-month,2,77.79,No
CUST02450,0.36452393170054426,Month-to-month,15,80.17,No
CUST02451,0.3886651099553059,Two year,11,38.08,Yes
CUST02452,0.3125397356819567,One year,6,83.44,No
CUST02453,0.4928725914781995,Month-to-month,18,71.88,Yes
CUST02454,0.29379063881456324,One year,41,25.39,No
CUST02455,0.23081315656977894,Month-to-month,72,100.61,No
CUST02456,0.519991524714882,Month-to-month,18,68.97,No
CUST02457,0.4086221249686738,One year,10,55.1,Yes
CUST02458,0.6279446667435166,Month-to-month,5,55.55,Yes
CUST02459,0.5432552947550408,Month-to-month,5,18.0,No
CUST02460,0.22795837967762464,Two year,13,79.83,No
CUST02461,0.26637662763862624,Two year,9,71.55,No
CUST02462,0.2257955808811962,One year,49,60.15,No
CUST02463,0.4985347808780425,One year,9,96.96,No
CUST02464,0.40206056577846105,One year,9,30.4,No
CUST02465,0.44779618174981417,Month-to-month,9,50.08,No
CUST02466,0.512799970591753,Month-to-month,36,43.75,No
CUST02467,0.42581143902518953,Month-to-month,21,58.03,No
CUST02468,0.5461816404563227,Month-to-month,19,66.69,No
CUST02469,0.5006216833755995,Month-to-month,8,75.75,No
CUST02470,0.48078607611135277,Month-to-month,34,56.33,No
CUST02471,0.33886001917174213,Two year,0,43.07,No
CUST02472,0.21236974802070882,Two year,40,107.15,No
CUST02473,0.48431062876033265,One year,14,120.0,No
CUST02474,0.5204433902404559,Month-to-month,10,68.58,No
CUST02475,0.2927125649189533,Two year,13,46.08,No
CUST02476,0.5520724558303652,Month-to-month,22,101.89,No
CUST02477,0.6203872988089127,One year,0,28.83,Yes
CUST02478,0.5623153561354414,Month-to-month,41,56.63,No
CUST02479,0.2805253332227393,One year,11,47.6,No
CUST02480,0.44463349490449106,Month-to-month,8,36.01,No
CUST02481,0.38986918796950315,Two year,2,58.0,No
CUST02482,0.2950509086088453,Two year,11,43.4,No
CUST02483,0.5092926696463685,Month-to-month,13,65.32,No
CUST02484,0.4801683371124069,Month-to-month,10,65.68,Yes
CUST02485,0.20822062369437852,Two year,22,49.47,No
CUST02486,0.585759265077522,Month-to-month,10,55.74,Yes
CUST02487,0.17972922719709084,Two year,65,59.23,No
CUST02488,0.389407284360862,One year,18,85.25,No
CUST02489,0.5098994795444406,Month-to-month,32,61.29,Yes
CUST02490,0.6440480845145526,Month-to-month,2,85.62,Yes
CUST02491,0.5001618178642214,Month-to-month,10,79.65,No
CUST02492,0.3611483499136681,One year,8,79.29,No
CUST02493,0.5571808554230371,Month-to-month,16,99.7,No
CUST02494,0.453984835922404,Month-to-month,39,37.02,No
CUST02495,0.7154614117984173,Month-to-month,1,53.17,Yes
CUST02496,0.5749013112949348,One year,1,109.08,No
CUST02497,0.6043107667667679,Two year,37,58.57,Yes
CUST02498,0.3811609926419361,Two year,4,18.0,No
CUST02499,0.4118321764247455,Month-to-month,22,59.93,No
CUST02500,0.33336379222933926,Two year,15,68.37,No
CUST02501,0.3008651476464887,One year,35,18.0,No
CUST02502,0.4187971138763563,One year,2,98.35,No
CUST02503,0.5737220671459642,Two year,2,47.16,Yes
CUST02504,0.4796494317624465,Month-to-month,16,73.21,No
CUST02505,0.3080508751578037,Month-to-month,58,59.35,No
CUST02506,0.24674978530084973,Two year,10,32.79,No
CUST02507,0.43026647627829995,Month-to-month,7,38.24,No
CUST02508,0.29975900314174697,Two year,18,41.62,No
CUST02509,0.1336941701328106,Two year,53,92.14,No
CUST02510,0.4223106637823741,Month-to-month,36,61.31,No
CUST02511,0.16419310123863165,Two year,72,51.95,No
CUST02512,0.5126160103479368,Month-to-month,0,41.63,No
CUST02513,0.6558785234642633,Month-to-month,2,94.9,No
CUST02514,0.5025387289279063,One year,18,101.61,Yes
CUST02515,0.2731402602492547,Two year,34,94.62,No
CUST02516,0.5722769135356498,Month-to-month,6,77.31,Yes
CUST02517,0.6421802038100394,Month-to-month,5,72.25,Yes
CUST02518,0.3733420782169572,One year,30,34.6,No
CUST02519,0.4185954754782337,One year,1,58.85,No
CUST02520,0.4058053847773903,One year,9,47.9,Yes
CUST02521,0.3852779852408974,Month-to-month,14,19.36,No
CUST02522,0.5494962920553035,Month-to-month,16,91.43,No
CUST02523,0.4591955306549674,Month-to-month,26,47.6,Yes
CUST02524,0.37624063165832555,Two year,8,94.9,No
CUST02525,0.6642367584328441,Month-to-month,18,87.04,No
CUST02526,0.4910601819256564,Month-to-month,17,78.92,Yes
CUST02527,0.3166474312702746,Two year,15,80.32,No
CUST02528,0.49079107242935754,Month-to-month,20,49.62,Yes
CUST02529,0.38142769080472283,Two year,6,111.45,No
CUST02530,0.42502982471435774,One year,1,66.08,No
CUST02531,0.539513329148546,Two year,2,72.55,No
CUST02532,0.5920903968811264,Month-to-month,5,48.77,Yes
CUST02533,0.4123118579602865,Month-to-month,13,41.72,Yes
CUST02534,0.4992220476096599,One year,36,76.93,Yes
CUST02535,0.4731928779901352,Two year,24,70.44,No
CUST02536,0.46048264333191957,One year,31,45.27,No
CUST02537,0.6465832485364021,Month-to-month,8,29.04,Yes
CUST02538,0.29065171373294985,One year,10,33.25,No
CUST02539,0.4330271991553721,One year,10,94.9,No
CUST02540,0.4490337040554555,One year,4,49.67,No
CUST02541,0.4621413868741485,One year,1,56.53,No
CUST02542,0.33197145373237563,Two year,17,101.26,No
CUST02543,0.18283175290059872,One year,72,36.95,No
CUST02544,0.6314127077222639,Month-to-month,3,46.83,Yes
CUST02545,0.6884515597005874,Month-to-month,0,45.78,Yes
CUST02546,0.5489029236821101,Month-to-month,30,105.45,No
CUST02547,0.7321484422205345,Month-to-month,5,114.83,Yes
CUST02548,0.4047789972396298,Month-to-month,35,83.79,No
CUST02549,0.4966968709810922,Month-to-month,24,84.58,No
CUST02550,0.45920937458030636,Month-to-month,58,50.49,No
CUST02551,0.41035899382017993,Month-to-month,10,113.68,No
CUST02552,0.32780489595837137,Two year,21,71.69,Yes
CUST02553,0.46295895899498435,Two year,12,86.33,No
CUST02554,0.42593834035790984,Month-to-month,19,62.36,No
CUST02555,0.2603421387039131,Two year,11,58.3,No
CUST02556,0.7138119382430833,Month-to-month,4,106.58,Yes
CUST02557,0.5896261907723086,Month-to-month,14,78.49,No
CUST02558,0.5976706089681252,Month-to-month,15,101.28,No
CUST02559,0.5907624503626586,Month-to-month,33,71.38,No
CUST02560,0.42349912791530075,One year,26,43.79,Yes
CUST02561,0.23703210561997998,One year,21,50.42,No
CUST02562,0.6854397576603334,Month-to-month,2,67.57,Yes
CUST02563,0.5291337671551676,Month-to-month,25,49.34,No
CUST02564,0.5538604084430677,Month-to-month,13,37.31,No
CUST02565,0.4064239818806594,Month-to-month,44,95.04,No
CUST02566,0.5390515161442998,Month-to-month,50,51.38,Yes
CUST02567,0.6033796025893938,Month-to-month,1,68.45,No
CUST02568,0.2974975252387426,Two year,34,72.4,No
CUST02569,0.2048951489199381,Two year,0,50.3,No
CUST02570,0.48149859271034395,Month-to-month,9,101.27,No
CUST02571,0.3372521843679516,Two year,15,37.07,No
CUST02572,0.6165498979263433,Month-to-month,3,71.54,No
CUST02573,0.4743350033297524,Month-to-month,27,71.15,No
CUST02574,0.7170039725315452,Month-to-month,0,63.64,Yes
CUST02575,0.3374644716779072,One year,3,32.58,No
CUST02576,0.5208824292364134,Two year,17,86.77,Yes
CUST02577,0.25183279396522484,One year,25,83.59,No
CUST02578,0.4193386465215428,Month-to-month,49,48.11,No
CUST02579,0.4134595230672941,One year,24,82.69,Yes
CUST02580,0.3851274359997629,Month-to-month,22,74.37,No
CUST02581,0.19907773972571488,Two year,10,32.98,No
CUST02582,0.6218798393634715,Month-to-month,0,43.65,Yes
CUST02583,0.5975010589644341,Month-to-month,2,93.46,No
CUST02584,0.37631664029833056,One year,15,72.74,Yes
CUST02585,0.43332445523816093,One year,22,50.89,No
CUST02586,0.4270292302242634,Month-to-month,10,43.54,No
CUST02587,0.2487652276719717,One year,26,52.12,No
CUST02588,0.505641243664098,Month-to-month,14,53.89,Yes
CUST02589,0.53239964011447,One year,1,43.85,No
CUST02590,0.40555440271304777,Two year,4,21.46,No
CUST02591,0.256466976766715,Two year,36,93.5,No
CUST02592,0.4827411169963397,One year,25,89.27,No
CUST02593,0.5917348363716765,Month-to-month,45,33.17,No
CUST02594,0.7146603266115978,Month-to-month,2,68.41,Yes
CUST02595,0.2823672423371386,One year,72,42.44,No
CUST02596,0.716748750911055,Month-to-month,4,58.46,Yes
CUST02597,0.49492656204132146,Month-to-month,0,56.38,No
CUST02598,0.4481601960128594,Month-to-month,72,54.3,No
CUST02599,0.6518160277943826,Month-to-month,6,115.07,Yes
CUST02600,0.2754728295343708,One year,22,53.99,No
CUST02601,0.6487970382364778,Month-to-month,3,44.79,No
CUST02602,0.324695621098918,One year,17,45.94,No
CUST02603,0.34003060140218966,Month-to-month,46,91.09,No
CUST02604,0.3414016911789115,Month-to-month,7,23.7,No
CUST02605,0.4677170986984134,Month-to-month,22,45.93,No
CUST02606,0.7917368617860759,Month-to-month,4,101.17,Yes
CUST02607,0.3979293706514049,Month-to-month,19,71.1,No
CUST02608,0.4089662253817989,One year,8,69.8,No
CUST02609,0.6324291250438848,Month-to-month,4,118.3,No
CUST02610,0.2713817424912744,Two year,7,71.16,No
CUST02611,0.7240047483443398,Month-to-month,3,47.3,Yes
CUST02612,0.4835624682810162,Month-to-month,46,57.95,No
CUST02613,0.3737026193234001,One year,10,36.61,No
CUST02614,0.6737092900355013,Month-to-month,5,96.4,Yes
CUST02615,0.5134805482808037,Month-to-month,11,79.36,Yes
CUST02616,0.5403808238556937,Month-to-month,7,93.11,No
CUST02617,0.4736624538796297,Month-to-month,27,95.32,No
CUST02618,0.587426907476146,Two year,70,54.64,Yes
CUST02619,0.4743946905825976,Month-to-month,11,41.38,No
CUST02620,0.3622807108706191,One year,39,63.71,No
CUST02621,0.3819867108806419,Two year,16,43.18,No
CUST02622,0.6826525284989163,Month-to-month,3,69.12,Yes
CUST02623,0.3841526622997883,Two year,23,93.3,No
CUST02624,0.5302495875745421,Month-to-month,14,60.8,No
CUST02625,0.2833793741113037,Two year,21,68.75,No
CUST02626,0.4586505705217228,Month-to-month,44,62.65,No
CUST02627,0.3027091989093679,One year,11,85.07,No
CUST02628,0.4657192687732067,Month-to-month,46,48.31,Yes
CUST02629,0.3577911581795621,Month-to-month,27,18.0,No
CUST02630,0.48838206297639103,One year,13,76.77,No
CUST02631,0.44959964299636984,One year,18,89.7,No
CUST02632,0.39773884798062903,Month-to-month,7,76.16,No
CUST02633,0.21556284527438374,Month-to-month,72,48.99,No
CUST02634,0.4127720350346997,One year,22,36.62,No
CUST02635,0.2518926138999329,One year,0,77.36,No
CUST02636,0.36956442255471006,Two year,7,68.54,Yes
CUST02637,0.28584432917532504,One year,19,61.86,No
CUST02638,0.43537477864859647,Two year,1,110.56,No
CUST02639,0.5366417054389142,One year,0,41.33,Yes
CUST02640,0.5981813210295658,Month-to-month,11,109.38,No
CUST02641,0.4953748916493504,Month-to-month,8,65.79,No
CUST02642,0.23262408582104788,One year,11,19.11,No
CUST02643,0.30147562404337863,One year,6,60.52,No
CUST02644,0.700235103053044,Month-to-month,3,88.99,Yes
CUST02645,0.4777716409827448,Month-to-month,23,55.87,No
CUST02646,0.17401469405200756,Two year,14,28.13,No
CUST02647,0.6069440145422016,Month-to-month,4,60.89,No
CUST02648,0.5452520511979957,Month-to-month,7,43.57,Yes
CUST02649,0.43183095823257056,Month-to-month,17,77.3,No
CUST02650,0.7707818342937953,Month-to-month,1,84.33,Yes
CUST02651,0.560964803917328,Month-to-month,3,38.59,No
CUST02652,0.708243476014264,Month-to-month,1,47.35,Yes
CUST02653,0.4215893000224194,Month-to-month,33,83.92,Yes
CUST02654,0.28683282845260366,One year,27,43.53,No
CUST02655,0.4021773627782191,Month-to-month,27,37.95,Yes
CUST02656,0.2939360417719475,Two year,25,35.53,No
CUST02657,0.22053900365101073,Two year,22,73.8,No
CUST02658,0.47541924726948714,Month-to-month,12,72.73,No
CUST02659,0.4109019249672389,One year,20,47.9,No
CUST02660,0.6629075332108242,Month-to-month,0,65.13,Yes
CUST02661,0.367275689626583,Two year,19,103.18,Yes
CUST02662,0.3966267342045512,Month-to-month,30,40.65,No
CUST02663,0.3299564508572971,One year,13,18.0,No
CUST02664,0.4649550026899959,One year,8,76.38,No
CUST02665,0.5585808677475153,Month-to-month,6,62.24,Yes
CUST02666,0.5239125578980408,Month-to-month,20,47.25,Yes
CUST02667,0.43175337774528294,One year,23,81.3,No
CUST02668,0.5303540017112294,One year,40,85.98,Yes
CUST02669,0.46165271376682027,Month-to-month,8,18.0,No
CUST02670,0.2285845101329576,One year,29,48.69,No
CUST02671,0.5565292398630869,Month-to-month,16,120.0,Yes
CUST02672,0.39300472390648616,One year,42,79.59,No
CUST02673,0.4272318710314369,Month-to-month,15,81.9,No
CUST02674,0.394168475730407,Two year,14,94.32,No
CUST02675,0.5005893193276946,Month-to-month,17,65.43,No
CUST02676,0.3764079363152665,Month-to-month,27,84.92,No
CUST02677,0.22579662674305975,Month-to-month,66,82.95,No
CUST02678,0.7374586365236824,Month-to-month,1,78.48,Yes
CUST02679,0.5557807291067205,Month-to-month,1,56.95,No
CUST02680,0.3607903159601999,Month-to-month,55,69.3,No
CUST02681,0.48003632664104123,Two year,15,50.29,Yes
CUST02682,0.5846582754917407,Month-to-month,19,65.32,No
CUST02683,0.5049308183818312,Month-to-month,13,35.79,No
CUST02684,0.6523480347085956,Month-to-month,1,45.23,Yes
CUST02685,0.5369379868325985,Month-to-month,29,57.94,No
CUST02686,0.6180628879620511,Month-to-month,27,41.41,Yes
CUST02687,0.4763838804315398,Month-to-month,7,52.37,No
CUST02688,0.49280665683571434,Month-to-month,7,60.9,Yes
CUST02689,0.4993554826084063,Month-to-month,36,75.06,No
CUST02690,0.6075411545451339,Month-to-month,1,88.73,Yes
CUST02691,0.49517475555359447,One year,42,53.41,No
CUST02692,0.697875758949808,Month-to-month,5,98.38,Yes
CUST02693,0.5928523035460112,Month-to-month,17,88.47,Yes
CUST02694,0.2629229042828025,Two year,54,77.6,No
CUST02695,0.5103294178637238,Month-to-month,22,68.84,No
CUST02696,0.34747154149894505,One year,10,72.98,No
CUST02697,0.5316434434249063,Month-to-month,23,94.68,No
CUST02698,0.4320586633726616,One year,8,95.59,No
CUST02699,0.4045728634722092,One year,6,98.37,No
CUST02700,0.2387536446171467,Month-to-month,72,66.03,No
CUST02701,0.2542885187605185,Two year,27,78.87,No
CUST02702,0.6157242870662157,Month-to-month,20,98.59,No
CUST02703,0.574517471857978,Month-to-month,8,49.41,No
CUST02704,0.3888358111998983,One year,1,57.04,No
CUST02705,0.49776822893954864,Two year,0,65.4,No
CUST02706,0.509423799949026,Month-to-month,16,87.49,No
CUST02707,0.6907860909608243,Month-to-month,28,87.88,Yes
CUST02708,0.6094023159117183,Month-to-month,15,59.23,Yes
CUST02709,0.5285031042814256,Month-to-month,36,27.28,Yes
CUST02710,0.3615530813652489,One year,0,71.15,No
CUST02711,0.5525582888100129,Month-to-month,9,42.04,Yes
CUST02712,0.6790931018665805,Month-to-month,5,27.75,Yes
CUST02713,0.5319601212920753,Month-to-month,11,33.4,No
CUST02714,0.6483887073141976,Month-to-month,1,73.16,No
CUST02715,0.2825410681073486,Month-to-month,61,99.03,Yes
CUST02716,0.30487909618264686,One year,5,65.97,No
CUST02717,0.3289077539582401,Two year,51,70.28,No
CUST02718,0.5593491642045196,Two year,11,94.57,Yes
CUST02719,0.2823249099422033,Month-to-month,72,26.39,No
CUST02720,0.4738689153782339,Two year,16,78.0,Yes
CUST02721,0.17225278877991745,One year,53,64.71,No
CUST02722,0.4619893767243716,One year,0,79.15,No
CUST02723,0.391394965130347,Month-to-month,27,52.91,No
CUST02724,0.4931229249264919,Month-to-month,46,44.55,No
CUST02725,0.7102913621882978,Month-to-month,3,68.51,Yes
CUST02726,0.7311892883112321,Month-to-month,2,106.23,Yes
CUST02727,0.4244238915890543,Month-to-month,11,86.52,No
CUST02728,0.3034380509780059,Month-to-month,54,52.31,No
CUST02729,0.4283703091334388,Month-to-month,15,31.48,No
CUST02730,0.5051590454972668,One year,14,22.95,Yes
CUST02731,0.7042890351547603,Month-to-month,3,97.9,Yes
CUST02732,0.5873326821877035,Month-to-month,0,41.12,Yes
CUST02733,0.2077394496468851,Two year,33,56.86,No
CUST02734,0.39749448723703146,Two year,1,98.03,No
CUST02735,0.3059301943412021,One year,20,24.65,Yes
CUST02736,0.24824496241918761,Two year,49,102.31,No
CUST02737,0.7157296814416797,Month-to-month,4,58.66,Yes
CUST02738,0.20985946662340177,Two year,21,36.29,No
CUST02739,0.5345868623856229,Month-to-month,1,58.82,No
CUST02740,0.4981853800073349,Month-to-month,18,46.94,No
CUST02741,0.6213824272855912,Month-to-month,3,76.02,No
CUST02742,0.4812078191268007,Month-to-month,26,48.8,Yes
CUST02743,0.5916509666008676,Month-to-month,7,18.0,Yes
CUST02744,0.24741148988602293,One year,12,59.49,No
CUST02745,0.18714138589296617,One year,18,31.09,No
CUST02746,0.537505195333693,One year,3,70.11,Yes
CUST02747,0.5556702139768522,Month-to-month,27,35.32,No
CUST02748,0.3161787572613862,Two year,7,52.8,No
CUST02749,0.3197542245021221,One year,21,69.56,No
CUST02750,0.6327750733616936,Month-to-month,3,59.69,No
CUST02751,0.2569233303346092,One year,23,71.26,No
CUST02752,0.6129140343818501,Month-to-month,2,82.01,No
CUST02753,0.3588306396454003,Month-to-month,11,36.05,No
CUST02754,0.480229724696535,Two year,5,63.39,Yes
CUST02755,0.3505629888879747,Month-to-month,27,18.0,No
CUST02756,0.607316884993,Month-to-month,6,71.18,Yes
CUST02757,0.22655270315702353,Two year,42,57.48,No
CUST02758,0.12719033962867468,One year,44,40.41,No
CUST02759,0.6760347967238641,Month-to-month,4,72.89,Yes
CUST02760,0.53484338372295,Month-to-month,19,94.32,No
CUST02761,0.5057459586347638,Month-to-month,1,53.1,No
CUST02762,0.4194535202118732,One year,9,41.38,No
CUST02763,0.5346546033773641,Month-to-month,24,69.13,Yes
CUST02764,0.5452238326065377,Month-to-month,21,31.61,Yes
CUST02765,0.23913863889627662,Two year,19,48.49,No
CUST02766,0.5762959382727852,Month-to-month,6,95.56,No
CUST02767,0.4151056957201094,Month-to-month,9,66.55,No
CUST02768,0.552011825129813,Month-to-month,2,18.01,No
CUST02769,0.261606779692634,One year,25,20.08,No
CUST02770,0.4419145070363087,Month-to-month,14,69.05,No
CUST02771,0.5392102891425149,Month-to-month,24,86.56,No
CUST02772,0.593626380383017,Two year,5,24.56,Yes
CUST02773,0.5138128180220795,Month-to-month,7,76.24,No
CUST02774,0.5717167268078374,Month-to-month,8,98.26,No
CUST02775,0.7391949620628986,Month-to-month,0,112.2,Yes
CUST02776,0.46107227380641885,Month-to-month,8,73.28,Yes
CUST02777,0.36221304733107895,Month-to-month,32,77.67,No
CUST02778,0.29072096045989954,Month-to-month,45,18.0,No
CUST02779,0.6164029601644302,Month-to-month,14,117.49,No
CUST02780,0.5772271866920762,Month-to-month,12,50.61,Yes
CUST02781,0.6464962266716615,Two year,0,41.66,Yes
CUST02782,0.39217908671583,Two year,42,58.62,Yes
CUST02783,0.4905713426342114,One year,0,102.79,No
CUST02784,0.4800910749877373,Two year,57,120.0,No
CUST02785,0.5059132908812,Month-to-month,13,68.14,Yes
CUST02786,0.4759357604672406,Two year,8,89.95,Yes
CUST02787,0.3503549136593074,Month-to-month,51,66.08,No
CUST02788,0.33866293261471175,Two year,0,39.06,No
CUST02789,0.5118327282641366,Two year,17,101.92,No
CUST02790,0.24745137931673003,One year,15,49.45,No
CUST02791,0.47046441697532726,Two year,4,103.39,No
CUST02792,0.47845083755311313,One year,11,97.46,No
CUST02793,0.5265962378869051,Month-to-month,21,80.35,Yes
CUST02794,0.6214950130277043,Month-to-month,25,110.72,Yes
CUST02795,0.6917750710505254,One year,0,120.0,Yes
CUST02796,0.284330176678444,Month-to-month,55,60.62,No
CUST02797,0.6425036806163527,One year,3,44.78,Yes
CUST02798,0.3954285935797184,Two year,5,18.39,No
CUST02799,0.5056029304214034,Month-to-month,6,120.0,No
CUST02800,0.5618864872208916,One year,0,54.01,Yes
CUST02801,0.42344860108047355,Two year,2,93.38,No
CUST02802,0.28020395258306857,Two year,72,46.47,No
CUST02803,0.49379767928546625,Two year,7,103.46,Yes
CUST02804,0.7219365020066527,Month-to-month,2,47.5,Yes
CUST02805,0.5943647939677745,Two year,2,35.21,Yes
CUST02806,0.2850192996237991,One year,25,59.79,No
CUST02807,0.44620673422986307,Month-to-month,38,51.71,No
CUST02808,0.5540713870720964,Month-to-month,5,79.91,No
CUST02809,0.5121869183539901,One year,0,63.72,No
CUST02810,0.6188610765381712,Month-to-month,5,80.69,Yes
CUST02811,0.6685047600013505,One year,1,57.72,Yes
CUST02812,0.5949936287501586,One year,2,48.37,Yes
CUST02813,0.390726450329822,Month-to-month,11,50.41,No
CUST02814,0.5635877985341208,One year,5,116.12,Yes
CUST02815,0.4309717462952824,One year,14,70.63,Yes
CUST02816,0.45583975649911773,Month-to-month,5,18.0,No
CUST02817,0.32877178970390164,Month-to-month,56,51.99,No
CUST02818,0.6015468508505256,Month-to-month,47,67.42,Yes
CUST02819,0.605516401795006,Month-to-month,16,111.13,No
CUST02820,0.4670030334642433,Two year,8,90.72,Yes
CUST02821,0.4616848598585848,Month-to-month,9,41.96,No
CUST02822,0.41411144852569143,One year,10,120.0,No
CUST02823,0.5041376316456586,Month-to-month,26,64.22,Yes
CUST02824,0.5836562920168538,Month-to-month,12,96.16,Yes
CUST02825,0.4138649280390799,Two year,38,36.12,No
CUST02826,0.2435652474180983,One year,57,18.0,No
CUST02827,0.5289388135163384,Month-to-month,8,29.79,Yes
CUST02828,0.5011034651366886,Month-to-month,16,18.0,Yes
CUST02829,0.5503712953262052,Month-to-month,1,117.8,Yes
CUST02830,0.6392575884149947,Month-to-month,4,70.36,No
CUST02831,0.27610419779264306,One year,10,41.88,No
CUST02832,0.5854762744776334,Month-to-month,4,76.32,No
CUST02833,0.5630299318584758,Month-to-month,41,69.73,Yes
CUST02834,0.6744609239281312,Month-to-month,3,80.52,Yes
CUST02835,0.40748719769383,Two year,12,95.24,Yes
CUST02836,0.2531995712047926,Two year,18,57.75,No
CUST02837,0.5014308518155883,Month-to-month,23,43.0,No
CUST02838,0.4127318086472262,One year,9,85.69,No
CUST02839,0.41531795889842393,Month-to-month,40,85.06,No
CUST02840,0.5008613027850984,Month-to-month,16,67.52,No
CUST02841,0.5721166757844408,One year,11,119.44,Yes
CUST02842,0.3844295219724881,Two year,1,54.05,No
CUST02843,0.2022496293142183,Two year,12,42.5,No
CUST02844,0.4201931009701213,One year,34,75.45,Yes
CUST02845,0.556517153748777,Month-to-month,19,48.13,Yes
CUST02846,0.2639106902981548,One year,35,77.39,No
CUST02847,0.4429219654765346,Month-to-month,13,44.17,No
CUST02848,0.4907027076251769,One year,2,54.99,No
CUST02849,0.6562154036067005,Month-to-month,0,112.27,No
CUST02850,0.3101704158196087,One year,7,54.86,No
CUST02851,0.4576489532244839,Month-to-month,23,45.03,No
CUST02852,0.4664483890012631,Month-to-month,31,94.27,No
CUST02853,0.3173498206368383,Two year,7,38.72,No
CUST02854,0.45709077606448134,Month-to-month,13,47.68,No
CUST02855,0.4831905175330414,Month-to-month,10,79.41,Yes
CUST02856,0.5272893927321616,Month-to-month,10,88.46,Yes
CUST02857,0.5653088364555386,Month-to-month,5,95.51,No
CUST02858,0.7017188724237626,Month-to-month,2,46.32,Yes
CUST02859,0.6346214422086626,Month-to-month,4,79.9,Yes
CUST02860,0.42003794325923594,Two year,1,53.35,No
CUST02861,0.6230927903786821,Month-to-month,4,49.86,No
CUST02862,0.5459148750083704,Two year,0,95.08,Yes
CUST02863,0.33257868074274893,One year,19,51.26,No
CUST02864,0.4849914173963184,Month-to-month,7,71.96,No
CUST02865,0.21526624712089468,One year,72,68.89,No
CUST02866,0.727226760386958,Month-to-month,4,38.23,Yes
CUST02867,0.43892797737197553,One year,8,89.15,No
CUST02868,0.4424581776292854,Month-to-month,8,79.01,No
CUST02869,0.6358586251053512,Month-to-month,0,18.0,Yes
CUST02870,0.28549956124038933,Two year,36,71.94,No
CUST02871,0.30351567193765905,Two year,0,45.68,No
CUST02872,0.13637201401334262,Two year,56,92.43,No
CUST02873,0.3683666740837193,Month-to-month,44,28.87,No
CUST02874,0.2056816508183904,One year,15,56.09,No
CUST02875,0.6037191220802189,Month-to-month,15,74.05,Yes
CUST02876,0.3534144565554772,Month-to-month,21,66.36,No
CUST02877,0.554453441386051,Month-to-month,9,84.07,Yes
CUST02878,0.29995504141331425,One year,20,27.04,No
CUST02879,0.47862198752110174,Month-to-month,0,106.3,Yes
CUST02880,0.6749090889091874,Month-to-month,1,78.13,Yes
CUST02881,0.3265622148736411,Two year,12,98.99,No
CUST02882,0.5946352655940753,Month-to-month,15,86.86,No
CUST02883,0.5561250496869375,Month-to-month,43,64.71,Yes
CUST02884,0.5642019109968998,Month-to-month,2,32.9,No
CUST02885,0.26536049837124254,Two year,34,50.91,No
CUST02886,0.576931776105093,Month-to-month,4,104.74,No
CUST02887,0.5152365083423446,Month-to-month,10,99.64,No
CUST02888,0.19899702526208066,Two year,7,49.51,No
CUST02889,0.32958553892786463,Two year,10,18.0,No
CUST02890,0.6960059456893588,Month-to-month,3,59.68,Yes
CUST02891,0.41873680496014126,One year,14,57.81,No
CUST02892,0.2630197376279125,One year,32,58.76,No
CUST02893,0.36946043497720743,One year,11,78.21,No
CUST02894,0.5775083196841584,Month-to-month,13,86.91,Yes
CUST02895,0.32222084741627127,Two year,37,89.76,No
CUST02896,0.4375581324985262,Month-to-month,24,76.14,Yes
CUST02897,0.3204448881103077,Month-to-month,13,19.98,No
CUST02898,0.6969643227305616,Month-to-month,5,56.47,Yes
CUST02899,0.5055132772682911,Month-to-month,43,120.0,Yes
CUST02900,0.44109515820068607,Month-to-month,17,74.36,Yes
CUST02901,0.3485807740059716,One year,4,74.2,No
CUST02902,0.49854874902701013,Month-to-month,6,73.99,Yes
CUST02903,0.44026528956049354,Month-to-month,32,75.38,Yes
CUST02904,0.497613831187827,Month-to-month,0,18.0,No
CUST02905,0.488912010159026,Month-to-month,72,59.01,No
CUST02906,0.2892616332658357,Two year,2,64.05,No
CUST02907,0.6024733692848036,Month-to-month,31,97.04,No
CUST02908,0.47427224725153105,Month-to-month,10,66.19,No
CUST02909,0.4169243876571377,Month-to-month,13,23.84,No
CUST02910,0.4414600665076433,Month-to-month,42,75.75,No
CUST02911,0.4650624136833562,Month-to-month,10,44.9,No
CUST02912,0.4670677180667536,One year,15,34.58,Yes
CUST02913,0.3649090526590733,Two year,1,44.15,No
CUST02914,0.6387385658826427,Month-to-month,0,78.56,Yes
CUST02915,0.7450102085363239,One year,5,96.47,Yes
CUST02916,0.35247057362167566,One year,22,77.07,No
CUST02917,0.43099166168686925,Two year,2,80.8,No
CUST02918,0.6196027776934568,Month-to-month,2,76.83,No
CUST02919,0.5018603792816926,Month-to-month,10,67.53,No
CUST02920,0.573190683646004,Month-to-month,20,82.42,Yes
CUST02921,0.2414527101566949,One year,24,18.0,No
CUST02922,0.3104287889633558,Two year,3,67.78,No
CUST02923,0.5586470499130974,Month-to-month,1,38.88,No
CUST02924,0.48837943980425025,Month-to-month,56,94.07,Yes
CUST02925,0.31659939621085825,Two year,6,61.32,No
CUST02926,0.3942695478348687,Two year,38,65.77,No
CUST02927,0.2592363388066893,Two year,39,27.37,No
CUST02928,0.4892487859014937,One year,29,90.42,No
CUST02929,0.727890162794951,Month-to-month,3,80.68,Yes
CUST02930,0.3397263058374332,One year,34,78.92,No
CUST02931,0.3479484669382903,One year,29,44.67,Yes
CUST02932,0.521059902966335,Month-to-month,18,45.66,Yes
CUST02933,0.4152086895387798,Month-to-month,8,70.59,Yes
CUST02934,0.5435582440393908,One year,6,47.64,Yes
CUST02935,0.6700726354518253,Month-to-month,2,75.87,Yes
CUST02936,0.25321628039671484,One year,14,18.0,No
CUST02937,0.40367599359760353,One year,17,52.81,No
CUST02938,0.4477374312821547,Two year,8,109.92,No
CUST02939,0.36496966986327395,Month-to-month,12,75.99,No
CUST02940,0.48400387564096803,Month-to-month,9,69.17,No
CUST02941,0.40245230681430466,One year,20,114.63,No
CUST02942,0.41446845859016146,Month-to-month,46,18.0,Yes
CUST02943,0.5003569162091029,One year,3,44.62,No
CUST02944,0.22391254308008549,One year,9,54.97,No
CUST02945,0.7505020890957169,Month-to-month,3,86.46,Yes
CUST02946,0.5766836886706571,Month-to-month,19,86.89,Yes
CUST02947,0.5322944070072885,Month-to-month,26,43.35,Yes
CUST02948,0.33265641713631716,Month-to-month,53,89.95,No
CUST02949,0.3694354081853961,Two year,6,54.92,No
CUST02950,0.376106742882223,Two year,59,95.29,No
CUST02951,0.2776617319938322,One year,1,39.18,No
CUST02952,0.2330249831547208,One year,18,61.92,No
CUST02953,0.6374153762417061,Month-to-month,1,52.75,Yes
CUST02954,0.5691059704719169,Two year,44,91.4,Yes
CUST02955,0.3017164663322497,One year,15,51.93,No
CUST02956,0.2522271933125454,One year,22,63.94,No
CUST02957,0.2160382517659227,Two year,35,77.67,No
CUST02958,0.6788059857006017,Month-to-month,3,78.63,Yes
CUST02959,0.5805104715577102,Two year,0,87.17,No
CUST02960,0.36650881405185926,Month-to-month,42,70.28,No
CUST02961,0.4783341193318257,Month-to-month,7,54.54,No
CUST02962,0.6034205016947182,Month-to-month,2,56.26,Yes
CUST02963,0.3473685697783949,Two year,12,65.64,No
CUST02964,0.2388732363826457,Two year,18,71.24,No
CUST02965,0.39667489897321806,One year,0,61.32,No
CUST02966,0.44395481444435825,One year,6,65.48,No
CUST02967,0.36213206458708264,One year,0,27.07,No
CUST02968,0.42938367578283704,Two year,10,81.68,No
CUST02969,0.3195700182604928,Month-to-month,45,69.53,No
CUST02970,0.26259626982238277,Month-to-month,72,90.05,No
CUST02971,0.39925545566023324,Month-to-month,20,65.0,No
CUST02972,0.5533999151483043,One year,3,21.54,Yes
CUST02973,0.510872863964556,One year,47,56.04,Yes
CUST02974,0.3976008706324378,Month-to-month,14,60.0,No
CUST02975,0.7507920871662026,Month-to-month,3,83.57,Yes
CUST02976,0.1814294572817992,Two year,50,18.0,No
CUST02977,0.4171999896168186,Month-to-month,28,66.03,No
CUST02978,0.18436668706103337,One year,26,77.84,No
CUST02979,0.39020848327499913,Two year,24,48.46,No
CUST02980,0.6080338418574265,Month-to-month,4,66.87,No
CUST02981,0.6021599156892732,Month-to-month,4,49.32,No
CUST02982,0.4450341752481491,One year,23,46.76,No
CUST02983,0.44317400341952956,Two year,4,54.79,No
CUST02984,0.4452624469053358,Month-to-month,11,47.23,No
CUST02985,0.3873472500955673,Two year,30,82.09,No
CUST02986,0.5244482924144775,Month-to-month,30,46.63,No
CUST02987,0.4004598872676541,Month-to-month,12,42.43,No
CUST02988,0.41955337906737034,One year,31,109.2,No
CUST02989,0.4749654062300271,Two year,36,89.02,No
CUST02990,0.3982888537703533,Month-to-month,21,18.46,No
CUST02991,0.364962522889031,Two year,5,45.88,No
CUST02992,0.2807697167602138,One year,6,71.06,No
CUST02993,0.41134622838560925,Month-to-month,7,73.09,No
CUST02994,0.66924224133471,Month-to-month,2,27.74,Yes
CUST02995,0.29468024508851454,Two year,6,93.96,No
CUST02996,0.6416316544856068,Month-to-month,4,85.63,Yes
CUST02997,0.42293277563526727,Month-to-month,12,77.05,No
CUST02998,0.5642906623973134,Month-to-month,47,98.92,No
CUST02999,0.4720622054042905,Two year,2,76.31,No
CUST03000,0.4443892609883723,One year,25,76.21,No
CUST03001,0.40229294952487293,One year,23,103.94,No
CUST03002,0.6178376589365022,Month-to-month,2,92.53,Yes
CUST03003,0.19035365929041675,One year,51,43.96,No
CUST03004,0.4838525349837026,One year,16,80.83,No
CUST03005,0.36836637803132805,Two year,9,48.39,Yes
CUST03006,0.33044328799941924,Two year,28,77.6,Yes
CUST03007,0.5720857779472683,Month-to-month,5,76.92,No
CUST03008,0.3143712040504856,One year,23,30.41,No
CUST03009,0.6408176212643919,Month-to-month,0,61.95,Yes
CUST03010,0.610060556560592,Month-to-month,36,71.63,Yes
CUST03011,0.4378731329892934,Month-to-month,11,54.09,No
CUST03012,0.625962724895334,Month-to-month,20,72.87,Yes
CUST03013,0.5592686426595533,Month-to-month,5,85.15,No
CUST03014,0.2872545298795535,One year,22,64.24,No
CUST03015,0.4816159898453034,Month-to-month,29,70.61,No
CUST03016,0.46015278122540026,One year,12,99.59,No
CUST03017,0.45510634625840923,Month-to-month,19,76.83,No
CUST03018,0.47941948638250637,Month-to-month,12,70.02,No
CUST03019,0.26947861576625715,One year,44,41.05,No
CUST03020,0.4973481535601794,Month-to-month,13,81.78,No
CUST03021,0.3992971046609852,Month-to-month,36,73.25,No
CUST03022,0.40411513812319144,One year,32,97.09,No
CUST03023,0.42574903161275607,Month-to-month,10,66.17,No
CUST03024,0.4302195120491106,Month-to-month,5,19.59,No
CUST03025,0.31168537956212883,Month-to-month,10,22.5,No
CUST03026,0.33353194171455086,Two year,34,83.39,No
CUST03027,0.3983135189768717,One year,5,50.75,Yes
CUST03028,0.26265137202749705,One year,14,75.92,No
CUST03029,0.2646063492893815,One year,32,67.86,No
CUST03030,0.5452082584574197,Month-to-month,8,60.83,Yes
CUST03031,0.42169090061218034,Month-to-month,20,62.59,No
CUST03032,0.4434360743752258,One year,5,43.37,Yes
CUST03033,0.7125395277960935,Month-to-month,2,64.61,Yes
CUST03034,0.4916385012001942,Month-to-month,31,50.39,No
CUST03035,0.7223733996524448,Month-to-month,2,55.69,Yes
CUST03036,0.6215936395296523,Month-to-month,6,56.91,Yes
CUST03037,0.312699995873596,Two year,38,59.33,No
CUST03038,0.5465875025562079,Month-to-month,8,88.05,No
CUST03039,0.32137266739372583,Month-to-month,72,61.76,No
CUST03040,0.26897592270020754,Month-to-month,72,90.59,Yes
CUST03041,0.3832157307418722,Two year,6,103.45,No
CUST03042,0.4667215903537499,Month-to-month,0,86.37,No
CUST03043,0.4659110466796567,Month-to-month,24,78.36,No
CUST03044,0.33010951528505544,One year,11,73.17,No
CUST03045,0.5044398106018035,One year,2,86.63,No
CUST03046,0.48496093329737955,Month-to-month,24,67.23,Yes
CUST03047,0.60799631572717,Month-to-month,0,89.61,No
CUST03048,0.30485218692497634,Month-to-month,40,80.35,No
CUST03049,0.6780376046029698,Month-to-month,2,56.0,Yes
CUST03050,0.6307603405551352,Month-to-month,2,87.4,Yes
CUST03051,0.667839473940799,Month-to-month,3,67.29,No
CUST03052,0.29977422266780107,Month-to-month,64,62.35,No
CUST03053,0.5426624089361404,Month-to-month,23,53.1,No
CUST03054,0.2864856382270842,One year,32,69.15,No
CUST03055,0.49416068422662945,Two year,10,89.91,Yes
CUST03056,0.4889441454185521,One year,8,87.22,Yes
CUST03057,0.5290605010762987,Month-to-month,5,73.83,No
CUST03058,0.5713655582646595,Month-to-month,13,79.99,Yes
CUST03059,0.33850700291005303,Two year,16,96.79,No
CUST03060,0.44789920516399545,Month-to-month,19,61.25,No
CUST03061,0.6886750314085043,Month-to-month,5,37.11,Yes
CUST03062,0.20983002668800718,One year,59,97.53,No
CUST03063,0.3871732514826526,One year,3,51.76,No
CUST03064,0.5127192622045285,One year,67,47.74,Yes
CUST03065,0.5155239396642972,Month-to-month,0,20.1,No
CUST03066,0.6144722877004029,Month-to-month,13,79.28,Yes
CUST03067,0.5858386957707484,Two year,8,24.46,Yes
CUST03068,0.39439251457988556,Month-to-month,11,46.24,No
CUST03069,0.41050521413935326,One year,16,79.71,No
CUST03070,0.524845408904921,One year,11,83.05,Yes
CUST03071,0.22203279044302854,One year,10,48.71,No
CUST03072,0.5309663968625459,Month-to-month,26,61.65,No
CUST03073,0.563174481528596,Month-to-month,23,43.19,No
CUST03074,0.4908293878514231,One year,35,51.29,Yes
CUST03075,0.5761314453925959,Two year,5,71.66,Yes
CUST03076,0.3634139811567212,Two year,18,52.46,No
CUST03077,0.4646785508231006,Month-to-month,17,58.89,No
CUST03078,0.6099537249883724,Month-to-month,9,28.38,Yes
CUST03079,0.5685314243578362,Two year,13,93.32,Yes
CUST03080,0.35221013633150017,One year,7,77.75,No
CUST03081,0.565430695207224,Two year,3,84.82,No
CUST03082,0.5692633491231666,Month-to-month,4,97.26,No
CUST03083,0.6487162183338203,One year,2,44.37,Yes
CUST03084,0.46505822690010595,One year,22,56.04,Yes
CUST03085,0.3300768272596006,One year,21,18.0,No
CUST03086,0.2380019295136636,Month-to-month,60,120.0,No
CUST03087,0.43077751841943723,Month-to-month,26,61.26,No
CUST03088,0.5904325668215651,One year,1,90.97,Yes
CUST03089,0.29618227211542036,Month-to-month,43,34.05,No
CUST03090,0.6053774076361098,Month-to-month,39,89.91,Yes
CUST03091,0.33766323743974264,Two year,11,111.44,No
CUST03092,0.46077072941396824,Month-to-month,17,63.49,Yes
CUST03093,0.20671692457273727,Two year,72,39.73,No
CUST03094,0.4944432842119113,Month-to-month,15,61.53,No
CUST03095,0.40994269427872465,One year,47,18.0,Yes
CUST03096,0.3497389268144709,Two year,1,64.05,No
CUST03097,0.6079599317274073,Month-to-month,4,85.52,No
CUST03098,0.41763244501363284,Month-to-month,11,64.11,No
CUST03099,0.5269390026288093,Month-to-month,17,57.9,No
CUST03100,0.4329245161838308,Month-to-month,33,78.19,Yes
CUST03101,0.19313400956084772,One year,72,80.1,No
CUST03102,0.23796413922679668,Two year,9,23.5,No
CUST03103,0.4801462973659125,Month-to-month,0,67.22,No
CUST03104,0.4686631207887988,Month-to-month,32,120.0,No
CUST03105,0.5706202738299636,Month-to-month,18,31.62,Yes
CUST03106,0.6117376901573182,One year,4,62.86,Yes
CUST03107,0.4480972238745853,Month-to-month,13,113.54,No
CUST03108,0.3364741018678635,One year,27,92.6,No
CUST03109,0.2420805467883665,One year,29,52.17,No
CUST03110,0.29558835665914296,One year,13,70.15,No
CUST03111,0.5259495654427288,Month-to-month,7,64.95,Yes
CUST03112,0.17226150571744436,One year,72,46.3,No
CUST03113,0.5524398908747536,Month-to-month,21,63.14,No
CUST03114,0.5390104403327609,Month-to-month,10,58.0,No
CUST03115,0.20889742551302887,Two year,6,67.82,No
CUST03116,0.20549775885920013,One year,26,46.29,No
CUST03117,0.571993494894388,Month-to-month,5,33.08,No
CUST03118,0.6039873249399593,Month-to-month,3,63.97,Yes
CUST03119,0.5630704579324355,Month-to-month,15,107.88,Yes
CUST03120,0.5148939078132735,Month-to-month,6,67.06,No
CUST03121,0.4274357383662366,Month-to-month,19,56.71,No
CUST03122,0.6737927514207247,Month-to-month,2,83.85,Yes
CUST03123,0.4890818845145841,Month-to-month,21,61.04,No
CUST03124,0.5224346796060932,One year,6,111.7,Yes
CUST03125,0.38772966000487474,One year,0,64.9,No
CUST03126,0.4539858703759372,One year,2,82.51,No
CUST03127,0.30535018053611146,Month-to-month,54,46.13,No
CUST03128,0.3337009542675415,Two year,40,77.58,Yes
CUST03129,0.34443529598342004,Two year,5,71.88,No
CUST03130,0.34248815511712505,Two year,30,63.59,No
CUST03131,0.22206947292049278,Two year,18,52.46,No
CUST03132,0.6430442276168976,Two year,70,49.05,Yes
CUST03133,0.4771968207698672,Month-to-month,9,72.06,Yes
CUST03134,0.4939053485606588,Month-to-month,22,80.72,No
CUST03135,0.31239175492029403,One year,1,61.82,No
CUST03136,0.23898647053664435,One year,10,72.18,No
CUST03137,0.2579784668891236,One year,66,64.05,No
CUST03138,0.5149171049758772,Month-to-month,15,67.46,No
CUST03139,0.462012078006576,Month-to-month,6,59.99,Yes
CUST03140,0.6470003287616122,Month-to-month,2,65.45,No
CUST03141,0.5451004176206673,Two year,24,120.0,Yes
CUST03142,0.16966227317998045,One year,20,72.79,No
CUST03143,0.4621529401055691,Month-to-month,9,81.13,No
CUST03144,0.47205416873267114,Month-to-month,60,75.95,No
CUST03145,0.6841804438873428,Month-to-month,0,58.43,Yes
CUST03146,0.28812432567286345,Two year,7,97.35,No
CUST03147,0.38292076602754144,One year,50,57.72,No
CUST03148,0.5416724646879676,One year,7,91.38,Yes
CUST03149,0.6688611889206959,Month-to-month,5,56.64,Yes
CUST03150,0.32657125904849926,One year,15,41.0,No
CUST03151,0.37492210511108204,Month-to-month,34,74.13,No
CUST03152,0.4120839804893399,One year,2,37.38,No
CUST03153,0.3375178214491969,Month-to-month,57,78.39,No
CUST03154,0.46104420489192494,Month-to-month,31,35.15,No
CUST03155,0.5328411887120167,One year,3,57.02,Yes
CUST03156,0.16830293643632166,Two year,24,29.21,No
CUST03157,0.4580456154952013,Month-to-month,9,120.0,No
CUST03158,0.23323362370454578,Two year,10,23.65,No
CUST03159,0.5475780328528773,Month-to-month,30,65.25,No
CUST03160,0.6382788659906644,Month-to-month,65,93.58,Yes
CUST03161,0.6655698786460346,Month-to-month,2,90.91,Yes
CUST03162,0.4528263258383077,Month-to-month,10,86.28,Yes
CUST03163,0.41392766969620376,Month-to-month,13,57.07,No
CUST03164,0.5097174558838528,Month-to-month,9,98.78,Yes
CUST03165,0.5199698147174172,Month-to-month,9,87.83,Yes
CUST03166,0.4848757230367806,Two year,1,70.31,No
CUST03167,0.5177109505684282,Month-to-month,23,71.01,No
CUST03168,0.4203138651846595,One year,11,57.4,Yes
CUST03169,0.6823399177761793,Month-to-month,4,42.26,No
CUST03170,0.4991944456499651,One year,33,95.93,No
CUST03171,0.5880828296589535,Month-to-month,32,97.81,Yes
CUST03172,0.4418314727605433,Month-to-month,13,42.9,No
CUST03173,0.4083174403408723,Month-to-month,7,61.16,No
CUST03174,0.5220719927308861,Month-to-month,20,61.41,No
CUST03175,0.5952522028824447,Month-to-month,6,64.18,Yes
CUST03176,0.6098636866366444,One year,5,66.61,Yes
CUST03177,0.42863688145665935,Two year,26,88.67,Yes
CUST03178,0.3332386001947148,Two year,0,46.32,No
CUST03179,0.4682040569651172,One year,1,43.84,No
CUST03180,0.3670299442722649,Month-to-month,0,95.92,No
CUST03181,0.6040970616918264,Month-to-month,3,53.43,No
CUST03182,0.6435806917954863,Month-to-month,1,33.42,No
CUST03183,0.3123503267209744,Month-to-month,72,52.87,No
CUST03184,0.5479956968664417,Month-to-month,6,56.75,No
CUST03185,0.723846568412831,Month-to-month,3,103.87,Yes
CUST03186,0.7023287952488207,Month-to-month,5,88.12,Yes
CUST03187,0.6105795539201376,Month-to-month,55,93.69,Yes
CUST03188,0.3682858834461928,Two year,14,85.5,No
CUST03189,0.46654915094021987,One year,9,88.66,Yes
CUST03190,0.38302957697761514,Month-to-month,41,47.8,No
CUST03191,0.2857349116252375,Two year,10,60.03,No
CUST03192,0.29912243507743486,Two year,8,40.25,No
CUST03193,0.7152336727496995,Month-to-month,4,59.74,Yes
CUST03194,0.5736938852931632,Month-to-month,9,82.1,Yes
CUST03195,0.5134701818860598,Month-to-month,7,68.36,Yes
CUST03196,0.22159086219899182,Two year,22,97.79,No
CUST03197,0.5273544337636621,Two year,6,36.46,Yes
CUST03198,0.46302064194112497,Month-to-month,17,77.51,Yes
CUST03199,0.6619325443317265,Month-to-month,1,33.79,Yes
CUST03200,0.3398648748148832,One year,4,67.35,No
CUST03201,0.6273304643928355,Month-to-month,10,83.51,Yes
CUST03202,0.4083819370280222,Month-to-month,55,59.64,No
CUST03203,0.27590112157581875,Two year,9,78.78,No
CUST03204,0.3740200067948047,One year,21,41.01,Yes
CUST03205,0.543252353693637,Two year,5,23.41,No
CUST03206,0.5880619791180415,Two year,2,78.93,Yes
CUST03207,0.3270384407593824,One year,1,108.6,No
CUST03208,0.6406061383893252,Month-to-month,7,40.1,Yes
CUST03209,0.4027655768998425,One year,3,95.55,Yes
CUST03210,0.6717633636245088,Month-to-month,3,66.09,Yes
CUST03211,0.3990563088982693,One year,28,31.61,No
CUST03212,0.6888049146010728,Month-to-month,0,36.71,Yes
CUST03213,0.265474361919693,One year,16,65.39,No
CUST03214,0.3926836720567817,Month-to-month,9,54.89,No
CUST03215,0.4984204997815443,Month-to-month,14,32.18,No
CUST03216,0.3510886778519052,Month-to-month,16,22.65,No
CUST03217,0.4126276649189839,Month-to-month,7,43.83,No
CUST03218,0.33292485829941193,One year,6,69.85,No
CUST03219,0.4555833101205923,One year,26,64.84,No
CUST03220,0.5084296321047838,Month-to-month,41,52.47,No
CUST03221,0.6158083111727887,Month-to-month,4,70.05,No
CUST03222,0.7105929321095041,Month-to-month,2,91.0,Yes
CUST03223,0.3903460711902765,Month-to-month,45,74.85,No
CUST03224,0.5424570880045839,Month-to-month,8,61.97,Yes
CUST03225,0.37642548681256227,Two year,16,88.2,No
CUST03226,0.4484419751188449,Month-to-month,8,41.0,No
CUST03227,0.693004856063748,Month-to-month,2,59.38,No
CUST03228,0.3888289607089262,Month-to-month,17,59.97,No
CUST03229,0.3792278873485314,Month-to-month,14,34.08,No
CUST03230,0.6799455852644488,Month-to-month,4,54.5,No
CUST03231,0.32143773965561506,One year,12,18.0,No
CUST03232,0.5802758426044299,Month-to-month,31,112.8,Yes
CUST03233,0.41445449638628207,Month-to-month,17,41.56,No
CUST03234,0.668922713789717,Month-to-month,2,104.65,No
CUST03235,0.38080394257916944,Month-to-month,15,65.95,No
CUST03236,0.5089500154839631,Month-to-month,24,79.12,Yes
CUST03237,0.33178558697536625,Two year,31,52.78,No
CUST03238,0.278676583048868,One year,19,70.2,No
CUST03239,0.4713520731291964,One year,3,81.26,Yes
CUST03240,0.36676833756565996,Month-to-month,24,81.61,No
CUST03241,0.4980671394462153,Month-to-month,22,84.37,No
CUST03242,0.5808366686485638,Month-to-month,0,55.79,Yes
CUST03243,0.4493919691849706,One year,10,52.99,No
CUST03244,0.2713869026932736,One year,8,25.15,No
CUST03245,0.47599092833054407,Month-to-month,22,78.08,No
CUST03246,0.623502013376566,Month-to-month,4,92.06,No
CUST03247,0.5501302220818911,Month-to-month,17,105.4,No
CUST03248,0.3962542046890731,Two year,48,72.63,No
CUST03249,0.5184543477815666,One year,31,45.84,Yes
CUST03250,0.4448160107681107,Month-to-month,50,22.57,No
CUST03251,0.2319117826477505,Month-to-month,72,91.04,No
CUST03252,0.33786845747998645,One year,0,20.09,No
CUST03253,0.41585607274380676,Month-to-month,19,56.48,Yes
CUST03254,0.49323438991558255,Month-to-month,10,59.39,Yes
CUST03255,0.417761332075943,Month-to-month,39,63.26,No
CUST03256,0.28756713188613625,One year,5,65.9,No
CUST03257,0.4134648482222194,Month-to-month,72,68.45,No
CUST03258,0.4718914486235024,Month-to-month,19,18.0,Yes
CUST03259,0.43605154496586557,Two year,31,65.37,No
CUST03260,0.4997696583573359,Month-to-month,1,18.0,No
CUST03261,0.5508558068932262,Month-to-month,4,83.31,No
CUST03262,0.5291205522300008,Month-to-month,28,51.12,Yes
CUST03263,0.5298680863298406,Month-to-month,0,18.0,No
CUST03264,0.2545328054043463,One year,33,44.64,No
CUST03265,0.541264999148008,Month-to-month,0,50.75,No
CUST03266,0.5485344984109247,Month-to-month,21,94.77,No
CUST03267,0.4513893231752366,One year,9,69.92,Yes
CUST03268,0.444509849388612,One year,18,73.61,Yes
CUST03269,0.5610968547758232,One year,23,94.53,Yes
CUST03270,0.4497157433947899,Month-to-month,8,62.6,No
CUST03271,0.6571272295740525,Month-to-month,2,83.85,Yes
CUST03272,0.4958847215175022,One year,1,82.1,No
CUST03273,0.5425060805522164,Month-to-month,17,32.84,Yes
CUST03274,0.6189494570466348,Two year,14,101.82,Yes
CUST03275,0.20639500465619887,Two year,27,29.49,No
CUST03276,0.30114736599281106,Two year,14,87.93,No
CUST03277,0.5077298247002197,Month-to-month,10,27.07,No
CUST03278,0.5072812676017816,Month-to-month,10,80.03,No
CUST03279,0.6483618681949966,One year,0,111.55,Yes
CUST03280,0.5237770073856921,Month-to-month,8,59.68,No
CUST03281,0.5893474689331,Month-to-month,72,58.59,Yes
CUST03282,0.5512732644848305,Two year,41,80.26,Yes
CUST03283,0.5357724058884294,Two year,7,56.77,Yes
CUST03284,0.6372110690009647,Month-to-month,17,110.46,Yes
CUST03285,0.36590515301168886,Month-to-month,37,69.8,No
CUST03286,0.42958565428982864,Month-to-month,11,57.0,No
CUST03287,0.4450610694328606,Two year,0,51.49,No
CUST03288,0.41712152880395076,Two year,1,41.68,No
CUST03289,0.3621044817398509,Month-to-month,14,49.31,No
CUST03290,0.5697977527540106,Month-to-month,69,56.23,Yes
CUST03291,0.3974244723608947,Two year,23,52.81,No
CUST03292,0.6602373631951705,Month-to-month,1,48.55,Yes
CUST03293,0.62885133500493,Month-to-month,4,117.47,Yes
CUST03294,0.2691147123890967,Two year,29,39.25,No
CUST03295,0.4242275225580224,Month-to-month,36,68.67,Yes
CUST03296,0.156892156438804,One year,19,79.81,No
CUST03297,0.520701522343157,Month-to-month,20,80.75,Yes
CUST03298,0.5670434380510428,Month-to-month,0,63.53,No
CUST03299,0.38562622304158767,Two year,35,58.98,Yes
CUST03300,0.5333636201703239,Month-to-month,31,76.29,Yes
CUST03301,0.24682994143827508,Two year,5,71.66,No
CUST03302,0.49779531289064743,One year,24,58.53,Yes
CUST03303,0.5139091753326348,Month-to-month,4,25.95,No
CUST03304,0.4691015521236192,Month-to-month,0,53.3,No
CUST03305,0.6441950390169822,Month-to-month,4,36.34,No
CUST03306,0.6657766535648294,Month-to-month,3,48.32,No
CUST03307,0.42543161645846517,Month-to-month,8,65.83,Yes
CUST03308,0.39246158530626213,Month-to-month,10,73.97,No
CUST03309,0.5908163435723166,Month-to-month,14,109.51,No
CUST03310,0.3625164431816534,One year,12,51.56,No
CUST03311,0.45476291074012687,One year,6,84.37,No
CUST03312,0.453210433798082,One year,0,72.65,No
CUST03313,0.6393875550976342,Month-to-month,18,97.4,Yes
CUST03314,0.4656371473498957,Month-to-month,10,79.41,No
CUST03315,0.31986651445582903,One year,7,39.79,No
CUST03316,0.46540382099616956,Month-to-month,40,21.92,No
CUST03317,0.5483662196540415,Month-to-month,27,72.78,No
CUST03318,0.18633248163534458,Two year,39,51.79,No
CUST03319,0.34248928671621653,One year,13,40.49,No
CUST03320,0.6695787352285599,Month-to-month,2,33.31,Yes
CUST03321,0.450350397367053,Month-to-month,23,69.02,No
CUST03322,0.7231229377808185,One year,4,102.69,Yes
CUST03323,0.40907045154411853,One year,11,54.78,No
CUST03324,0.48258447596803145,One year,1,79.76,No
CUST03325,0.47154490799594123,One year,34,62.44,No
CUST03326,0.5016653111015793,Two year,2,32.77,No
CUST03327,0.38762958750894394,Month-to-month,46,83.37,No
CUST03328,0.3806568877730922,Month-to-month,39,37.63,No
CUST03329,0.2201069441535192,One year,12,65.54,No
CUST03330,0.30370238985547443,One year,27,56.46,No
CUST03331,0.5583560126466759,One year,19,87.33,No
CUST03332,0.4720819085773488,Month-to-month,32,38.55,No
CUST03333,0.3812607826717501,Month-to-month,11,74.77,No
CUST03334,0.2791879232682002,Two year,30,44.01,No
CUST03335,0.36909537912890444,One year,12,52.22,Yes
CUST03336,0.17967946959119918,Two year,56,18.0,No
CUST03337,0.37667161673064903,One year,13,117.3,No
CUST03338,0.34765556864359054,One year,12,78.76,No
CUST03339,0.3760045276526479,One year,30,45.82,Yes
CUST03340,0.23552672476716835,Two year,34,36.88,No
CUST03341,0.3086282897267193,One year,16,52.61,No
CUST03342,0.43479841350343434,One year,3,82.92,No
CUST03343,0.4337161229126641,Month-to-month,12,18.0,No
CUST03344,0.391936280292384,Month-to-month,68,61.46,Yes
CUST03345,0.43568044968206115,One year,27,109.27,No
CUST03346,0.40503516217637087,Month-to-month,33,36.65,No
CUST03347,0.7507821349641823,Month-to-month,0,67.01,Yes
CUST03348,0.5952364407358932,Month-to-month,12,120.0,Yes
CUST03349,0.5394985201216422,Month-to-month,20,80.8,No
CUST03350,0.3832043224661797,Month-to-month,35,68.15,No
CUST03351,0.6855457090079794,Month-to-month,1,77.67,Yes
CUST03352,0.22299129315188515,Two year,38,54.98,No
CUST03353,0.6926714358986872,Month-to-month,15,97.49,Yes
CUST03354,0.6598822885374428,Month-to-month,4,55.02,Yes
CUST03355,0.3327373739303464,Month-to-month,7,18.0,No
CUST03356,0.23711656021494662,One year,6,55.22,No
CUST03357,0.4054877896364244,Month-to-month,15,40.83,No
CUST03358,0.45853867949847943,Two year,1,57.97,Yes
CUST03359,0.5144825250925856,One year,3,58.52,Yes
CUST03360,0.5036548121769919,One year,33,94.94,Yes
CUST03361,0.7192024812135166,Month-to-month,2,82.38,Yes
CUST03362,0.48913886861241623,One year,5,71.58,No
CUST03363,0.49116728256108183,Month-to-month,12,64.93,No
CUST03364,0.20661859369694965,Two year,14,38.53,No
CUST03365,0.3150557247897895,One year,28,18.0,No
CUST03366,0.39816636732131533,Month-to-month,11,67.83,No
CUST03367,0.5678800059105353,Month-to-month,31,84.87,No
CUST03368,0.3709629715865303,Month-to-month,19,62.29,No
CUST03369,0.5896744531310865,One year,2,51.63,Yes
CUST03370,0.689815664663562,Month-to-month,3,76.61,Yes
CUST03371,0.2467849908641794,One year,11,62.92,No
CUST03372,0.5610828006596987,Month-to-month,10,107.14,No
CUST03373,0.5406031526723122,One year,27,95.82,Yes
CUST03374,0.4631984806641427,Two year,17,88.99,No
CUST03375,0.3188343843510067,One year,9,83.94,No
CUST03376,0.4990380252363215,One year,3,32.75,No
CUST03377,0.6520709342297353,Month-to-month,5,81.57,Yes
CUST03378,0.5387506125023576,Month-to-month,17,74.41,No
CUST03379,0.4725207600198379,One year,11,80.16,Yes
CUST03380,0.4824021172201507,Month-to-month,14,77.32,No
CUST03381,0.6480163566787307,Month-to-month,3,76.32,Yes
CUST03382,0.64010961862541,Month-to-month,21,120.0,Yes
CUST03383,0.6018603597220259,Month-to-month,38,63.1,No
CUST03384,0.6891640547016236,Month-to-month,5,88.41,Yes
CUST03385,0.3713845039673416,Two year,13,53.23,No
CUST03386,0.4376636014333632,Month-to-month,72,84.77,Yes
CUST03387,0.37122681768081967,One year,8,88.48,No
CUST03388,0.5388533781754294,Month-to-month,18,74.11,Yes
CUST03389,0.5958064510176968,One year,1,106.73,Yes
CUST03390,0.4754647568670872,Month-to-month,18,42.89,No
CUST03391,0.2883325014644744,Two year,1,52.82,No
CUST03392,0.5758423296776519,Two year,63,70.31,Yes
CUST03393,0.6154517299236,Month-to-month,25,87.02,Yes
CUST03394,0.3018906787896282,Two year,31,69.49,No
CUST03395,0.32793510108794294,Two year,24,97.14,No
CUST03396,0.2172396421585901,Two year,17,48.46,No
CUST03397,0.2603076666415496,Two year,11,36.49,No
CUST03398,0.40780136024405633,Month-to-month,39,72.7,No
CUST03399,0.11917899369010232,One year,62,63.07,No
CUST03400,0.3918488376675446,Month-to-month,13,78.57,No
CUST03401,0.3401954066731791,Month-to-month,53,64.31,No
CUST03402,0.3746942744530507,Two year,17,56.5,No
CUST03403,0.5994402161562468,Month-to-month,15,63.13,No
CUST03404,0.1395225874748981,One year,12,65.72,No
CUST03405,0.5760989614449383,Two year,4,57.38,Yes
CUST03406,0.4557589943612114,Two year,0,59.92,Yes
CUST03407,0.32081262861460935,Two year,5,54.91,No
CUST03408,0.4918280636064194,Month-to-month,14,86.42,No
CUST03409,0.43297449375052993,Month-to-month,9,69.85,No
CUST03410,0.5008319394987911,Month-to-month,11,120.0,Yes
CUST03411,0.3130299614210054,Month-to-month,72,69.02,No
CUST03412,0.3616142309458062,Month-to-month,8,51.23,No
CUST03413,0.5146373466569633,Month-to-month,12,120.0,No
CUST03414,0.4102533503178916,One year,2,75.34,No
CUST03415,0.5662732119336166,One year,0,89.75,Yes
CUST03416,0.5274310624701899,Month-to-month,29,79.8,No
CUST03417,0.17415343873884762,One year,16,80.58,No
CUST03418,0.3956864496633063,Month-to-month,28,78.39,No
CUST03419,0.6301227090507612,Month-to-month,3,37.45,No
CUST03420,0.3238589535134938,One year,16,74.19,Yes
CUST03421,0.26806239043776614,One year,5,31.88,No
CUST03422,0.3740237166686032,One year,5,60.64,No
CUST03423,0.6067669730679041,Month-to-month,0,46.86,No
CUST03424,0.34524819486438724,Two year,2,73.94,No
CUST03425,0.30178287177778884,One year,7,73.35,No
CUST03426,0.5739502805466684,One year,2,77.03,Yes
CUST03427,0.18748512849523377,One year,72,72.18,No
CUST03428,0.26921925507050093,Two year,7,49.83,No
CUST03429,0.4040294715548204,One year,2,58.47,No
CUST03430,0.5834887899065968,One year,4,88.01,Yes
CUST03431,0.37893949610617206,Two year,17,91.7,No
CUST03432,0.2816515086186084,One year,1,36.33,No
CUST03433,0.3898966821658822,Month-to-month,39,26.73,No
CUST03434,0.22655195575377643,One year,65,46.83,No
CUST03435,0.6754061400828449,Month-to-month,5,91.13,Yes
CUST03436,0.5586968486731596,Month-to-month,11,95.37,Yes
CUST03437,0.32462014015706286,One year,0,41.88,No
CUST03438,0.2767775245713189,Two year,20,72.68,No
CUST03439,0.293836161963187,Two year,10,110.86,No
CUST03440,0.46851985852965167,Month-to-month,6,75.38,No
CUST03441,0.5539478452264587,Month-to-month,4,100.54,No
CUST03442,0.6322719475274815,Month-to-month,21,89.97,Yes
CUST03443,0.23243949577511425,Two year,10,42.25,No
CUST03444,0.2791693618216404,Two year,3,60.25,No
CUST03445,0.3216042392124334,One year,23,65.87,Yes
CUST03446,0.23312907923468956,Two year,16,67.6,No
CUST03447,0.42252280784164165,One year,39,87.91,No
CUST03448,0.43271058775930527,One year,2,75.22,No
CUST03449,0.4254697520060045,Month-to-month,30,18.0,No
CUST03450,0.3920203833033147,Month-to-month,22,32.18,Yes
CUST03451,0.3214256480781204,One year,2,18.0,No
CUST03452,0.3375733372329624,One year,23,69.38,Yes
CUST03453,0.5012042781464265,Month-to-month,11,71.01,No
CUST03454,0.3349468089377177,Two year,58,72.08,Yes
CUST03455,0.6499435920737446,Month-to-month,3,41.03,No
CUST03456,0.42998075203693503,Month-to-month,20,81.85,No
CUST03457,0.35622321332000517,One year,9,82.91,No
CUST03458,0.13452497876467182,One year,62,33.62,No
CUST03459,0.39512779841961754,One year,8,28.35,No
CUST03460,0.31522553418206717,Month-to-month,65,65.0,No
CUST03461,0.251022998960734,Month-to-month,46,109.79,No
CUST03462,0.5616652913998579,One year,6,107.49,Yes
CUST03463,0.3593601380547961,One year,32,79.09,No
CUST03464,0.346028041292981,Month-to-month,72,46.75,No
CUST03465,0.6091053714555481,One year,5,87.17,Yes
CUST03466,0.48426580242327544,Month-to-month,11,53.69,Yes
CUST03467,0.3930273299891817,One year,14,45.81,No
CUST03468,0.3492251076589475,Two year,6,18.0,Yes
CUST03469,0.48810938497635226,Month-to-month,0,67.56,No
CUST03470,0.5610846291786615,Month-to-month,4,49.25,No
CUST03471,0.4961563412533429,One year,6,67.41,Yes
CUST03472,0.29359913523191533,One year,11,18.0,Yes
CUST03473,0.4303780535056031,One year,3,69.25,No
CUST03474,0.38868224879539837,Two year,41,18.0,Yes
CUST03475,0.26569904691700036,Two year,24,92.2,No
CUST03476,0.38675881669782697,Two year,1,78.05,No
CUST03477,0.43100960070432703,Month-to-month,21,58.03,Yes
CUST03478,0.5224024342271365,Month-to-month,21,79.07,Yes
CUST03479,0.3588531451914357,Month-to-month,62,40.55,No
CUST03480,0.5846150742304738,Month-to-month,0,66.81,No
CUST03481,0.5804507086393447,One year,5,84.87,Yes
CUST03482,0.26768187443597,Month-to-month,52,18.0,No
CUST03483,0.2156423307750176,Two year,53,53.82,No
CUST03484,0.23681240150182678,One year,25,64.43,No
CUST03485,0.251501404012151,One year,29,60.09,No
CUST03486,0.6993685991636179,Month-to-month,1,101.43,Yes
CUST03487,0.41132170392023487,Month-to-month,14,36.9,No
CUST03488,0.5762839640980189,Month-to-month,5,49.47,No
CUST03489,0.556487816569,Month-to-month,3,18.0,No
CUST03490,0.46187755340004777,Month-to-month,33,102.76,No
CUST03491,0.5736321612732254,One year,2,58.84,Yes
CUST03492,0.4479683529410432,Two year,12,54.04,No
CUST03493,0.22509366244142648,Two year,55,63.69,No
CUST03494,0.664283159416749,One year,4,80.91,Yes
CUST03495,0.3309749567805031,Month-to-month,72,73.68,No
CUST03496,0.37555821604724415,Two year,72,120.0,No
CUST03497,0.27069882668343004,Two year,16,76.35,No
CUST03498,0.6707295684555362,Month-to-month,3,53.37,Yes
CUST03499,0.4412316822216226,One year,7,50.97,No
CUST03500,0.4736947953934574,Month-to-month,11,55.18,No
CUST03501,0.26234820244107293,Two year,7,27.45,No
CUST03502,0.2218270062221718,Two year,6,66.0,No
CUST03503,0.23279346214498178,Month-to-month,71,84.59,No
CUST03504,0.4499167614407665,Two year,3,49.67,No
CUST03505,0.5063811608974447,One year,26,44.82,Yes
CUST03506,0.7374377516667404,Two year,0,102.9,Yes
CUST03507,0.5205708135919697,Month-to-month,18,29.34,Yes
CUST03508,0.1638204263548764,Two year,49,18.0,No
CUST03509,0.6405630775376784,Month-to-month,6,36.18,No
CUST03510,0.5985226434797128,Month-to-month,4,26.49,No
CUST03511,0.44624110247413057,Month-to-month,21,74.66,No
CUST03512,0.3121800099064075,Two year,24,55.98,No
CUST03513,0.6112768663875641,Two year,23,59.51,Yes
CUST03514,0.3035309225836737,Two year,7,93.82,No
CUST03515,0.6464157798649535,Two year,5,47.72,Yes
CUST03516,0.3741328430425907,Month-to-month,62,84.38,No
CUST03517,0.5445644912137793,Month-to-month,51,102.78,No
CUST03518,0.5397389842810906,Month-to-month,12,53.61,No
CUST03519,0.4680667685039732,Month-to-month,37,83.43,No
CUST03520,0.49024199935979396,Month-to-month,12,58.95,Yes
CUST03521,0.501527091273625,Month-to-month,11,88.1,No
CUST03522,0.6668663513339176,Month-to-month,3,25.71,No
CUST03523,0.332234256064648,Month-to-month,11,23.86,No
CUST03524,0.59961240877537,Month-to-month,15,55.22,No
CUST03525,0.5072280586920701,Month-to-month,0,42.78,No
CUST03526,0.4006749254010066,Two year,11,52.08,No
CUST03527,0.24782032619783767,One year,30,59.51,No
CUST03528,0.36744007318964167,Two year,22,83.0,No
CUST03529,0.4041619251398365,Month-to-month,20,54.81,No
CUST03530,0.4388899821254841,Month-to-month,48,44.4,No
CUST03531,0.3258870215742658,One year,0,56.21,No
CUST03532,0.3861369381263012,Month-to-month,16,45.77,No
CUST03533,0.45748504931922573,Month-to-month,30,41.65,No
CUST03534,0.4234391095242868,Month-to-month,15,24.67,Yes
CUST03535,0.4701640002365899,Month-to-month,7,66.74,No
CUST03536,0.6060039914492302,Month-to-month,2,50.78,Yes
CUST03537,0.5897270678211272,Month-to-month,43,89.16,Yes
CUST03538,0.3586729422333471,One year,12,28.82,No
CUST03539,0.526650202650035,Month-to-month,42,51.45,Yes
CUST03540,0.5522823144372487,Month-to-month,17,110.32,No
CUST03541,0.29864575307661506,Two year,22,41.51,No
CUST03542,0.44049162997772817,Month-to-month,32,59.09,No
CUST03543,0.5031028430182399,Month-to-month,21,34.6,No
CUST03544,0.3341939986694249,Two year,10,31.29,No
CUST03545,0.7004792053297925,Month-to-month,14,103.68,Yes
CUST03546,0.4174499124157517,Month-to-month,32,69.28,No
CUST03547,0.40359153216226895,Month-to-month,9,68.34,No
CUST03548,0.346751548095629,Month-to-month,9,22.59,No
CUST03549,0.4096825421120834,One year,2,73.97,No
CUST03550,0.1854393854444849,Two year,49,93.94,No
CUST03551,0.6429301151686346,Month-to-month,1,93.74,Yes
CUST03552,0.3712504665055893,One year,20,81.71,No
CUST03553,0.4864172065502562,Month-to-month,10,36.76,Yes
CUST03554,0.5016062780675142,Month-to-month,10,72.83,No
CUST03555,0.46777909573398907,One year,22,81.69,Yes
CUST03556,0.6478521764950367,Month-to-month,1,20.14,Yes
CUST03557,0.3864546668035279,Month-to-month,18,36.97,No
CUST03558,0.6374486353446283,Month-to-month,29,87.2,Yes
CUST03559,0.574235100504226,Month-to-month,35,86.9,Yes
CUST03560,0.658318806566951,Month-to-month,3,26.29,Yes
CUST03561,0.37990661517232754,Two year,45,84.88,No
CUST03562,0.5006048610231864,Month-to-month,21,67.38,Yes
CUST03563,0.4526937121262668,Month-to-month,42,84.53,No
CUST03564,0.5450656743999731,Month-to-month,13,49.14,No
CUST03565,0.17585109184947773,One year,15,81.13,No
CUST03566,0.4781521804695341,One year,50,86.1,Yes
CUST03567,0.3467919219994857,One year,46,56.22,No
CUST03568,0.35703098706718167,One year,11,65.44,No
CUST03569,0.15427492981272942,Two year,6,48.79,No
CUST03570,0.489625430501062,Month-to-month,9,106.29,No
CUST03571,0.45577273956907793,Month-to-month,9,61.99,No
CUST03572,0.33980602591512643,Two year,6,41.95,No
CUST03573,0.45902281855073185,Two year,6,47.1,No
CUST03574,0.31063301421212103,Two year,39,68.17,No
CUST03575,0.6962521143153407,Month-to-month,1,83.83,Yes
CUST03576,0.3851280351809196,Month-to-month,22,31.6,No
CUST03577,0.6239467479670475,Month-to-month,3,111.19,No
CUST03578,0.3928420929925042,One year,8,72.72,No
CUST03579,0.6772739543216619,Month-to-month,1,76.66,Yes
CUST03580,0.5221756795798023,Month-to-month,6,62.57,No
CUST03581,0.26711874959752935,Two year,29,65.48,No
CUST03582,0.4468061133861426,Month-to-month,43,61.29,No
CUST03583,0.33272777955139665,Two year,5,90.44,No
CUST03584,0.5165389947068645,Month-to-month,12,64.8,No
CUST03585,0.5787027626978019,Month-to-month,12,84.18,Yes
CUST03586,0.43067801729914995,Month-to-month,41,54.15,Yes
CUST03587,0.2716006744113672,One year,28,69.89,No
CUST03588,0.4268052284491993,Month-to-month,14,44.9,Yes
CUST03589,0.45873197901106694,Month-to-month,22,95.41,No
CUST03590,0.2450515018227218,Two year,37,44.16,No
CUST03591,0.5239664143083104,Month-to-month,0,56.88,No
CUST03592,0.48334047196856544,One year,10,57.13,Yes
CUST03593,0.2612812059733527,One year,47,56.15,No
CUST03594,0.3972756708905183,Month-to-month,26,83.06,No
CUST03595,0.3381178690361917,One year,15,57.08,No
CUST03596,0.6104398010247831,Month-to-month,15,99.85,Yes
CUST03597,0.2814107699116185,One year,8,44.54,No
CUST03598,0.45925652944548034,Month-to-month,14,69.23,No
CUST03599,0.463065290207839,One year,21,45.61,Yes
CUST03600,0.3923444676002067,Month-to-month,10,75.52,No
CUST03601,0.4941714543963711,One year,25,64.6,Yes
CUST03602,0.5346644352906623,Month-to-month,39,61.12,No
CUST03603,0.6872905603752809,Month-to-month,3,94.71,Yes
CUST03604,0.47881399176315037,Month-to-month,12,48.64,Yes
CUST03605,0.5725068489753812,Month-to-month,10,79.66,Yes
CUST03606,0.24784484088432,Two year,23,45.78,No
CUST03607,0.5777825577753467,Month-to-month,5,67.82,No
CUST03608,0.39444158037461124,Two year,20,35.11,No
CUST03609,0.28964580711415167,Two year,41,48.44,No
CUST03610,0.3303928497604449,One year,10,62.95,No
CUST03611,0.23766547098280497,Month-to-month,48,110.37,No
CUST03612,0.39631176685472347,Month-to-month,72,67.52,Yes
CUST03613,0.5235214460790221,One year,2,106.37,No
CUST03614,0.6581881573378721,Month-to-month,5,70.51,Yes
CUST03615,0.27678434989504574,Month-to-month,60,55.32,No
CUST03616,0.3778327019491642,One year,63,103.48,No
CUST03617,0.5701466760984235,Two year,2,75.93,Yes
CUST03618,0.3931613498223041,One year,0,48.93,No
CUST03619,0.6763542291608247,Month-to-month,3,76.76,No
CUST03620,0.26161162730459425,One year,72,57.69,No
CUST03621,0.5168900107838799,Month-to-month,3,18.0,No
CUST03622,0.458304074290774,Month-to-month,13,88.4,No
CUST03623,0.5360056983051298,Two year,37,92.37,Yes
CUST03624,0.46566368102993905,Month-to-month,0,110.95,Yes
CUST03625,0.5821654772334549,Month-to-month,18,75.55,Yes
CUST03626,0.48658612961083814,Month-to-month,6,58.78,No
CUST03627,0.38250016346006255,Two year,39,85.87,No
CUST03628,0.5363591743179211,One year,6,86.25,Yes
CUST03629,0.46517490381525123,One year,23,105.96,Yes
CUST03630,0.2949225629932491,One year,22,63.88,Yes
CUST03631,0.6540000499084323,Month-to-month,5,60.86,Yes
CUST03632,0.6109404727228757,Month-to-month,0,47.11,No
CUST03633,0.4886240451462136,Month-to-month,10,78.44,No
CUST03634,0.5037753725714758,Month-to-month,6,26.29,No
CUST03635,0.45202754046727456,Month-to-month,33,84.4,Yes
CUST03636,0.41180239821222664,Two year,32,79.7,Yes
CUST03637,0.5027081108395306,Month-to-month,12,79.63,Yes
CUST03638,0.6101836269891747,Month-to-month,18,68.46,Yes
CUST03639,0.6572557979149194,Month-to-month,18,103.32,No
CUST03640,0.6549708112509,Month-to-month,35,86.8,Yes
CUST03641,0.454917060424953,Two year,11,49.82,No
CUST03642,0.5626076027886502,Month-to-month,6,50.27,No
CUST03643,0.6891217704858876,Month-to-month,6,43.01,Yes
CUST03644,0.295683015701842,One year,15,78.78,No
CUST03645,0.4258548011216994,Month-to-month,11,40.0,No
CUST03646,0.6820347760872533,Month-to-month,11,92.08,Yes
CUST03647,0.6614518299143274,Month-to-month,1,98.07,No
CUST03648,0.378314750560489,One year,25,43.02,No
CUST03649,0.43789927153914227,Two year,4,60.36,No
CUST03650,0.5246270723100216,One year,4,65.42,Yes
CUST03651,0.5166017226679481,Month-to-month,10,87.1,Yes
CUST03652,0.42718364617264976,Two year,5,105.23,No
CUST03653,0.3885046540761446,Month-to-month,17,22.86,Yes
CUST03654,0.4750188756832007,Month-to-month,9,57.05,No
CUST03655,0.41064673272947816,Month-to-month,11,58.35,No
CUST03656,0.6014640940775509,Month-to-month,15,29.98,Yes
CUST03657,0.7292468059111132,Month-to-month,4,52.87,Yes
CUST03658,0.3409860925618878,One year,3,75.69,No
CUST03659,0.2548649838930961,Two year,42,58.03,No
CUST03660,0.5151471256066583,Month-to-month,11,26.38,No
CUST03661,0.5289413918898854,Month-to-month,10,120.0,Yes
CUST03662,0.4488010606061303,Month-to-month,0,71.65,No
CUST03663,0.39697965350272824,Month-to-month,13,67.79,No
CUST03664,0.29524742539034177,One year,16,37.55,No
CUST03665,0.43186923771739066,Month-to-month,16,71.52,No
CUST03666,0.24732514423247415,Two year,24,60.89,No
CUST03667,0.53528495662212,Month-to-month,3,18.0,No
CUST03668,0.5367555877547251,Month-to-month,5,38.24,No
CUST03669,0.4696894256009998,Month-to-month,33,84.87,Yes
CUST03670,0.33042994837503414,Month-to-month,58,113.6,No
CUST03671,0.6976887198319495,Month-to-month,2,74.18,Yes
CUST03672,0.40858891979396683,One year,13,92.58,Yes
CUST03673,0.6675158734454937,Month-to-month,4,61.11,No
CUST03674,0.34850731252477407,One year,1,62.84,No
CUST03675,0.6365845590945163,Month-to-month,7,92.27,Yes
CUST03676,0.5981066063883086,Month-to-month,3,106.57,No
CUST03677,0.6195049424304265,Month-to-month,24,97.53,No
CUST03678,0.5085889132631751,Two year,15,38.34,Yes
CUST03679,0.6984905669542851,Month-to-month,3,63.33,Yes
CUST03680,0.4333287976544411,One year,0,71.94,No
CUST03681,0.45001279109787967,Month-to-month,33,58.51,No
CUST03682,0.39242025282270687,One year,3,74.7,No
CUST03683,0.5543145176956091,Month-to-month,18,85.51,Yes
CUST03684,0.4920069338747832,One year,8,90.07,Yes
CUST03685,0.5297189933558197,One year,17,107.15,Yes
CUST03686,0.28595977593820304,Two year,7,56.76,No
CUST03687,0.6904087050499085,Month-to-month,1,30.9,Yes
CUST03688,0.5738523508705896,Month-to-month,5,73.96,Yes
CUST03689,0.6380380987650367,Month-to-month,4,112.1,No
CUST03690,0.24784818861491067,Two year,11,53.08,No
CUST03691,0.5413925059614426,Month-to-month,21,82.17,Yes
CUST03692,0.5867716599107538,One year,6,82.39,Yes
CUST03693,0.5782883586476559,Month-to-month,0,69.79,Yes
CUST03694,0.4180520534326069,Month-to-month,14,65.17,No
CUST03695,0.5378380503109839,Month-to-month,18,41.91,Yes
CUST03696,0.14788848011354716,Two year,65,18.0,No
CUST03697,0.3765920207673126,One year,17,37.2,No
CUST03698,0.19027495189691923,Two year,12,55.24,No
CUST03699,0.5690854446936934,Month-to-month,17,92.44,Yes
CUST03700,0.19016569630866248,One year,52,62.42,No
CUST03701,0.29053892807610143,One year,35,52.02,No
CUST03702,0.5078859764875474,Month-to-month,7,42.73,No
CUST03703,0.41313711577592266,Two year,5,81.42,No
CUST03704,0.4823198232557727,Two year,6,98.96,Yes
CUST03705,0.5352118284463154,Two year,14,91.59,Yes
CUST03706,0.3683500442743327,One year,27,80.15,No
CUST03707,0.3831572607576901,Month-to-month,13,28.11,No
CUST03708,0.568965990480323,Month-to-month,1,56.21,No
CUST03709,0.2737722264169944,Two year,25,113.68,No
CUST03710,0.416158215026757,Month-to-month,32,93.05,No
CUST03711,0.26947801766507523,One year,6,26.56,No
CUST03712,0.4000681310204112,One year,21,63.61,Yes
CUST03713,0.40014460301706456,One year,11,74.08,Yes
CUST03714,0.28041224459662706,Two year,43,45.95,No
CUST03715,0.4100515954603393,Month-to-month,37,18.0,Yes
CUST03716,0.44583905350135544,Month-to-month,14,67.47,No
CUST03717,0.5179824690956119,Month-to-month,23,45.31,Yes
CUST03718,0.3967827935330371,Month-to-month,42,45.4,No
CUST03719,0.321221249706433,Month-to-month,13,56.13,No
CUST03720,0.5710663711274712,Month-to-month,7,61.66,Yes
CUST03721,0.23358823059069742,Two year,28,64.77,No
CUST03722,0.5317479236949453,Two year,4,42.9,Yes
CUST03723,0.4091374921776418,Month-to-month,9,59.49,No
CUST03724,0.27799449495382494,Month-to-month,40,21.06,No
CUST03725,0.30019986841167995,Two year,25,72.78,No
CUST03726,0.5104825463727743,Month-to-month,10,18.0,Yes
CUST03727,0.6759729587414287,Month-to-month,4,57.76,Yes
CUST03728,0.49901863056813395,Month-to-month,8,87.98,No
CUST03729,0.1866122073600868,One year,6,38.52,No
CUST03730,0.6438908790111709,Month-to-month,3,82.91,No
CUST03731,0.30031815729125594,Two year,27,93.89,No
CUST03732,0.7039019987748151,Month-to-month,5,18.0,Yes
CUST03733,0.4404690809631064,Month-to-month,12,61.22,No
CUST03734,0.3172432635485647,Month-to-month,9,18.0,No
CUST03735,0.4558756938475371,Month-to-month,72,62.04,Yes
CUST03736,0.3221154139618285,One year,9,64.82,No
CUST03737,0.28273907791918795,One year,1,18.0,No
CUST03738,0.4697620397450318,One year,1,113.12,No
CUST03739,0.2462994221768059,One year,17,72.15,No
CUST03740,0.20302026424997696,Two year,18,43.77,No
CUST03741,0.384077183181226,Two year,10,101.63,No
CUST03742,0.2855136270735244,One year,11,20.11,No
CUST03743,0.6105081290480989,Month-to-month,1,34.27,Yes
CUST03744,0.35042705336779034,Month-to-month,14,18.0,No
CUST03745,0.5036750987502977,Month-to-month,14,110.03,Yes
CUST03746,0.3426747112106582,One year,3,73.31,No
CUST03747,0.6348756246741301,Month-to-month,2,81.49,No
CUST03748,0.668171873022401,Month-to-month,2,72.53,No
CUST03749,0.42677632148274774,Two year,2,79.34,No
CUST03750,0.19867025132150354,Two year,18,66.95,Yes
CUST03751,0.4125659509905614,Two year,4,71.77,No
CUST03752,0.5380894600573601,Month-to-month,5,67.69,No
CUST03753,0.4041137249481558,One year,3,49.79,No
CUST03754,0.27106521487565444,Month-to-month,63,63.83,No
CUST03755,0.4363849415024718,Month-to-month,38,71.84,No
CUST03756,0.6998582044168395,Month-to-month,5,67.76,Yes
CUST03757,0.41448304505668476,Month-to-month,7,28.06,No
CUST03758,0.6190733435071256,Month-to-month,4,31.38,Yes
CUST03759,0.3366663457863983,Two year,13,92.07,Yes
CUST03760,0.6235608903243307,Month-to-month,0,57.33,No
CUST03761,0.4976191838812267,One year,22,79.62,No
CUST03762,0.37883622954008167,Month-to-month,14,37.7,Yes
CUST03763,0.4606738267057825,Month-to-month,45,28.17,Yes
CUST03764,0.721689752167779,Month-to-month,3,43.91,Yes
CUST03765,0.4764442426684377,Month-to-month,32,59.44,No
CUST03766,0.40682773251440985,One year,31,48.37,No
CUST03767,0.7673065198268891,Month-to-month,2,97.35,Yes
CUST03768,0.5364637509012051,Month-to-month,10,69.49,Yes
CUST03769,0.5928796240736074,Month-to-month,3,111.22,No
CUST03770,0.5209591791691,Month-to-month,5,75.11,No
CUST03771,0.29348712042010083,Two year,6,18.0,No
CUST03772,0.6039966696607969,Month-to-month,16,91.4,No
CUST03773,0.34838823788838447,One year,10,27.26,No
CUST03774,0.17566720499924712,One year,59,70.76,No
CUST03775,0.2895349552171208,Two year,2,45.63,No
CUST03776,0.25816418515211664,Two year,72,118.57,No
CUST03777,0.6842936421570168,One year,5,100.99,Yes
CUST03778,0.4841354500152439,One year,29,46.45,No
CUST03779,0.27956129971638094,Two year,8,61.82,No
CUST03780,0.6561585908857513,Month-to-month,3,71.11,No
CUST03781,0.5390586893781726,Month-to-month,39,86.59,No
CUST03782,0.5004803202004201,Month-to-month,7,65.73,No
CUST03783,0.22335130116676072,Two year,21,39.38,No
CUST03784,0.2220966394302897,Two year,16,47.06,Yes
CUST03785,0.46195055429764187,Month-to-month,12,64.89,No
CUST03786,0.5634830699803097,One year,13,95.86,Yes
CUST03787,0.45868668384249456,Month-to-month,26,75.7,No
CUST03788,0.6671399431173949,Month-to-month,1,45.66,Yes
CUST03789,0.47346399387193194,Two year,22,81.21,No
CUST03790,0.4432121392775857,Month-to-month,45,55.33,No
CUST03791,0.6501319735349632,Month-to-month,1,87.26,Yes
CUST03792,0.5217412369846302,One year,3,120.0,Yes
CUST03793,0.287122672045018,One year,25,56.03,No
CUST03794,0.49201778776876554,Month-to-month,11,85.04,No
CUST03795,0.5225445801866967,One year,10,46.37,Yes
CUST03796,0.6932852691896487,Month-to-month,2,62.19,Yes
CUST03797,0.5095800197164819,Month-to-month,14,65.74,Yes
CUST03798,0.6701685620221525,Month-to-month,2,60.16,No
CUST03799,0.573909322211657,One year,12,120.0,Yes
CUST03800,0.3960607691369261,Month-to-month,28,57.34,No
CUST03801,0.3871374028405475,Two year,5,79.67,Yes
CUST03802,0.439618088320091,Two year,13,18.0,No
CUST03803,0.5708404099925477,Two year,72,75.8,Yes
CUST03804,0.6865995796463406,Month-to-month,23,93.55,Yes
CUST03805,0.22709283742673825,Two year,36,51.81,No
CUST03806,0.44338948610138473,Month-to-month,10,18.0,No
CUST03807,0.42175210124926343,Month-to-month,29,64.03,No
CUST03808,0.43072491713255795,Month-to-month,0,65.43,No
CUST03809,0.7136750781600693,Month-to-month,2,83.1,Yes
CUST03810,0.34446544924742123,One year,4,115.27,No
CUST03811,0.42783218299935305,Month-to-month,10,55.5,No
CUST03812,0.4654477523746147,Month-to-month,37,43.59,No
CUST03813,0.45142982097382645,One year,8,35.83,Yes
CUST03814,0.48538282393504434,Month-to-month,21,69.95,Yes
CUST03815,0.32516594029482426,One year,24,76.98,No
CUST03816,0.40227175392121334,Month-to-month,17,51.36,No
CUST03817,0.2845201481316873,Two year,8,84.47,No
CUST03818,0.33426142691228855,Two year,17,76.63,Yes
CUST03819,0.4255348981782927,Month-to-month,8,66.08,No
CUST03820,0.6182950108611357,Month-to-month,1,42.44,Yes
CUST03821,0.2875767908843941,Month-to-month,72,52.95,No
CUST03822,0.3797776466296977,Two year,2,18.0,No
CUST03823,0.6072922573451299,Month-to-month,1,70.89,Yes
CUST03824,0.582561549678953,Month-to-month,42,65.66,Yes
CUST03825,0.551317809255656,Month-to-month,7,69.71,Yes
CUST03826,0.44876620042415766,Month-to-month,21,77.61,No
CUST03827,0.40297332397684726,Month-to-month,7,74.65,No
CUST03828,0.3897322871445377,Two year,9,62.24,Yes
CUST03829,0.6216348876063276,Month-to-month,6,66.22,Yes
CUST03830,0.5208331209897078,Month-to-month,8,29.89,No
CUST03831,0.25041185782481173,Two year,10,50.41,No
CUST03832,0.29317837322280477,Two year,25,66.26,No
CUST03833,0.45386284570388646,Month-to-month,14,46.6,No
CUST03834,0.30383591742778754,Month-to-month,57,86.5,No
CUST03835,0.6282047305562845,Month-to-month,0,48.53,Yes
CUST03836,0.25537363476319647,Two year,13,70.41,No
CUST03837,0.42637041854991986,Month-to-month,17,67.91,No
CUST03838,0.1513255301132222,Two year,50,83.66,No
CUST03839,0.5181704637356446,One year,1,87.52,No
CUST03840,0.4772630111825521,Month-to-month,17,82.35,Yes
CUST03841,0.40704444562501285,Month-to-month,38,18.0,Yes
CUST03842,0.7441106525822317,Month-to-month,5,94.85,Yes
CUST03843,0.5751201855641321,Month-to-month,41,103.18,Yes
CUST03844,0.6634441036960297,Month-to-month,0,52.95,No
CUST03845,0.23019219424068227,One year,26,70.92,No
CUST03846,0.42528085918894704,Two year,54,42.73,No
CUST03847,0.29902579348436314,One year,21,18.0,No
CUST03848,0.406868005205183,One year,11,46.53,No
CUST03849,0.49565172136815944,Month-to-month,0,51.5,No
CUST03850,0.5501126150159219,Month-to-month,50,56.13,Yes
CUST03851,0.4556627693159818,Month-to-month,12,41.03,Yes
CUST03852,0.293146079409612,One year,0,46.66,No
CUST03853,0.24951460450257681,Two year,23,64.72,No
CUST03854,0.4037289810816687,One year,13,45.74,No
CUST03855,0.6968045774407722,Month-to-month,2,78.59,Yes
CUST03856,0.611488124028983,Month-to-month,4,82.04,No
CUST03857,0.3422529408664694,One year,1,120.0,No
CUST03858,0.5683510611602459,Month-to-month,17,93.14,No
CUST03859,0.26770273239583564,Two year,19,71.08,No
CUST03860,0.2541189049461364,Two year,14,49.49,No
CUST03861,0.19688061785733382,One year,33,72.34,No
CUST03862,0.4492014116304578,Month-to-month,39,73.16,Yes
CUST03863,0.5485429809946702,Month-to-month,19,52.17,Yes
CUST03864,0.6603289211860168,Month-to-month,0,84.59,Yes
CUST03865,0.38642110092389287,Month-to-month,23,30.05,No
CUST03866,0.43402833809813857,Month-to-month,10,58.89,No
CUST03867,0.19783298146164877,One year,16,78.9,No
CUST03868,0.3026898810481276,One year,20,57.81,No
CUST03869,0.4799206331739043,Month-to-month,8,59.83,No
CUST03870,0.5037663931089068,Month-to-month,49,61.56,No
CUST03871,0.7009309750436954,Month-to-month,2,44.11,Yes
CUST03872,0.6327124784647026,Month-to-month,22,94.35,Yes
CUST03873,0.1843043258608925,Two year,0,39.55,No
CUST03874,0.4125369830071378,Month-to-month,51,72.95,No
CUST03875,0.7529543045302528,Month-to-month,2,75.34,Yes
CUST03876,0.5468149254884928,Month-to-month,1,41.28,No
CUST03877,0.4412084743767702,Two year,8,66.83,No
CUST03878,0.3285604327681928,One year,9,42.26,No
CUST03879,0.5859062196760911,Month-to-month,4,99.78,No
CUST03880,0.4421371418658931,Month-to-month,17,36.53,No
CUST03881,0.5323887796213562,One year,11,48.65,Yes
CUST03882,0.3645157239093124,Two year,0,34.39,No
CUST03883,0.3161707642707769,Month-to-month,7,31.06,No
CUST03884,0.4476157820093361,Two year,33,104.78,No
CUST03885,0.2794857281908515,Two year,23,78.57,No
CUST03886,0.48290653407236417,Two year,25,68.51,No
CUST03887,0.24833037531616725,One year,23,48.59,No
CUST03888,0.3689083047117006,One year,7,87.69,No
CUST03889,0.6861800843919822,Month-to-month,2,44.39,No
CUST03890,0.48090214853754537,One year,6,84.84,No
CUST03891,0.4755805908636237,Month-to-month,35,43.19,Yes
CUST03892,0.19230647034044973,One year,72,48.89,No
CUST03893,0.5454607852753577,Month-to-month,13,83.96,No
CUST03894,0.7594821237546984,One year,0,86.6,Yes
CUST03895,0.36158785289049883,Two year,3,79.94,No
CUST03896,0.4716311037476095,Month-to-month,7,38.76,No
CUST03897,0.3498845271321459,Two year,17,53.83,No
CUST03898,0.6408534035166368,Month-to-month,1,68.92,Yes
CUST03899,0.26167931042612447,Two year,57,43.77,No
CUST03900,0.5620761940266404,Month-to-month,9,99.27,No
CUST03901,0.32409796514112726,Month-to-month,48,18.0,No
CUST03902,0.5166806164891765,Two year,30,45.53,No
CUST03903,0.41122632260054987,Month-to-month,28,52.26,No
CUST03904,0.23244014470502383,Two year,18,18.0,No
CUST03905,0.4158296153249231,Month-to-month,19,30.09,No
CUST03906,0.4346789471249224,Month-to-month,20,80.63,No
CUST03907,0.49953653272981646,Month-to-month,19,65.76,Yes
CUST03908,0.4742276715189578,One year,16,104.33,No
CUST03909,0.2617621087108142,Month-to-month,72,103.63,No
CUST03910,0.5002177136081968,Month-to-month,26,75.83,No
CUST03911,0.3202450382752633,Month-to-month,30,72.83,No
CUST03912,0.4504131638383274,Month-to-month,41,66.65,No
CUST03913,0.7096661591996977,Two year,4,18.0,Yes
CUST03914,0.5754760685850372,Two year,1,30.14,Yes
CUST03915,0.4621876482780978,Month-to-month,13,67.52,No
CUST03916,0.5386168484587823,One year,14,80.4,Yes
CUST03917,0.4915400670344787,Month-to-month,35,72.24,Yes
CUST03918,0.4031901687466143,One year,11,42.69,Yes
CUST03919,0.538436068529959,Two year,16,88.44,Yes
CUST03920,0.451240252537113,Two year,14,102.06,No
CUST03921,0.44326508157805294,Month-to-month,0,88.45,No
CUST03922,0.5820965939983406,One year,19,89.74,Yes
CUST03923,0.5411374890908496,Month-to-month,35,51.02,No
CUST03924,0.35356436864871327,Two year,3,91.9,No
CUST03925,0.4257321304173971,Month-to-month,18,68.64,No
CUST03926,0.3302467964069448,One year,18,77.79,Yes
CUST03927,0.37685027993831094,One year,3,74.14,No
CUST03928,0.45878786860149695,One year,2,61.96,No
CUST03929,0.40691187687919955,Month-to-month,72,43.5,No
CUST03930,0.426080003566914,Two year,10,62.95,No
CUST03931,0.5373383384520191,Month-to-month,5,89.67,No
CUST03932,0.5637691375768987,One year,3,53.96,Yes
CUST03933,0.5672383673471633,Month-to-month,22,87.33,Yes
CUST03934,0.5578974538914694,Month-to-month,18,83.43,Yes
CUST03935,0.520103668489619,Month-to-month,20,57.53,No
CUST03936,0.6593280807189621,Month-to-month,1,99.72,Yes
CUST03937,0.5927671009301971,Month-to-month,44,56.11,Yes
CUST03938,0.590279143753373,Month-to-month,9,102.74,Yes
CUST03939,0.5050016219023298,Month-to-month,7,75.85,Yes
CUST03940,0.3331769888911211,One year,12,64.6,No
CUST03941,0.24571476812654133,Two year,9,42.8,No
CUST03942,0.47537843644330363,Month-to-month,39,62.79,Yes
CUST03943,0.4975967969201124,Month-to-month,52,59.91,No
CUST03944,0.395895426251498,Month-to-month,7,33.54,No
CUST03945,0.4759317080054094,Month-to-month,39,59.56,Yes
CUST03946,0.28660044432150367,One year,30,44.9,No
CUST03947,0.28245691350644536,One year,53,79.65,No
CUST03948,0.7916240248402127,Month-to-month,5,97.66,Yes
CUST03949,0.5423644558330539,Month-to-month,17,34.33,Yes
CUST03950,0.5036197824764324,Month-to-month,6,107.81,No
CUST03951,0.43810923983243727,Two year,34,61.79,Yes
CUST03952,0.6490015590529384,Two year,0,40.62,Yes
CUST03953,0.6641362241953058,Month-to-month,16,83.94,Yes
CUST03954,0.4430745659055675,Month-to-month,8,53.84,No
CUST03955,0.2851641608496125,Two year,7,62.96,No
CUST03956,0.20688357820923745,Two year,20,54.89,No
CUST03957,0.4881094379130986,Month-to-month,38,44.58,No
CUST03958,0.6235950285326309,Month-to-month,18,83.1,No
CUST03959,0.5416854433390945,Month-to-month,38,57.84,No
CUST03960,0.3306780170435225,One year,6,29.08,No
CUST03961,0.40984021853119645,Month-to-month,14,78.78,No
CUST03962,0.36366787021183006,Month-to-month,11,34.86,No
CUST03963,0.31807635767009873,One year,0,36.17,No
CUST03964,0.635969040489513,Month-to-month,16,94.82,No
CUST03965,0.3725310767519929,One year,21,35.09,Yes
CUST03966,0.3907310253385019,Month-to-month,17,18.0,No
CUST03967,0.367137669323528,Month-to-month,26,80.57,No
CUST03968,0.3564365788378667,One year,16,57.4,No
CUST03969,0.5644448689743234,Month-to-month,1,59.56,No
CUST03970,0.47092354127557134,Two year,2,57.14,No
CUST03971,0.5021110155863192,Month-to-month,18,70.79,No
CUST03972,0.6333141861606029,Month-to-month,6,46.18,Yes
CUST03973,0.3998552556800754,One year,1,101.9,No
CUST03974,0.4854120290236359,Month-to-month,11,28.09,Yes
CUST03975,0.39637103531132395,Two year,16,76.12,Yes
CUST03976,0.48227731339575186,Month-to-month,7,81.05,No
CUST03977,0.529173728551633,Month-to-month,25,46.01,No
CUST03978,0.3727435464418808,Month-to-month,20,39.41,No
CUST03979,0.6201017632013596,Month-to-month,8,90.43,Yes
CUST03980,0.35868962321649733,Two year,28,40.23,No
CUST03981,0.3839683411693546,Two year,20,49.83,No
CUST03982,0.5861868923783793,Month-to-month,20,87.18,Yes
CUST03983,0.4834109809275553,Month-to-month,16,65.87,No
CUST03984,0.3669173542294129,Two year,0,20.07,No
CUST03985,0.2815717837643341,Two year,23,108.68,No
CUST03986,0.42051095937212807,Month-to-month,9,51.75,No
CUST03987,0.41118520529322233,Month-to-month,57,54.93,No
CUST03988,0.46358271288173014,Month-to-month,34,71.39,No
CUST03989,0.31414624888463755,Two year,17,80.63,No
CUST03990,0.7132122186841389,Month-to-month,5,114.03,Yes
CUST03991,0.5701808255815607,Month-to-month,4,23.5,Yes
CUST03992,0.30778215161067035,One year,8,85.65,No
CUST03993,0.5274307630664278,Month-to-month,12,83.58,No
CUST03994,0.42446879145849864,Month-to-month,7,61.57,No
CUST03995,0.4938951739549975,Month-to-month,14,84.68,Yes
CUST03996,0.7000404030015533,Month-to-month,3,88.36,Yes
CUST03997,0.3114767189949687,Month-to-month,72,30.45,No
CUST03998,0.6362516535055289,Month-to-month,2,108.74,No
CUST03999,0.548587546176869,Month-to-month,53,26.03,Yes
CUST04000,0.2532663526923142,One year,48,36.62,No
CUST04001,0.25259287197763114,Two year,14,58.46,No
CUST04002,0.5575737583863513,One year,25,113.12,Yes
CUST04003,0.509371262705519,Month-to-month,11,57.29,No
CUST04004,0.4253154924439606,Month-to-month,19,64.2,No
CUST04005,0.5161315476928976,Month-to-month,8,100.8,Yes
CUST04006,0.556975689170921,Month-to-month,7,57.49,Yes
CUST04007,0.44735250801380017,Month-to-month,17,35.54,No
CUST04008,0.32196495891123433,One year,13,54.57,No
CUST04009,0.64890291305345,Month-to-month,17,99.27,Yes
CUST04010,0.46511808886627803,Month-to-month,6,66.77,No
CUST04011,0.5928607813174263,Month-to-month,9,113.27,Yes
CUST04012,0.43776749568636364,One year,1,83.45,No
CUST04013,0.6696613852673785,Month-to-month,1,48.88,Yes
CUST04014,0.4252574234463948,One year,5,66.28,No
CUST04015,0.5156022356687003,Month-to-month,1,43.67,No
CUST04016,0.42818902750909593,Two year,2,48.29,No
CUST04017,0.25993560394291465,Two year,33,120.0,No
CUST04018,0.49943722134614055,Month-to-month,0,90.47,Yes
CUST04019,0.3826887145148418,Month-to-month,21,86.53,No
CUST04020,0.5223401268545735,Month-to-month,6,49.42,No
CUST04021,0.29201537995408966,Month-to-month,41,104.24,No
CUST04022,0.4762052714278945,One year,13,92.49,No
CUST04023,0.3322821579859621,Two year,7,112.04,No
CUST04024,0.49414647806243006,One year,14,110.83,No
CUST04025,0.24918309297215885,Two year,9,28.02,No
CUST04026,0.36294755780462523,Month-to-month,16,37.25,No
CUST04027,0.6300765168843871,Month-to-month,2,39.91,No
CUST04028,0.12054426287859643,One year,72,41.4,No
CUST04029,0.42809511740169076,Month-to-month,11,73.09,No
CUST04030,0.3738529192381559,One year,8,50.83,Yes
CUST04031,0.6238195586195332,Month-to-month,24,116.81,Yes
CUST04032,0.39733383919190607,Month-to-month,9,112.62,No
CUST04033,0.26555848399737286,Two year,35,64.84,No
CUST04034,0.6770501440781151,Month-to-month,12,113.88,Yes
CUST04035,0.2767218337565266,Two year,25,102.2,Yes
CUST04036,0.3062390675430352,Two year,2,53.73,No
CUST04037,0.21301286939536554,One year,37,18.0,No
CUST04038,0.4697773310101628,One year,26,59.55,No
CUST04039,0.3799498547463686,One year,4,48.88,No
CUST04040,0.325647993187186,Two year,3,70.16,No
CUST04041,0.44368649890971734,Month-to-month,7,67.23,No
CUST04042,0.47460816431611774,Month-to-month,72,66.58,No
CUST04043,0.2936382701056598,One year,5,78.09,No
CUST04044,0.46222712371896707,Month-to-month,12,34.69,Yes
CUST04045,0.6710573297946467,Month-to-month,0,75.28,Yes
CUST04046,0.42813388390244406,Month-to-month,10,54.01,No
CUST04047,0.4318232908503109,One year,16,70.0,No
CUST04048,0.1359295401365696,Two year,61,88.94,No
CUST04049,0.39475653945436917,Month-to-month,14,34.39,No
CUST04050,0.3785887488879289,Two year,34,57.97,Yes
CUST04051,0.4027388232270671,One year,15,62.04,No
CUST04052,0.254467986689681,Two year,0,52.14,No
CUST04053,0.546397567522278,One year,7,87.5,Yes
CUST04054,0.29658860357922834,One year,17,46.99,No
CUST04055,0.4093418717966479,Month-to-month,60,51.11,No
CUST04056,0.272160433833014,Two year,39,47.25,No
CUST04057,0.7419796969060484,Month-to-month,5,92.3,Yes
CUST04058,0.4173483723555183,Two year,4,52.69,No
CUST04059,0.399601295602285,Two year,4,76.5,No
CUST04060,0.4380035465756157,Month-to-month,51,114.39,No
CUST04061,0.42932513841750297,Month-to-month,38,63.13,No
CUST04062,0.36464122880259325,One year,29,92.8,No
CUST04063,0.6338671746888002,Month-to-month,9,106.78,Yes
CUST04064,0.3695527869209976,Two year,14,90.68,No
CUST04065,0.36671229119760684,Month-to-month,12,64.58,No
CUST04066,0.6240507735409792,Month-to-month,5,81.05,No
CUST04067,0.35816567585238124,Two year,14,32.82,No
CUST04068,0.6413158104627809,One year,0,45.5,Yes
CUST04069,0.4384598715793315,Two year,2,49.88,No
CUST04070,0.5231492591178619,Month-to-month,43,120.0,Yes
CUST04071,0.2956927497491487,One year,27,44.69,No
CUST04072,0.20559920594786005,One year,10,44.31,No
CUST04073,0.44126280370874477,One year,14,38.9,Yes
CUST04074,0.28079855769216683,One year,9,79.0,No
CUST04075,0.2118617528293312,One year,27,68.57,No
CUST04076,0.5663369898565515,Month-to-month,30,92.17,Yes
CUST04077,0.47315421447846345,Month-to-month,28,81.78,No
CUST04078,0.26985200317039987,One year,25,30.49,No
CUST04079,0.5720750256318978,Month-to-month,4,44.82,No
CUST04080,0.4531884834096909,One year,8,99.13,No
CUST04081,0.4087646519597032,Month-to-month,12,59.92,No
CUST04082,0.502225580130384,One year,8,94.69,Yes
CUST04083,0.24393020389754563,One year,28,61.26,No
CUST04084,0.3984687485410503,Month-to-month,7,40.81,No
CUST04085,0.6806220097942461,Month-to-month,2,57.42,Yes
CUST04086,0.5339573735108873,Month-to-month,10,40.8,No
CUST04087,0.2504420885450649,One year,72,50.86,No
CUST04088,0.36924396165020795,Two year,5,70.02,No
CUST04089,0.514851331037501,Month-to-month,18,77.79,Yes
CUST04090,0.29273868084557103,One year,11,25.25,No
CUST04091,0.5727033111522335,Month-to-month,1,64.57,No
CUST04092,0.4855860992735498,Month-to-month,13,50.33,Yes
CUST04093,0.3299391571570753,Two year,24,48.79,No
CUST04094,0.45617605524232424,Month-to-month,14,68.32,Yes
CUST04095,0.3824265010631872,Month-to-month,41,51.24,No
CUST04096,0.6124166826675217,Month-to-month,6,99.55,No
CUST04097,0.6819065183093267,Month-to-month,1,94.7,Yes
CUST04098,0.5934861361285815,Month-to-month,55,94.55,Yes
CUST04099,0.46062633139921805,Month-to-month,9,52.63,Yes
CUST04100,0.2907638566687737,One year,17,40.94,No
CUST04101,0.4978310720195643,Month-to-month,31,67.05,No
CUST04102,0.39803307012739464,Month-to-month,7,61.24,No
CUST04103,0.36330878789826526,Month-to-month,25,49.78,No
CUST04104,0.5491223999682731,Month-to-month,2,35.61,No
CUST04105,0.25363396245298153,One year,6,63.96,No
CUST04106,0.5048744078028047,Two year,3,54.9,Yes
CUST04107,0.42712457082810723,Month-to-month,33,82.21,No
CUST04108,0.6694409272893389,Two year,5,81.63,Yes
CUST04109,0.5346115974551094,One year,25,92.52,Yes
CUST04110,0.3582739303978659,One year,57,33.52,No
CUST04111,0.5609152088463311,Month-to-month,15,75.03,No
CUST04112,0.5219468472913715,Month-to-month,15,46.81,No
CUST04113,0.6115336242425039,Month-to-month,12,34.49,Yes
CUST04114,0.39855711215387457,One year,7,54.28,Yes
CUST04115,0.5624675676282395,Month-to-month,12,91.72,Yes
CUST04116,0.4999763344444863,Two year,18,55.69,Yes
CUST04117,0.2112918749859794,Month-to-month,72,104.14,No
CUST04118,0.2305905628554659,Month-to-month,55,78.72,No
CUST04119,0.34643795073175054,One year,39,55.15,Yes
CUST04120,0.4044221237285437,Month-to-month,43,94.0,No
CUST04121,0.461047113766179,Month-to-month,12,76.13,No
CUST04122,0.1767420242364845,One year,21,41.69,No
CUST04123,0.34627241754064036,Two year,45,111.47,No
CUST04124,0.2591746288322807,One year,9,71.49,No
CUST04125,0.09714397942200327,One year,65,65.47,No
CUST04126,0.3622401202081512,One year,10,43.61,No
CUST04127,0.2934707069816121,Two year,18,94.49,No
CUST04128,0.4766405862089418,Month-to-month,24,77.93,No
CUST04129,0.5125459832989098,Month-to-month,60,80.73,Yes
CUST04130,0.6312357468143157,Month-to-month,5,52.31,Yes
CUST04131,0.5078291898609004,Month-to-month,27,85.85,No
CUST04132,0.39261090692433515,One year,14,87.8,No
CUST04133,0.44795793733260303,One year,6,48.28,No
CUST04134,0.3543050920266769,One year,29,29.58,No
CUST04135,0.5225125008711075,Month-to-month,16,79.53,No
CUST04136,0.2985327281168581,One year,21,25.67,No
CUST04137,0.3983139462778717,Month-to-month,7,68.8,No
CUST04138,0.371103402017897,One year,13,53.82,No
CUST04139,0.6028935436130047,One year,19,95.47,Yes
CUST04140,0.48005798871317934,Month-to-month,10,55.18,No
CUST04141,0.6257726395045942,Month-to-month,4,92.68,No
CUST04142,0.3255026269391918,Month-to-month,65,52.14,No
CUST04143,0.5471492920356826,Two year,14,90.0,No
CUST04144,0.31851168911491873,Two year,26,116.51,No
CUST04145,0.3460849167747609,One year,10,38.3,No
CUST04146,0.5846732642092464,Month-to-month,8,72.3,No
CUST04147,0.5255991843746706,Month-to-month,10,120.0,No
CUST04148,0.24997350509219185,One year,10,66.66,No
CUST04149,0.3279867856496558,One year,15,66.54,No
CUST04150,0.5328687130236761,Month-to-month,15,84.71,Yes
CUST04151,0.47720704663914626,Month-to-month,13,66.03,Yes
CUST04152,0.34946933367817756,One year,2,22.32,No
CUST04153,0.5413575037892335,Month-to-month,13,93.31,No
CUST04154,0.5218449028915636,Month-to-month,3,18.0,No
CUST04155,0.5822429306158822,Month-to-month,2,54.58,No
CUST04156,0.4578732666125024,Month-to-month,53,95.19,Yes
CUST04157,0.44751637833729374,Two year,18,56.09,No
CUST04158,0.34841357449329174,Two year,21,47.66,No
CUST04159,0.380632868656622,One year,10,86.98,No
CUST04160,0.4893140881899328,Month-to-month,47,43.72,No
CUST04161,0.33617269229045,Month-to-month,20,34.44,No
CUST04162,0.5401125935795715,Month-to-month,29,71.86,Yes
CUST04163,0.3722159285396458,Month-to-month,9,60.43,No
CUST04164,0.1708622395762904,One year,64,33.91,No
CUST04165,0.6001014896413603,Month-to-month,34,80.92,No
CUST04166,0.41748613858409,Month-to-month,38,76.61,No
CUST04167,0.5737646914574583,Month-to-month,3,56.01,No
CUST04168,0.4493161291092205,Month-to-month,6,57.72,No
CUST04169,0.5459655096441147,Month-to-month,6,76.76,Yes
CUST04170,0.514172130372344,Month-to-month,6,94.76,No
CUST04171,0.261197524958059,Two year,38,57.93,No
CUST04172,0.6263988003537923,Month-to-month,0,81.37,Yes
CUST04173,0.6565500135037767,Month-to-month,1,79.13,Yes
CUST04174,0.42400296697610157,Two year,6,86.98,No
CUST04175,0.3619550015860121,Two year,4,65.98,No
CUST04176,0.27659787646391637,One year,5,42.19,No
CUST04177,0.4117862907996065,Two year,31,53.44,No
CUST04178,0.5282306638620087,Month-to-month,16,73.57,Yes
CUST04179,0.4251708872935677,Month-to-month,0,110.46,No
CUST04180,0.39585632028991574,Month-to-month,11,52.9,No
CUST04181,0.32264115711855235,One year,10,85.12,No
CUST04182,0.5914068006659363,One year,2,56.8,Yes
CUST04183,0.556026548979792,Month-to-month,22,67.76,Yes
CUST04184,0.5312772777583173,Month-to-month,24,102.88,No
CUST04185,0.4502459667948488,One year,25,84.11,No
CUST04186,0.5998582879689454,Month-to-month,26,33.97,Yes
CUST04187,0.2453896691800101,One year,0,50.69,No
CUST04188,0.15129070743591586,One year,61,96.41,No
CUST04189,0.5295368257682245,One year,33,68.55,Yes
CUST04190,0.2733500517070395,One year,46,36.28,No
CUST04191,0.3519812491480247,Two year,0,44.53,No
CUST04192,0.32354776730675794,Month-to-month,54,82.59,No
CUST04193,0.54115612237982,One year,33,89.86,Yes
CUST04194,0.5037273901630507,One year,36,65.45,Yes
CUST04195,0.5515046218714809,Month-to-month,1,120.0,No
CUST04196,0.5755602717118173,Month-to-month,26,85.6,Yes
CUST04197,0.28378541362012827,Month-to-month,64,58.91,No
CUST04198,0.5594617132925528,Month-to-month,22,44.61,Yes
CUST04199,0.2162084217105874,One year,16,40.63,No
CUST04200,0.1883123481053668,Two year,58,73.39,No
CUST04201,0.4373027851592623,Month-to-month,11,52.78,Yes
CUST04202,0.5848334443425316,Month-to-month,18,106.84,Yes
CUST04203,0.33213051059001186,Two year,12,101.66,No
CUST04204,0.4078768617825469,Month-to-month,54,80.83,No
CUST04205,0.7383784746647879,Month-to-month,1,35.53,Yes
CUST04206,0.5057390187165907,One year,13,48.19,No
CUST04207,0.6254336941602224,Month-to-month,23,96.39,Yes
CUST04208,0.5058099920658068,Month-to-month,31,50.92,No
CUST04209,0.5421924891548422,Month-to-month,17,93.05,No
CUST04210,0.3717711261573149,Month-to-month,47,76.87,No
CUST04211,0.18515475781477508,One year,56,66.29,No
CUST04212,0.6452635809345459,Month-to-month,1,47.43,No
CUST04213,0.42522281827059516,Month-to-month,10,62.64,No
CUST04214,0.6572383449340558,One year,0,69.74,Yes
CUST04215,0.30296263964331627,Two year,7,90.81,No
CUST04216,0.41171055158788933,Month-to-month,15,42.86,No
CUST04217,0.37611040462787465,Month-to-month,48,58.43,Yes
CUST04218,0.3631127368630698,One year,37,66.12,No
CUST04219,0.6580651078219272,Month-to-month,2,81.57,No
CUST04220,0.6508265657454118,Month-to-month,1,42.29,No
CUST04221,0.27757426852246087,One year,17,32.09,No
CUST04222,0.33747134280984137,Two year,15,81.85,No
CUST04223,0.31400922495720135,Two year,6,27.05,No
CUST04224,0.38622010508860766,One year,45,97.12,No
CUST04225,0.235728355065685,One year,52,61.1,No
CUST04226,0.33102852515492776,Month-to-month,10,26.31,No
CUST04227,0.2018737482087616,One year,44,52.99,No
CUST04228,0.4038427496661546,Month-to-month,9,74.48,No
CUST04229,0.47335546805790973,Month-to-month,26,51.68,No
CUST04230,0.4197406757343867,One year,12,65.5,Yes
CUST04231,0.6958721034094607,One year,2,83.5,Yes
CUST04232,0.4601636859610603,Month-to-month,52,59.95,No
CUST04233,0.20990530899036616,Two year,12,41.57,No
CUST04234,0.4794731155989275,Month-to-month,26,57.53,Yes
CUST04235,0.5934757788484667,Month-to-month,9,100.37,Yes
CUST04236,0.5736573872085706,Month-to-month,0,107.13,No
CUST04237,0.32366720528060466,One year,2,18.0,No
CUST04238,0.557299454917697,One year,13,92.28,Yes
CUST04239,0.45189811635915,Month-to-month,23,71.25,Yes
CUST04240,0.27674526810197986,One year,8,88.1,No
CUST04241,0.4216334432587622,Month-to-month,23,51.24,No
CUST04242,0.2554590290464188,One year,23,20.79,No
CUST04243,0.6347403125668226,Month-to-month,24,79.61,Yes
CUST04244,0.3870667518607741,Month-to-month,13,41.48,No
CUST04245,0.3672770686548112,Two year,49,30.29,No
CUST04246,0.596993921523677,Month-to-month,13,32.04,Yes
CUST04247,0.47726054518319694,Month-to-month,11,80.02,Yes
CUST04248,0.5454742532438972,One year,4,68.49,No
CUST04249,0.3429727059773161,Two year,7,84.56,No
CUST04250,0.5080915388035373,Month-to-month,0,81.73,No
CUST04251,0.43451474489339925,Month-to-month,20,54.48,Yes
CUST04252,0.623254086903891,Month-to-month,5,63.24,Yes
CUST04253,0.4135348751117146,Month-to-month,7,52.21,Yes
CUST04254,0.45588689448777203,Month-to-month,29,59.74,No
CUST04255,0.20740717242326773,One year,7,40.82,No
CUST04256,0.401993202133723,Two year,5,74.76,No
CUST04257,0.7320760483258938,Month-to-month,3,91.88,No
CUST04258,0.4311487213258436,Month-to-month,29,44.58,No
CUST04259,0.729348763714856,Month-to-month,2,97.03,Yes
CUST04260,0.39328717633627286,Month-to-month,12,67.84,No
CUST04261,0.20785499317531606,Two year,14,71.03,No
CUST04262,0.4177360803667357,Month-to-month,23,22.51,No
CUST04263,0.3205048835435067,Month-to-month,20,19.82,No
CUST04264,0.2736044241298098,One year,33,68.6,No
CUST04265,0.44808885873394794,Month-to-month,0,84.74,No
CUST04266,0.21279090757032887,One year,7,48.22,No
CUST04267,0.4786866354978839,Month-to-month,6,106.75,No
CUST04268,0.33749571688749463,Two year,3,83.37,No
CUST04269,0.19838987390576346,Two year,6,42.29,No
CUST04270,0.38860472225799264,One year,7,65.77,No
CUST04271,0.6467818100379565,Two year,14,120.0,Yes
CUST04272,0.5970411555947492,Month-to-month,21,33.94,Yes
CUST04273,0.5791523540810437,Month-to-month,9,78.21,No
CUST04274,0.24369404098132108,One year,25,56.93,No
CUST04275,0.30481441474015863,One year,8,82.67,No
CUST04276,0.6116530520514861,Month-to-month,6,96.68,Yes
CUST04277,0.48034698464849124,Month-to-month,15,55.34,No
CUST04278,0.43759085502307044,Month-to-month,0,92.97,Yes
CUST04279,0.6849452531166975,Month-to-month,1,120.0,Yes
CUST04280,0.43446809125163915,Month-to-month,10,66.66,No
CUST04281,0.24314431142070692,One year,57,84.62,No
CUST04282,0.4194292698576232,Month-to-month,25,50.24,No
CUST04283,0.6277797401094461,Month-to-month,1,65.48,No
CUST04284,0.5346528252729158,One year,37,60.58,Yes
CUST04285,0.3839410812761368,One year,26,84.92,No
CUST04286,0.3208185357794639,Two year,18,95.12,No
CUST04287,0.3126921794373154,One year,34,62.26,No
CUST04288,0.5318837560590253,Month-to-month,10,103.34,No
CUST04289,0.4882925801912625,Two year,5,103.25,No
CUST04290,0.5809298655468745,Month-to-month,14,86.17,No
CUST04291,0.5266896428548317,Month-to-month,15,52.1,No
CUST04292,0.3724900552362066,One year,15,49.7,No
CUST04293,0.31363145002315945,Two year,16,44.69,No
CUST04294,0.2974568681527137,Month-to-month,59,88.73,No
CUST04295,0.5742987808268656,Month-to-month,46,34.71,No
CUST04296,0.4552117842122511,Month-to-month,41,81.92,No
CUST04297,0.4382841002579226,Month-to-month,32,37.97,No
CUST04298,0.5421993179880992,Month-to-month,57,85.59,Yes
CUST04299,0.40180805427021116,One year,2,65.43,No
CUST04300,0.42659688548421343,Month-to-month,6,98.34,No
CUST04301,0.302378582628216,Two year,13,93.54,Yes
CUST04302,0.5499409979003252,One year,37,100.88,Yes
CUST04303,0.45329163018803714,One year,14,101.52,No
CUST04304,0.2946790684290843,Two year,27,68.59,No
CUST04305,0.6668007034265784,Month-to-month,2,36.03,No
CUST04306,0.6140547592987362,Month-to-month,5,38.69,Yes
CUST04307,0.28299223477434216,One year,26,18.0,No
CUST04308,0.45866511172524566,Two year,3,37.91,No
CUST04309,0.3804917268646886,One year,8,66.72,Yes
CUST04310,0.5598672272587545,Month-to-month,6,51.01,Yes
CUST04311,0.31997366092650453,Two year,8,60.5,No
CUST04312,0.45236564384752015,Month-to-month,24,77.32,No
CUST04313,0.47671381259522355,Two year,9,57.4,No
CUST04314,0.38354357856215965,Two year,16,36.95,No
CUST04315,0.7433635739693939,Month-to-month,2,63.67,Yes
CUST04316,0.4300149225120515,One year,32,42.54,No
CUST04317,0.4928648829759615,Month-to-month,9,58.23,Yes
CUST04318,0.618192256749113,Month-to-month,20,98.57,Yes
CUST04319,0.5029008843821764,Month-to-month,25,58.24,No
CUST04320,0.4932282890430364,One year,4,109.27,No
CUST04321,0.21095198716163752,Two year,43,100.79,No
CUST04322,0.2974876523871917,One year,19,50.52,No
CUST04323,0.4746723371534001,Month-to-month,11,37.22,Yes
CUST04324,0.4094749752441135,Two year,4,63.69,No
CUST04325,0.1632520714237735,Two year,57,93.83,No
CUST04326,0.6195899806490714,Month-to-month,28,52.75,Yes
CUST04327,0.4865342487283834,Two year,4,87.7,No
CUST04328,0.4269034294147175,Month-to-month,8,95.21,No
CUST04329,0.35339454422528077,Two year,33,45.65,Yes
CUST04330,0.40627837435576153,Month-to-month,23,48.1,No
CUST04331,0.4427932312247883,Month-to-month,29,82.82,Yes
CUST04332,0.3702101905412994,Month-to-month,11,68.8,No
CUST04333,0.3746768028658795,One year,25,47.85,No
CUST04334,0.433821171388589,Month-to-month,9,56.2,No
CUST04335,0.6826602150090367,Month-to-month,4,63.24,Yes
CUST04336,0.2653957643222649,One year,20,25.88,No
CUST04337,0.18340202215391302,Two year,72,84.14,No
CUST04338,0.4816489686135222,Month-to-month,7,53.03,No
CUST04339,0.32795179504439076,Month-to-month,12,18.0,Yes
CUST04340,0.34479472581787135,Month-to-month,22,64.4,No
CUST04341,0.4727626729649419,Month-to-month,15,46.46,No
CUST04342,0.3157584942143318,Two year,37,107.22,Yes
CUST04343,0.4866162534971757,Two year,28,50.36,Yes
CUST04344,0.4819913986709137,One year,1,37.56,No
CUST04345,0.3949368249452408,Month-to-month,72,77.7,No
CUST04346,0.2004690726041334,One year,27,48.49,No
CUST04347,0.2104114977430721,One year,39,45.51,No
CUST04348,0.39371474604422824,Two year,21,77.74,Yes
CUST04349,0.164595202370685,One year,38,38.99,No
CUST04350,0.463974074533927,One year,2,28.57,No
CUST04351,0.49320054591038426,One year,8,108.15,No
CUST04352,0.47313171416085537,Month-to-month,41,79.49,Yes
CUST04353,0.5247441075974907,Two year,4,58.39,No
CUST04354,0.603926740144041,Month-to-month,1,64.91,No
CUST04355,0.39204568822333125,One year,31,77.65,No
CUST04356,0.514338190879268,Month-to-month,36,89.33,No
CUST04357,0.43330323440349827,One year,3,46.1,No
CUST04358,0.40735204523670987,One year,38,74.15,No
CUST04359,0.5504827370619294,Month-to-month,23,52.33,No
CUST04360,0.531152571155892,Month-to-month,14,60.28,Yes
CUST04361,0.41675795482202227,One year,35,69.02,Yes
CUST04362,0.35646434244839137,One year,10,64.83,No
CUST04363,0.6588548168786924,Month-to-month,4,83.39,Yes
CUST04364,0.5094409211730471,Month-to-month,6,77.18,No
CUST04365,0.3889204574512072,One year,14,27.3,Yes
CUST04366,0.40747170254239756,Month-to-month,15,31.05,No
CUST04367,0.5161805219771388,Month-to-month,32,55.76,No
CUST04368,0.5145903690232144,Month-to-month,31,110.72,No
CUST04369,0.5629177916398683,Month-to-month,17,43.71,Yes
CUST04370,0.40368937647734726,Month-to-month,30,59.79,No
CUST04371,0.695001707746963,Month-to-month,4,51.59,Yes
CUST04372,0.6519586444705034,Month-to-month,1,51.15,Yes
CUST04373,0.42515705530635783,Month-to-month,41,69.46,No
CUST04374,0.6322947301947645,Month-to-month,1,100.02,No
CUST04375,0.3857100632904522,Month-to-month,5,76.4,No
CUST04376,0.4297257478470681,Month-to-month,23,44.91,No
CUST04377,0.2828630829924545,Two year,10,120.0,No
CUST04378,0.46700150724049844,Month-to-month,41,66.96,No
CUST04379,0.4930902715671106,Month-to-month,7,50.57,Yes
CUST04380,0.4016623062173067,Month-to-month,0,100.3,No
CUST04381,0.5335738072503972,Month-to-month,7,53.27,No
CUST04382,0.3944048152909046,One year,17,106.57,No
CUST04383,0.3030520501031745,One year,9,43.23,No
CUST04384,0.29721445371882355,Two year,15,100.75,No
CUST04385,0.5029177806947697,One year,41,70.03,Yes
CUST04386,0.1615011515764627,Two year,48,97.28,No
CUST04387,0.6729359114818878,Month-to-month,6,112.54,Yes
CUST04388,0.4902726712567851,Month-to-month,12,36.68,No
CUST04389,0.5334222632260971,Month-to-month,15,96.89,No
CUST04390,0.29668884825316494,Month-to-month,59,29.78,No
CUST04391,0.4299179934034311,Month-to-month,72,38.82,No
CUST04392,0.3739220156396069,One year,5,44.91,No
CUST04393,0.46129814417423587,Month-to-month,25,77.59,Yes
CUST04394,0.23935459159275344,Two year,9,65.83,No
CUST04395,0.29618372253718644,Two year,0,60.82,No
CUST04396,0.5360215131182452,Month-to-month,0,68.66,Yes
CUST04397,0.5201863658483155,Month-to-month,12,79.78,No
CUST04398,0.5754735121983932,Month-to-month,13,81.71,No
CUST04399,0.4029154379826118,Month-to-month,0,92.35,No
CUST04400,0.46969331655420615,Month-to-month,23,110.5,No
CUST04401,0.6483768015445394,Month-to-month,6,64.47,Yes
CUST04402,0.5148615878681952,Month-to-month,16,51.97,No
CUST04403,0.5165276437764698,Month-to-month,7,80.34,Yes
CUST04404,0.33981854601488914,Two year,3,36.39,No
CUST04405,0.2960028222141865,One year,10,48.03,No
CUST04406,0.3731570886890356,Two year,5,89.98,No
CUST04407,0.5407223790413708,Month-to-month,15,61.9,Yes
CUST04408,0.686362769849815,Month-to-month,4,34.8,Yes
CUST04409,0.38782544225782856,One year,14,27.75,No
CUST04410,0.7434519364628437,Month-to-month,3,66.22,Yes
CUST04411,0.46157974929902346,Month-to-month,22,93.55,No
CUST04412,0.4739532910307352,One year,28,93.21,No
CUST04413,0.5653578449974783,One year,2,67.77,Yes
CUST04414,0.6452018176299724,Month-to-month,12,115.22,Yes
CUST04415,0.6315931122551887,Month-to-month,1,62.38,No
CUST04416,0.6066452164539264,Month-to-month,18,61.54,Yes
CUST04417,0.4415012450159631,Month-to-month,6,18.0,No
CUST04418,0.5287056136728496,Month-to-month,14,53.82,No
CUST04419,0.5146496789568096,Month-to-month,14,86.3,Yes
CUST04420,0.4573420121879539,Month-to-month,51,104.1,Yes
CUST04421,0.5485435567559109,Two year,15,44.24,Yes
CUST04422,0.3701817466318925,One year,17,76.56,No
CUST04423,0.2542131591140342,One year,10,91.17,No
CUST04424,0.34543400292687304,Month-to-month,59,65.28,No
CUST04425,0.38574512229566055,Month-to-month,30,18.0,No
CUST04426,0.5339634166672611,Month-to-month,6,71.18,No
CUST04427,0.5809466852548844,Month-to-month,37,84.04,Yes
CUST04428,0.5150661052329042,Month-to-month,11,41.31,No
CUST04429,0.35630972218369455,One year,35,58.65,No
CUST04430,0.3434437405250064,One year,34,36.11,No
CUST04431,0.5779875955325979,Month-to-month,4,18.0,Yes
CUST04432,0.5299006894862501,Month-to-month,24,90.68,Yes
CUST04433,0.19737240589127214,Two year,6,64.91,No
CUST04434,0.5525983640391691,Month-to-month,7,104.94,Yes
CUST04435,0.48002854857694793,Month-to-month,7,86.43,No
CUST04436,0.40990587014424384,Month-to-month,25,56.14,No
CUST04437,0.44764875945229454,One year,5,62.92,No
CUST04438,0.3047117802894154,Two year,0,79.15,No
CUST04439,0.5961425497554339,Month-to-month,25,89.17,Yes
CUST04440,0.4530338577274759,Two year,3,73.07,No
CUST04441,0.4767450276335425,Two year,2,92.64,Yes
CUST04442,0.675698552202734,Month-to-month,5,57.58,Yes
CUST04443,0.36662633833011143,Month-to-month,9,40.07,No
CUST04444,0.5322309328282632,Month-to-month,12,63.38,No
CUST04445,0.6316901776963517,Two year,0,70.13,Yes
CUST04446,0.31894810098651694,Month-to-month,70,34.96,No
CUST04447,0.23141231062477488,One year,25,31.58,No
CUST04448,0.4711335772740269,Month-to-month,7,76.18,No
CUST04449,0.35572125903697205,One year,7,54.84,No
CUST04450,0.384827227367019,Month-to-month,11,60.85,No
CUST04451,0.2439282630328111,One year,19,56.01,No
CUST04452,0.6926812289940384,Two year,3,103.02,Yes
CUST04453,0.5955861943793006,Two year,4,96.54,Yes
CUST04454,0.2683149162133164,Two year,39,34.07,No
CUST04455,0.6415580972742965,Month-to-month,5,51.68,No
CUST04456,0.42693224558490217,One year,9,86.25,No
CUST04457,0.3320895437028989,Month-to-month,41,80.05,No
CUST04458,0.5981357027894071,Month-to-month,21,63.96,No
CUST04459,0.6239062258149206,Month-to-month,8,36.56,Yes
CUST04460,0.5184845412010539,Month-to-month,23,47.94,Yes
CUST04461,0.5786537020636606,Month-to-month,0,52.08,No
CUST04462,0.2928166828469402,Two year,26,71.92,No
CUST04463,0.5259274988414367,Month-to-month,13,107.59,No
CUST04464,0.31862186017143834,One year,33,47.83,No
CUST04465,0.3982466245321152,Month-to-month,61,39.35,No
CUST04466,0.37261449057122215,Month-to-month,52,62.29,Yes
CUST04467,0.5062186262633545,Month-to-month,47,90.79,No
CUST04468,0.25166249953911,Two year,14,28.83,No
CUST04469,0.35139323947979084,Two year,8,101.34,No
CUST04470,0.2150900061602638,Two year,12,60.7,No
CUST04471,0.43494608342239693,Two year,23,46.64,No
CUST04472,0.3377525610137349,Month-to-month,43,25.0,No
CUST04473,0.474569316325508,Month-to-month,4,82.66,No
CUST04474,0.21236774237132267,One year,50,60.72,No
CUST04475,0.5531936168266612,Month-to-month,33,69.27,No
CUST04476,0.46149693576469836,Month-to-month,72,42.48,Yes
CUST04477,0.46055394798379795,Month-to-month,42,57.02,Yes
CUST04478,0.3266076487446181,One year,6,52.84,No
CUST04479,0.4680317102608232,One year,2,62.49,No
CUST04480,0.6497457868224689,Month-to-month,2,48.26,Yes
CUST04481,0.46155215770176644,Month-to-month,6,26.65,No
CUST04482,0.4369535839463382,One year,19,120.0,No
CUST04483,0.36456922742542675,One year,32,30.91,Yes
CUST04484,0.35743671752947315,Month-to-month,45,69.54,No
CUST04485,0.2974911291479206,One year,19,20.7,No
CUST04486,0.6095187535735163,Month-to-month,0,18.0,Yes
CUST04487,0.7030423759186675,Month-to-month,4,67.45,Yes
CUST04488,0.4065374068690632,One year,2,69.36,Yes
CUST04489,0.403805814921885,One year,9,96.54,No
CUST04490,0.4572633007816778,Month-to-month,13,74.99,Yes
CUST04491,0.5445030505347755,One year,0,61.25,No
CUST04492,0.21900724873905328,One year,8,41.26,No
CUST04493,0.4736984862328908,One year,3,102.48,No
CUST04494,0.47716599616899613,One year,20,88.22,No
CUST04495,0.5241983918652607,One year,12,33.84,Yes
CUST04496,0.551469477191192,Month-to-month,13,65.95,No
CUST04497,0.46290437884557334,Month-to-month,11,68.6,No
CUST04498,0.40186833579660275,Month-to-month,62,56.36,No
CUST04499,0.5439219942043272,Month-to-month,4,84.3,No
CUST04500,0.3704298274909688,One year,14,85.79,No
CUST04501,0.38919680283096497,Month-to-month,26,60.24,No
CUST04502,0.49948215883877267,Month-to-month,16,57.98,Yes
CUST04503,0.5008429331223523,Month-to-month,52,102.47,Yes
CUST04504,0.4899432636176257,Month-to-month,9,88.32,No
CUST04505,0.46623599769027196,Month-to-month,12,66.81,Yes
CUST04506,0.2464003919055421,One year,1,24.27,No
CUST04507,0.6173653292209921,Month-to-month,18,73.6,Yes
CUST04508,0.390107608070238,One year,6,82.45,Yes
CUST04509,0.4788771759890729,Two year,3,18.0,No
CUST04510,0.4211873328133868,Month-to-month,15,71.3,No
CUST04511,0.464410345350921,Month-to-month,15,54.58,No
CUST04512,0.584706676040583,Month-to-month,1,59.48,Yes
CUST04513,0.31923416144756744,One year,23,42.32,No
CUST04514,0.37208957380607677,One year,19,61.3,Yes
CUST04515,0.5638878010337666,Month-to-month,4,99.8,No
CUST04516,0.46306066648807637,Month-to-month,12,53.84,Yes
CUST04517,0.3696911531352997,Two year,25,89.14,No
CUST04518,0.5999889223032537,Month-to-month,15,44.84,Yes
CUST04519,0.654489649292404,Month-to-month,10,83.97,Yes
CUST04520,0.42971481674920575,Two year,7,65.04,No
CUST04521,0.30065283780808444,One year,18,73.8,No
CUST04522,0.1823903190669384,Two year,55,65.18,No
CUST04523,0.5124479459874517,One year,22,81.04,Yes
CUST04524,0.6293748963273794,Two year,1,18.0,Yes
CUST04525,0.3595418177777159,Month-to-month,12,29.5,No
CUST04526,0.3565991490490104,One year,44,75.43,No
CUST04527,0.5529448642868098,Two year,1,18.0,Yes
CUST04528,0.17572499071837303,One year,72,51.74,No
CUST04529,0.3572364097824379,Month-to-month,59,63.64,No
CUST04530,0.6922980460060174,Month-to-month,1,44.3,Yes
CUST04531,0.4413181841854964,Month-to-month,54,47.71,No
CUST04532,0.46234020474682486,Month-to-month,9,71.79,No
CUST04533,0.6908957184749324,Month-to-month,37,90.23,Yes
CUST04534,0.31207534084552035,One year,10,41.04,No
CUST04535,0.5333362930202965,One year,11,50.62,Yes
CUST04536,0.538570772184304,Month-to-month,20,46.72,Yes
CUST04537,0.18349198451764587,One year,29,18.0,No
CUST04538,0.5340849605582946,Month-to-month,0,68.54,No
CUST04539,0.5364373063357584,Month-to-month,17,88.37,No
CUST04540,0.6651711556188421,Month-to-month,4,90.42,Yes
CUST04541,0.43156206395263885,Month-to-month,8,43.23,No
CUST04542,0.4957466155628501,Month-to-month,8,33.71,No
CUST04543,0.4885412964549949,Month-to-month,12,65.54,Yes
CUST04544,0.5942217720434991,Month-to-month,8,85.73,Yes
CUST04545,0.32726543551065396,Two year,2,68.87,No
CUST04546,0.5693850438629632,Month-to-month,3,72.23,No
CUST04547,0.5361979931293477,One year,0,93.55,No
CUST04548,0.3296052333467814,One year,12,46.52,No
CUST04549,0.16629472933644082,One year,61,59.5,No
CUST04550,0.4137887772339852,Two year,2,105.87,No
CUST04551,0.44956590702556165,Month-to-month,58,60.08,Yes
CUST04552,0.34589913665953603,Month-to-month,26,33.32,No
CUST04553,0.25904854766714985,Two year,20,48.27,No
CUST04554,0.4580388555587927,Month-to-month,20,41.55,No
CUST04555,0.4369928642722985,One year,35,73.93,No
CUST04556,0.46136725177367366,One year,2,42.6,No
CUST04557,0.514126082405348,One year,14,71.78,No
CUST04558,0.23398848314969828,Two year,23,46.6,No
CUST04559,0.22026970510680838,Two year,17,18.0,No
CUST04560,0.3076767089499203,One year,35,72.67,No
CUST04561,0.5250785562787637,Month-to-month,1,68.71,No
CUST04562,0.44120799084383433,Two year,23,77.94,No
CUST04563,0.40788843867949914,Month-to-month,15,48.18,No
CUST04564,0.5221262141999009,Month-to-month,9,45.51,No
CUST04565,0.26283131552843697,Two year,8,75.04,No
CUST04566,0.5463855655762341,Month-to-month,19,102.98,No
CUST04567,0.31274337193963453,Month-to-month,44,65.28,No
CUST04568,0.5506180326553552,Month-to-month,13,75.61,No
CUST04569,0.3362019361817593,Two year,34,56.96,No
CUST04570,0.43986138583482637,Month-to-month,10,26.41,No
CUST04571,0.5456725847120665,One year,2,89.19,No
CUST04572,0.5480125400825776,Month-to-month,1,87.71,No
CUST04573,0.37671329118654917,One year,1,82.77,No
CUST04574,0.3162646522682492,One year,9,60.45,No
CUST04575,0.46521887332872547,Month-to-month,8,79.93,Yes
CUST04576,0.5410611472994363,Month-to-month,25,87.34,Yes
CUST04577,0.5919133780732877,Month-to-month,27,105.5,Yes
CUST04578,0.3796450459973923,Two year,1,89.71,No
CUST04579,0.3775215418793298,One year,4,66.6,Yes
CUST04580,0.4513710852219308,Two year,6,32.29,No
CUST04581,0.4426482765852155,Month-to-month,15,68.89,No
CUST04582,0.3894200631626626,One year,3,71.41,No
CUST04583,0.6433358715768104,One year,2,82.73,Yes
CUST04584,0.3177591302205343,One year,57,98.85,No
CUST04585,0.5624349171330302,Two year,32,62.62,Yes
CUST04586,0.6028559563757118,Month-to-month,3,117.52,Yes
CUST04587,0.2691975782790341,Month-to-month,10,21.02,No
CUST04588,0.35185226368908284,One year,8,75.48,No
CUST04589,0.32703221636300017,One year,31,45.04,No
CUST04590,0.34226524378213363,One year,14,18.0,No
CUST04591,0.6555423025879514,Month-to-month,2,59.96,Yes
CUST04592,0.4528607755093471,Month-to-month,26,28.57,No
CUST04593,0.48097465269115497,Month-to-month,10,60.96,Yes
CUST04594,0.5465294666177657,Month-to-month,6,65.87,Yes
CUST04595,0.3124480319268327,One year,9,92.96,No
CUST04596,0.34779571050907326,One year,13,27.31,No
CUST04597,0.4744675190075438,Month-to-month,8,87.71,No
CUST04598,0.667161895803211,Month-to-month,5,67.45,No
CUST04599,0.5404365457838384,Month-to-month,10,90.72,No
CUST04600,0.5558994505983502,Month-to-month,0,54.21,Yes
CUST04601,0.18871158487188688,One year,29,31.69,No
CUST04602,0.5523691582935474,Two year,3,34.56,Yes
CUST04603,0.6048806211773905,Month-to-month,0,32.7,Yes
CUST04604,0.4251131972014654,One year,21,76.95,No
CUST04605,0.40822394935641376,Two year,29,101.92,No
CUST04606,0.29226815683626034,Two year,33,50.88,No
CUST04607,0.4745734599311717,Month-to-month,13,80.73,Yes
CUST04608,0.5938962333339892,Two year,4,26.91,Yes
CUST04609,0.48001269153810694,Month-to-month,26,69.51,No
CUST04610,0.4841874689677933,Month-to-month,24,81.71,No
CUST04611,0.6991326915678436,Month-to-month,5,28.8,Yes
CUST04612,0.3588099374762745,Month-to-month,46,59.9,No
CUST04613,0.6439270899928435,Month-to-month,2,82.9,Yes
CUST04614,0.37316662878554646,Month-to-month,72,18.0,No
CUST04615,0.616602968981016,Month-to-month,39,98.39,Yes
CUST04616,0.21326901064578238,Two year,23,73.84,No
CUST04617,0.23762586073230574,Two year,55,82.92,No
CUST04618,0.5891611400094736,Month-to-month,25,54.68,Yes
CUST04619,0.6100549569190751,Two year,4,21.93,Yes
CUST04620,0.15529421148122116,Two year,11,78.35,No
CUST04621,0.5082521093797221,One year,1,62.94,No
CUST04622,0.5180238911660099,Month-to-month,9,65.8,Yes
CUST04623,0.43282313163120906,One year,27,92.19,No
CUST04624,0.2908429733599206,Two year,9,84.05,No
CUST04625,0.6275789929898415,One year,8,113.03,Yes
CUST04626,0.46815904803913555,Month-to-month,18,68.85,No
CUST04627,0.43619179496763016,Month-to-month,41,47.72,No
CUST04628,0.39612354605727645,One year,0,60.29,Yes
CUST04629,0.385670216550872,Month-to-month,9,75.39,No
CUST04630,0.6344042541627469,Month-to-month,3,90.4,Yes
CUST04631,0.5045548532751937,Month-to-month,23,28.32,No
CUST04632,0.5553079065865435,Two year,2,65.21,Yes
CUST04633,0.5087239256493349,Two year,21,105.24,No
CUST04634,0.4593267750752991,Month-to-month,6,58.99,No
CUST04635,0.34937119151216,Two year,4,88.28,No
CUST04636,0.31962281300553685,Month-to-month,55,77.33,No
CUST04637,0.6497848528735584,One year,0,88.9,Yes
CUST04638,0.553666810655113,One year,11,44.76,Yes
CUST04639,0.32342625162361033,Two year,0,44.86,No
CUST04640,0.3185646186647547,Two year,13,65.51,No
CUST04641,0.49138866140908144,Month-to-month,13,26.69,No
CUST04642,0.2390276540650226,Two year,7,58.26,No
CUST04643,0.6883309343617389,Month-to-month,2,71.32,No
CUST04644,0.4788693932191193,One year,9,109.62,No
CUST04645,0.24112012655431317,One year,22,75.07,No
CUST04646,0.43855385696355514,One year,30,80.63,Yes
CUST04647,0.6022315681720153,Month-to-month,15,94.11,No
CUST04648,0.25307979907854267,Two year,17,40.88,No
CUST04649,0.7157189873869315,Month-to-month,4,60.87,Yes
CUST04650,0.45660363254153374,Month-to-month,6,120.0,Yes
CUST04651,0.5364632302148802,One year,3,63.02,No
CUST04652,0.6412327295861195,Month-to-month,5,92.91,No
CUST04653,0.4624826542791913,Two year,5,89.09,No
CUST04654,0.5260379425551492,Month-to-month,14,28.05,Yes
CUST04655,0.41039010869018955,Month-to-month,16,72.76,No
CUST04656,0.38643370438039276,Two year,57,68.67,Yes
CUST04657,0.6611922338821027,Month-to-month,4,73.25,Yes
CUST04658,0.5158872739359057,Month-to-month,20,46.15,Yes
CUST04659,0.28873050079916934,One year,33,37.08,No
CUST04660,0.4028462256546919,Month-to-month,16,53.1,No
CUST04661,0.5992297877149383,One year,5,62.56,Yes
CUST04662,0.6025281020507165,Month-to-month,6,94.62,Yes
CUST04663,0.38172603896772755,Two year,0,110.43,Yes
CUST04664,0.19959416707824654,Two year,7,99.91,No
CUST04665,0.5961749681547679,One year,27,86.5,Yes
CUST04666,0.6178276933818752,Month-to-month,0,39.89,Yes
CUST04667,0.47753680349066535,Two year,4,54.78,No
CUST04668,0.4741776237256975,One year,24,70.25,No
CUST04669,0.48958900450945997,One year,30,49.19,No
CUST04670,0.5103977631743072,Month-to-month,12,79.43,No
CUST04671,0.3849036057580569,Two year,23,83.01,Yes
CUST04672,0.4099531305990729,One year,9,78.41,No
CUST04673,0.6940395959556137,Month-to-month,3,90.63,No
CUST04674,0.49731966644723963,Month-to-month,10,42.39,Yes
CUST04675,0.4330273087093392,Two year,17,88.32,Yes
CUST04676,0.31919700150786545,Month-to-month,59,47.61,No
CUST04677,0.5569987955270317,Two year,1,41.48,Yes
CUST04678,0.1892644873967419,One year,14,78.3,No
CUST04679,0.4347141805588297,One year,7,95.4,No
CUST04680,0.46615894308999567,Month-to-month,14,77.2,No
CUST04681,0.509251420363104,Month-to-month,0,65.52,No
CUST04682,0.45053407295739617,Two year,7,72.75,No
CUST04683,0.3713579214423748,Month-to-month,34,68.41,Yes
CUST04684,0.29009663822598636,One year,16,36.85,No
CUST04685,0.41414352130948584,Month-to-month,11,33.93,No
CUST04686,0.40382628152228534,Month-to-month,6,63.03,No
CUST04687,0.5680062681456257,Month-to-month,7,67.0,Yes
CUST04688,0.41064769653345834,Month-to-month,9,65.28,No
CUST04689,0.47590998659345707,Two year,36,81.9,No
CUST04690,0.3077942904180561,Month-to-month,68,59.61,No
CUST04691,0.4628456832162479,Month-to-month,11,79.07,Yes
CUST04692,0.44307574377082387,Month-to-month,9,61.39,Yes
CUST04693,0.4449818512830358,Month-to-month,37,110.58,No
CUST04694,0.37700349015173024,Month-to-month,11,67.02,No
CUST04695,0.5298974261500908,Two year,16,120.0,Yes
CUST04696,0.6616455870799226,Month-to-month,5,73.8,Yes
CUST04697,0.5729114749753518,Month-to-month,27,59.66,Yes
CUST04698,0.3926776443064269,Month-to-month,15,42.51,No
CUST04699,0.5053610716147072,Two year,33,28.93,Yes
CUST04700,0.4289125370259715,Month-to-month,30,40.21,No
CUST04701,0.5499420007078529,Month-to-month,4,43.01,No
CUST04702,0.3061809459244691,One year,25,74.87,No
CUST04703,0.3417266403954684,One year,32,51.85,No
CUST04704,0.5371729295334321,Month-to-month,8,69.67,Yes
CUST04705,0.7272233739647938,Month-to-month,3,97.05,Yes
CUST04706,0.5182437010692356,One year,0,62.8,No
CUST04707,0.4709548220992984,Month-to-month,11,116.98,No
CUST04708,0.26500125499941407,Two year,8,35.6,Yes
CUST04709,0.4514724457305486,One year,16,61.24,No
CUST04710,0.6880570604333148,Month-to-month,4,51.52,No
CUST04711,0.42947041281740356,Month-to-month,39,88.41,No
CUST04712,0.6603977744913466,Month-to-month,5,18.0,Yes
CUST04713,0.267054437861428,One year,5,28.92,No
CUST04714,0.5627366648272986,Month-to-month,13,62.32,No
CUST04715,0.5067949624900153,Month-to-month,13,103.78,No
CUST04716,0.4901645203397957,One year,4,70.65,Yes
CUST04717,0.5108908544768404,Two year,6,31.21,Yes
CUST04718,0.5125394832018901,Month-to-month,3,35.07,No
CUST04719,0.23931964263014674,Two year,25,106.82,No
CUST04720,0.517765066497681,Month-to-month,29,49.47,No
CUST04721,0.4909121708330017,Month-to-month,12,41.43,Yes
CUST04722,0.6991622232679084,Month-to-month,25,101.93,Yes
CUST04723,0.5011085846703631,Month-to-month,26,90.28,No
CUST04724,0.635728980539872,Month-to-month,2,96.85,No
CUST04725,0.3947275076177299,Month-to-month,67,41.25,Yes
CUST04726,0.30859436105541516,Two year,34,26.87,No
CUST04727,0.4653552009900428,Two year,4,68.33,No
CUST04728,0.5824778783364991,One year,4,73.38,Yes
CUST04729,0.673360646124099,Month-to-month,2,74.12,Yes
CUST04730,0.7181467394009803,Month-to-month,2,101.95,Yes
CUST04731,0.4064393506396954,Month-to-month,27,21.66,No
CUST04732,0.49147908282941133,One year,12,86.49,No
CUST04733,0.19482447187972782,Two year,30,37.58,No
CUST04734,0.4338595711669605,Month-to-month,27,86.39,No
CUST04735,0.4490265578776142,Month-to-month,18,53.13,No
CUST04736,0.41899359932913116,Month-to-month,23,44.65,No
CUST04737,0.6144254305946436,Month-to-month,0,49.75,Yes
CUST04738,0.6342347634780007,Month-to-month,7,28.86,Yes
CUST04739,0.4047309269233205,One year,20,66.01,No
CUST04740,0.3898730385833491,One year,0,45.68,No
CUST04741,0.49088280781541366,Month-to-month,0,84.66,No
CUST04742,0.37775393128145046,Month-to-month,38,81.0,No
CUST04743,0.21509437846976937,Two year,23,107.2,No
CUST04744,0.4860938346211694,Month-to-month,6,74.16,No
CUST04745,0.45465491859124785,Month-to-month,23,78.02,Yes
CUST04746,0.6498628339885157,Month-to-month,31,100.0,No
CUST04747,0.5935615945305811,Month-to-month,7,49.31,No
CUST04748,0.651675571269112,Month-to-month,0,27.79,No
CUST04749,0.14225811945123285,Two year,53,70.0,No
CUST04750,0.3981689779116708,Month-to-month,8,29.43,No
CUST04751,0.5226086039829575,Month-to-month,2,120.0,No
CUST04752,0.6237839005688539,One year,13,101.39,No
CUST04753,0.4650159954033274,Month-to-month,29,119.1,No
CUST04754,0.3312561872966032,Two year,5,66.56,No
CUST04755,0.23108066901741153,Two year,6,78.76,No
CUST04756,0.695217982995509,Month-to-month,5,53.51,Yes
CUST04757,0.31426411768165946,One year,72,87.07,No
CUST04758,0.6168556269409748,Month-to-month,4,34.61,No
CUST04759,0.3681909147724473,Two year,17,18.0,Yes
CUST04760,0.4168829934090325,Month-to-month,51,45.23,No
CUST04761,0.6608903817602595,Two year,3,28.61,Yes
CUST04762,0.22659216317441713,One year,70,101.95,No
CUST04763,0.24523912138740325,Month-to-month,58,110.39,No
CUST04764,0.38772379056958733,Month-to-month,43,29.93,No
CUST04765,0.7197603781231688,Two year,4,97.29,Yes
CUST04766,0.4069888136790315,Two year,20,88.78,No
CUST04767,0.3079909889958456,Month-to-month,28,25.76,No
CUST04768,0.16755043217958993,One year,72,55.24,No
CUST04769,0.6749058016841479,Month-to-month,3,50.5,Yes
CUST04770,0.4785519670591573,Month-to-month,29,83.7,No
CUST04771,0.48185487090314133,Month-to-month,8,34.28,No
CUST04772,0.5537658017844804,Month-to-month,3,62.53,No
CUST04773,0.34892207471027353,Two year,10,47.85,No
CUST04774,0.4224213300935953,Month-to-month,31,76.83,No
CUST04775,0.22512255780956433,Two year,12,59.58,No
CUST04776,0.5145890531655589,Month-to-month,15,51.62,No
CUST04777,0.4281097497650091,Month-to-month,72,59.67,No
CUST04778,0.7045544403996695,Month-to-month,10,115.9,Yes
CUST04779,0.5373539879453224,Month-to-month,19,54.58,No
CUST04780,0.43677090257942924,Month-to-month,9,38.97,No
CUST04781,0.4427674637335779,Month-to-month,9,79.59,No
CUST04782,0.3163930005118717,One year,23,61.41,No
CUST04783,0.27374451294180463,Month-to-month,55,29.62,No
CUST04784,0.6141322513298557,Month-to-month,15,120.0,No
CUST04785,0.580921357963937,Month-to-month,29,56.19,No
CUST04786,0.45323664279202974,Two year,1,55.55,No
CUST04787,0.4089137006688861,Two year,4,69.0,No
CUST04788,0.5027373751053767,Month-to-month,13,108.25,No
CUST04789,0.75183526888821,Month-to-month,0,23.01,Yes
CUST04790,0.5831268919118372,Month-to-month,5,71.9,No
CUST04791,0.3141952163284823,Two year,14,117.18,No
CUST04792,0.5353249198684299,Month-to-month,0,68.22,No
CUST04793,0.524768835981237,Month-to-month,6,34.12,Yes
CUST04794,0.40117838224192776,Month-to-month,14,49.54,No
CUST04795,0.3532555592066175,Month-to-month,17,70.17,No
CUST04796,0.5143857952567888,Month-to-month,52,98.27,No
CUST04797,0.39963297698671646,One year,20,56.52,No
CUST04798,0.5060783960521978,Month-to-month,10,85.67,No
CUST04799,0.31079199929647666,One year,53,29.12,No
CUST04800,0.36680653425299714,Month-to-month,30,28.91,No
CUST04801,0.6415836422423508,Month-to-month,4,52.93,No
CUST04802,0.683183075326494,Two year,2,100.95,Yes
CUST04803,0.6064892182586843,Month-to-month,22,66.72,Yes
CUST04804,0.36735093141465286,Two year,16,72.25,No
CUST04805,0.4859352711159313,Month-to-month,31,71.95,Yes
CUST04806,0.3634679832854588,Month-to-month,26,92.73,No
CUST04807,0.16642463118094916,Two year,19,49.74,No
CUST04808,0.30549617882440594,Month-to-month,72,82.21,No
CUST04809,0.4460844006232248,Two year,15,44.23,Yes
CUST04810,0.6989470728250804,Month-to-month,2,114.58,Yes
CUST04811,0.3303806153076132,Two year,35,44.99,No
CUST04812,0.6883487431922187,Month-to-month,5,42.94,Yes
CUST04813,0.3992667498737109,Month-to-month,30,78.74,No
CUST04814,0.22687474698537005,One year,62,66.99,No
CUST04815,0.5208649998688939,Two year,23,73.17,Yes
CUST04816,0.29970981444374784,Two year,18,70.68,No
CUST04817,0.4187748016263235,Two year,12,37.74,No
CUST04818,0.24588670962486447,Two year,9,105.33,No
CUST04819,0.6803617362064363,Month-to-month,8,87.34,Yes
CUST04820,0.6099031511095423,Month-to-month,20,98.97,Yes
CUST04821,0.4458301766037334,Month-to-month,27,51.79,Yes
CUST04822,0.4357956141880506,Month-to-month,22,75.41,No
CUST04823,0.6244092612228723,Month-to-month,4,69.93,No
CUST04824,0.5870388449258419,Month-to-month,13,93.2,No
CUST04825,0.4647110193924097,Month-to-month,31,94.01,No
CUST04826,0.39272292242795986,One year,12,69.83,No
CUST04827,0.5536699891178948,Month-to-month,15,27.05,Yes
CUST04828,0.5572330162263079,Month-to-month,29,109.49,Yes
CUST04829,0.4405516752334393,Month-to-month,21,78.9,No
CUST04830,0.4145748186898593,One year,10,49.79,No
CUST04831,0.3351916366531462,One year,45,75.16,No
CUST04832,0.36977996366695154,One year,3,27.22,No
CUST04833,0.2512459482731489,Month-to-month,72,91.38,Yes
CUST04834,0.7116465230835074,Month-to-month,2,28.22,Yes
CUST04835,0.5492525200088648,Month-to-month,0,59.48,No
CUST04836,0.48937191253685747,Month-to-month,44,71.11,Yes
CUST04837,0.5312452331319,Month-to-month,5,90.97,No
CUST04838,0.4255266982457739,Month-to-month,26,67.66,No
CUST04839,0.45145356678433574,Month-to-month,33,80.87,No
CUST04840,0.4885125679415293,Two year,39,64.3,Yes
CUST04841,0.23231997934699986,Two year,72,64.2,No
CUST04842,0.44650031576173527,Month-to-month,6,67.14,No
CUST04843,0.36250926252495097,Month-to-month,24,60.27,No
CUST04844,0.7024244048741453,Month-to-month,2,22.84,Yes
CUST04845,0.5151149661385619,Month-to-month,10,45.79,No
CUST04846,0.24194975069748234,Two year,37,71.12,No
CUST04847,0.4170650927711948,Month-to-month,9,58.77,No
CUST04848,0.2493185049728347,One year,17,61.1,No
CUST04849,0.5788144426917011,Month-to-month,14,56.92,No
CUST04850,0.1641660121119355,Two year,20,43.41,No
CUST04851,0.39814332791459295,Month-to-month,72,52.67,No
CUST04852,0.5110700501347191,One year,1,57.33,No
CUST04853,0.3973338031212584,Month-to-month,17,65.13,Yes
CUST04854,0.28346738773209407,One year,39,74.83,No
CUST04855,0.45137094668672434,Month-to-month,13,60.49,Yes
CUST04856,0.6923710291590218,Month-to-month,1,39.26,No
CUST04857,0.3478531606515075,Two year,16,30.05,No
CUST04858,0.45577308932662847,Two year,8,120.0,Yes
CUST04859,0.3884749964220438,Two year,3,36.75,No
CUST04860,0.3261594322935293,One year,37,52.03,No
CUST04861,0.45230342594511375,Two year,14,77.93,No
CUST04862,0.28628619403489386,Month-to-month,54,74.02,No
CUST04863,0.4409593567557741,Month-to-month,32,78.02,Yes
CUST04864,0.38683702979142853,Month-to-month,23,53.93,No
CUST04865,0.39273723899639745,One year,0,70.96,No
CUST04866,0.49629512416293375,Month-to-month,11,66.53,Yes
CUST04867,0.6943970314759741,Month-to-month,4,57.2,No
CUST04868,0.31214520413152813,One year,48,71.14,No
CUST04869,0.45770667064681825,Two year,3,91.38,No
CUST04870,0.5602397276156059,Month-to-month,6,64.44,Yes
CUST04871,0.5144224106696558,Month-to-month,14,64.61,No
CUST04872,0.53206129736187,Month-to-month,6,91.7,No
CUST04873,0.7062813598000426,Month-to-month,4,89.03,Yes
CUST04874,0.6959293759340422,Month-to-month,18,104.6,Yes
CUST04875,0.43003685603486097,One year,1,21.09,No
CUST04876,0.5550136730863234,One year,1,87.63,No
CUST04877,0.2615372451737315,One year,9,80.04,No
CUST04878,0.5025119719842303,Month-to-month,25,42.86,Yes
CUST04879,0.2834787585627963,Two year,16,71.29,No
CUST04880,0.6281150035729983,Month-to-month,10,91.28,Yes
CUST04881,0.4354980571597891,Month-to-month,16,44.27,No
CUST04882,0.30607894197778607,Two year,9,76.06,No
CUST04883,0.3573030592604864,Month-to-month,55,86.78,No
CUST04884,0.6295722477566951,Month-to-month,1,38.22,Yes
CUST04885,0.2466611293564096,Two year,22,61.44,No
CUST04886,0.4681485242345875,Month-to-month,44,72.52,No
CUST04887,0.2765217686332679,One year,32,45.1,No
CUST04888,0.6403055662757362,Month-to-month,4,43.02,Yes
CUST04889,0.4086342480969922,One year,7,61.62,No
CUST04890,0.5196960911813554,Month-to-month,25,85.04,No
CUST04891,0.6542888043498998,Month-to-month,1,81.09,Yes
CUST04892,0.3338512356334536,One year,33,43.46,No
CUST04893,0.503216782128892,Month-to-month,25,81.3,Yes
CUST04894,0.5290879212126558,Month-to-month,26,44.1,No
CUST04895,0.6257341091223981,Month-to-month,2,24.75,Yes
CUST04896,0.4636999534659849,Month-to-month,25,55.82,No
CUST04897,0.5598681469225091,Month-to-month,22,93.07,No
CUST04898,0.5322655478983008,Month-to-month,35,81.4,No
CUST04899,0.2913008032538824,Two year,0,64.96,No
CUST04900,0.6620510149683382,Month-to-month,0,54.58,Yes
CUST04901,0.47686774848366903,Month-to-month,9,55.26,Yes
CUST04902,0.6285175536764213,Month-to-month,3,67.72,Yes
CUST04903,0.49358088623236873,Month-to-month,16,38.29,Yes
CUST04904,0.5119219490436058,Two year,49,56.3,No
CUST04905,0.5566756279050815,Month-to-month,9,59.61,Yes
CUST04906,0.22481596231315978,Two year,37,31.22,No
CUST04907,0.611472534265541,Month-to-month,0,44.04,No
CUST04908,0.4542842549756885,One year,3,75.26,No
CUST04909,0.49552335576699924,Month-to-month,0,65.24,No
CUST04910,0.24070245708839788,Two year,7,57.28,No
CUST04911,0.3962298146793781,One year,47,42.21,No
CUST04912,0.5966164911664632,Month-to-month,2,104.42,No
CUST04913,0.37296686087778474,Month-to-month,18,44.05,No
CUST04914,0.4229479612857983,Month-to-month,12,71.29,No
CUST04915,0.16196272931526923,Two year,55,52.8,No
CUST04916,0.641610771579477,Month-to-month,2,65.91,No
CUST04917,0.5873356591574534,Month-to-month,4,76.44,No
CUST04918,0.5427998157622329,One year,0,30.74,No
CUST04919,0.5430147318273338,Month-to-month,11,64.83,Yes
CUST04920,0.3562998090385853,Two year,6,94.77,No
CUST04921,0.23150735219619278,One year,40,109.04,No
CUST04922,0.29606995659800117,One year,18,61.75,No
CUST04923,0.400224505649664,Two year,19,66.04,No
CUST04924,0.6617918685544031,Month-to-month,15,120.0,Yes
CUST04925,0.6136042581111119,Month-to-month,1,93.37,No
CUST04926,0.4221638873006534,Month-to-month,11,49.57,No
CUST04927,0.4434645916983667,Month-to-month,72,49.53,Yes
CUST04928,0.5221098693400836,One year,36,88.91,Yes
CUST04929,0.6200676097765417,Two year,44,39.72,Yes
CUST04930,0.3913371742928844,Month-to-month,34,92.19,No
CUST04931,0.5375603251904286,Month-to-month,2,73.36,No
CUST04932,0.3558306830718339,Two year,5,77.94,No
CUST04933,0.5788199521273496,Month-to-month,0,58.58,Yes
CUST04934,0.414563868180778,Month-to-month,7,49.25,No
CUST04935,0.6218541704794573,Month-to-month,2,101.55,No
CUST04936,0.43370960683748244,Two year,12,58.83,No
CUST04937,0.41225189453499256,One year,22,54.73,No
CUST04938,0.3561049434936351,One year,41,63.0,No
CUST04939,0.31990795111655146,Two year,27,69.83,No
CUST04940,0.5191813692310239,Month-to-month,55,39.23,No
CUST04941,0.614078605534495,Month-to-month,1,50.88,No
CUST04942,0.6837073628081933,Two year,0,49.55,Yes
CUST04943,0.4904566190677088,Month-to-month,21,86.13,No
CUST04944,0.3439379534070548,One year,6,42.85,No
CUST04945,0.4962193226796349,Two year,5,21.11,No
CUST04946,0.4963116280343257,One year,8,18.0,Yes
CUST04947,0.4673288591823653,One year,6,28.24,Yes
CUST04948,0.3133848446960468,Two year,14,99.04,No
CUST04949,0.36792433778873135,Two year,11,65.41,No
CUST04950,0.4757400501359037,Month-to-month,14,77.53,No
CUST04951,0.47992917935193047,Month-to-month,22,78.41,Yes
CUST04952,0.5601650502859258,Month-to-month,9,66.4,No
CUST04953,0.3236820747887494,One year,5,63.13,No
CUST04954,0.640271879368112,Month-to-month,3,91.11,No
CUST04955,0.5282493805740708,One year,8,68.65,Yes
CUST04956,0.6444288401325322,Month-to-month,27,99.98,Yes
CUST04957,0.36452834561629843,One year,28,80.52,No
CUST04958,0.5780195913753765,Month-to-month,21,49.56,Yes
CUST04959,0.45494063579262617,One year,5,52.57,No
CUST04960,0.5405129222236275,Month-to-month,17,46.81,No
CUST04961,0.6946787882895173,Month-to-month,16,95.44,Yes
CUST04962,0.4369613132982101,Month-to-month,13,54.87,Yes
CUST04963,0.20682879931440443,One year,15,45.04,No
CUST04964,0.5916027578395875,Month-to-month,13,72.99,Yes
CUST04965,0.5614481588761354,Month-to-month,16,62.57,Yes
CUST04966,0.22086737236496837,Two year,25,72.36,No
CUST04967,0.4540282892249533,One year,2,112.25,No
CUST04968,0.3074033921391287,Two year,27,87.83,No
CUST04969,0.665378579694581,Month-to-month,2,65.68,Yes
CUST04970,0.5722185174092994,Month-to-month,1,29.79,No
CUST04971,0.21974831301472175,Two year,72,52.5,No
CUST04972,0.29591775700137635,Month-to-month,62,82.78,No
CUST04973,0.40823192686574006,One year,1,35.72,No
CUST04974,0.5293600898171609,Month-to-month,11,118.52,No
CUST04975,0.7318800608766083,Month-to-month,4,65.36,Yes
CUST04976,0.553182419136444,Month-to-month,13,66.22,Yes
CUST04977,0.5466077695879665,Month-to-month,35,48.33,Yes
CUST04978,0.413031379357944,Month-to-month,60,77.42,No
CUST04979,0.49761700186335867,Month-to-month,20,36.05,No
CUST04980,0.27112261856964204,Two year,8,119.12,No
CUST04981,0.6114644058748496,Month-to-month,18,97.93,Yes
CUST04982,0.3576376520577728,One year,7,89.61,No
CUST04983,0.2298757217322704,Two year,48,30.24,No
CUST04984,0.24622562800173775,One year,40,70.14,No
CUST04985,0.603980710941746,Month-to-month,16,95.23,Yes
CUST04986,0.3805608858232184,One year,7,79.83,No
CUST04987,0.49304209629296375,One year,6,39.95,Yes
CUST04988,0.47537918636554644,One year,0,48.75,No
CUST04989,0.489068561394146,One year,33,53.7,Yes
CUST04990,0.16419703321705267,Two year,11,49.91,No
CUST04991,0.6224669900892714,One year,7,103.22,Yes
CUST04992,0.39999199133483354,Month-to-month,12,18.0,No
CUST04993,0.33879064010055515,One year,34,81.4,No
CUST04994,0.6664400267097232,Month-to-month,2,32.69,No
CUST04995,0.3955575644115293,Two year,38,40.97,Yes
CUST04996,0.4310129891432969,Month-to-month,45,18.0,No
CUST04997,0.32385674231440814,Month-to-month,58,51.27,No
CUST04998,0.35259718368276927,Two year,10,102.77,No
CUST04999,0.4172780687056686,One year,4,71.62,No
