customer_id,gender,senior_citizen,partner,tenure_months,contract,internet_service,online_security,tech_support,paperless_billing,payment_method,monthly_charges,total_charges,churn
CUST00000,Male,0,Yes,10,Month-to-month,Fiber optic,Yes,Yes,Yes,Bank transfer,107.02,989.22,No
CUST00001,Male,0,Yes,12,Two year,DSL,Yes,Yes,Yes,Electronic check,64.94,738.32,Yes
CUST00002,Male,0,No,38,One year,DSL,No,Yes,No,Mailed check,44.55,1537.37,No
CUST00003,Female,0,No,8,One year,Fiber optic,No,No,No,Credit card,68.08,497.86,No
CUST00004,Female,0,Yes,40,Month-to-month,Fiber optic,No,No internet service,Yes,Electronic check,51.24,2035.08,Yes
CUST00005,Female,0,Yes,1,Month-to-month,No,No,No internet service,No,Electronic check,49.58,47.32,Yes
CUST00006,Female,0,Yes,29,Month-to-month,DSL,No,No,Yes,Bank transfer,75.83,2066.05,Yes
CUST00007,Female,0,No,37,Two year,Fiber optic,No,No internet service,No,Bank transfer,24.91,891.39,No
CUST00008,Female,0,No,4,One year,Fiber optic,No,No,No,Electronic check,28.9,110.52,No
CUST00009,Male,1,Yes,11,One year,Fiber optic,No,No,Yes,Bank transfer,65.48,669.05,No
CUST00010,Male,1,Yes,3,Month-to-month,No,No internet service,Yes,No,Bank transfer,64.44,178.37,Yes
CUST00011,Female,0,No,24,Two year,Fiber optic,Yes,No,Yes,Credit card,73.59,1693.79,No
CUST00012,Male,0,No,15,Two year,No,Yes,Yes,No,Electronic check,111.88,1541.97,No
CUST00013,Male,0,No,20,Month-to-month,DSL,Yes,No,Yes,Bank transfer,67.61,1235.8,No
CUST00014,Male,0,No,4,Month-to-month,Fiber optic,No,No internet service,Yes,Electronic check,79.95,298.0,Yes
CUST00015,Female,0,Yes,4,Month-to-month,DSL,Yes,Yes,No,Bank transfer,40.61,160.19,No
CUST00016,Female,0,Yes,0,Month-to-month,DSL,No,Yes,No,Bank transfer,84.2,0.0,No
CUST00017,Female,0,No,7,Month-to-month,DSL,No internet service,Yes,Yes,Mailed check,51.84,356.83,No
CUST00018,Male,0,No,16,Month-to-month,DSL,Yes,No,Yes,Credit card,66.79,1028.14,No
CUST00019,Female,0,No,39,Month-to-month,DSL,No,Yes,Yes,Electronic check,62.28,2195.83,No
CUST00020,Male,1,No,21,One year,DSL,No,No,No,Mailed check,90.82,1831.32,No
CUST00021,Male,0,No,11,Month-to-month,DSL,Yes,No,Yes,Electronic check,32.25,334.39,Yes
CUST00022,Male,1,Yes,61,Month-to-month,No,Yes,No,Yes,Bank transfer,18.0,1080.56,No
CUST00023,Male,1,Yes,25,Month-to-month,DSL,No,Yes,No,Electronic check,59.66,1477.66,No
CUST00024,Male,0,No,53,Month-to-month,Fiber optic,Yes,No internet service,No,Credit card,76.71,3775.54,No
CUST00025,Male,0,No,14,One year,DSL,No internet service,No,Yes,Credit card,68.81,942.55,No
CUST00026,Female,0,No,5,Month-to-month,No,Yes,No,No,Credit card,95.81,445.99,Yes
CUST00027,Male,0,No,1,Month-to-month,No,No,No,No,Electronic check,75.93,70.58,Yes
CUST00028,Male,0,Yes,25,One year,Fiber optic,No,No,Yes,Bank transfer,50.9,1169.76,Yes
CUST00029,Male,0,Yes,2,Month-to-month,Fiber optic,Yes,Yes,No,Electronic check,18.0,34.84,No
CUST00030,Male,0,Yes,7,One year,DSL,Yes,No,No,Credit card,59.07,382.96,No
CUST00031,Female,0,No,15,Month-to-month,No,Yes,No,Yes,Bank transfer,90.7,1287.69,No
CUST00032,Male,0,No,16,Month-to-month,No,No internet service,No,Yes,Mailed check,55.2,866.61,No
CUST00033,Female,0,Yes,18,Two year,No,No,Yes,No,Bank transfer,65.71,1158.17,No
CUST00034,Male,0,No,3,Two year,Fiber optic,Yes,Yes,Yes,Electronic check,75.53,223.31,No
CUST00035,Female,0,No,9,Two year,DSL,No,No,Yes,Mailed check,39.62,326.67,No
CUST00036,Female,0,No,19,Month-to-month,No,No,Yes,Yes,Electronic check,80.58,1467.77,Yes
CUST00037,Female,1,No,70,Month-to-month,DSL,No internet service,No internet service,Yes,Credit card,105.93,7351.95,No
CUST00038,Male,0,Yes,26,One year,Fiber optic,No,Yes,Yes,Credit card,60.68,1426.55,No
CUST00039,Female,0,No,51,Month-to-month,DSL,No internet service,No,Yes,Bank transfer,36.77,1836.74,No
CUST00040,Male,0,No,28,Month-to-month,No,No,No,Yes,Credit card,63.33,1639.58,Yes
CUST00041,Female,0,Yes,17,Month-to-month,DSL,No internet service,No internet service,Yes,Electronic check,18.0,295.89,No
CUST00042,Female,0,No,4,Month-to-month,DSL,Yes,No,Yes,Credit card,73.42,285.38,No
CUST00043,Male,0,Yes,21,Two year,Fiber optic,Yes,Yes,No,Electronic check,76.31,1590.58,No
CUST00044,Female,1,Yes,19,Month-to-month,Fiber optic,No internet service,Yes,No,Bank transfer,106.89,1931.15,Yes
CUST00045,Male,0,Yes,18,One year,Fiber optic,No internet service,No,Yes,Bank transfer,60.15,1066.27,No
CUST00046,Male,0,No,13,Month-to-month,DSL,No,No,No,Electronic check,75.21,884.39,No
CUST00047,Male,0,No,15,Month-to-month,DSL,No,No,No,Mailed check,43.47,614.27,No
CUST00048,Female,0,Yes,8,Month-to-month,Fiber optic,No,Yes,No,Electronic check,56.09,423.57,Yes
CUST00049,Female,0,No,14,Month-to-month,No,Yes,No internet service,Yes,Credit card,26.87,358.81,No
CUST00050,Female,0,Yes,4,Two year,No,Yes,Yes,Yes,Electronic check,60.13,228.05,No
CUST00051,Female,0,Yes,32,One year,Fiber optic,Yes,No,No,Mailed check,57.37,1829.96,No
CUST00052,Female,0,Yes,4,Two year,No,No,No internet service,Yes,Credit card,72.48,263.21,No
CUST00053,Male,0,No,1,Two year,Fiber optic,Yes,No,No,Electronic check,49.41,45.78,No
CUST00054,Female,0,No,11,One year,Fiber optic,Yes,No,Yes,Mailed check,67.08,735.57,No
CUST00055,Male,0,No,21,Two year,Fiber optic,No internet service,Yes,No,Bank transfer,56.67,1124.06,No
CUST00056,Female,0,No,11,Month-to-month,Fiber optic,Yes,No internet service,Yes,Electronic check,56.71,597.06,No
CUST00057,Female,0,Yes,6,Month-to-month,Fiber optic,No,Yes,Yes,Credit card,67.01,365.11,No
CUST00058,Male,0,No,16,Month-to-month,Fiber optic,No internet service,No,No,Electronic check,66.01,980.54,No
CUST00059,Male,1,Yes,8,Month-to-month,DSL,Yes,No internet service,Yes,Electronic check,84.03,607.68,No
CUST00060,Male,0,No,54,Month-to-month,DSL,Yes,Yes,Yes,Bank transfer,61.98,3058.25,No
CUST00061,Female,0,Yes,51,Month-to-month,DSL,No,No,Yes,Mailed check,56.25,2763.56,Yes
CUST00062,Female,0,Yes,13,Two year,Fiber optic,No,No internet service,Yes,Credit card,60.48,767.66,No
CUST00063,Male,0,No,7,Month-to-month,DSL,No,No,Yes,Credit card,47.13,325.62,Yes
CUST00064,Male,0,Yes,26,Month-to-month,DSL,No,No,No,Mailed check,56.0,1347.01,No
CUST00065,Female,0,Yes,0,Month-to-month,Fiber optic,No internet service,No internet service,No,Mailed check,115.78,0.0,No
CUST00066,Male,1,No,12,Month-to-month,Fiber optic,Yes,No,No,Electronic check,42.18,484.36,Yes
CUST00067,Male,0,Yes,8,Two year,Fiber optic,No,No,Yes,Electronic check,58.03,421.7,No
CUST00068,Male,0,Yes,50,Month-to-month,Fiber optic,Yes,No,Yes,Mailed check,55.31,2712.05,Yes
CUST00069,Female,0,Yes,0,Two year,No,No,Yes,No,Credit card,58.82,0.0,No
CUST00070,Female,0,Yes,16,One year,No,Yes,Yes,No,Electronic check,56.72,904.39,No
CUST00071,Female,0,Yes,26,Month-to-month,No,No,Yes,No,Electronic check,71.98,1706.29,No
CUST00072,Male,1,Yes,13,Month-to-month,Fiber optic,No internet service,Yes,Yes,Mailed check,22.25,264.18,Yes
CUST00073,Male,0,No,1,Two year,DSL,Yes,Yes,No,Electronic check,90.93,85.01,Yes
CUST00074,Female,0,No,71,One year,No,Yes,No,Yes,Bank transfer,80.81,5282.39,No
CUST00075,Female,0,No,14,One year,DSL,No,Yes,Yes,Mailed check,33.93,460.61,No
CUST00076,Male,1,Yes,19,One year,DSL,Yes,No internet service,No,Mailed check,18.0,340.18,No
CUST00077,Female,1,Yes,5,Month-to-month,Fiber optic,No,No,Yes,Electronic check,40.57,184.39,Yes
CUST00078,Male,0,No,13,Month-to-month,DSL,No,No,Yes,Credit card,58.93,708.04,No
CUST00079,Female,0,No,11,Month-to-month,No,No internet service,No,No,Electronic check,120.0,1219.4,No
CUST00080,Female,0,Yes,1,Two year,Fiber optic,No,Yes,No,Credit card,78.58,74.72,No
CUST00081,Female,1,Yes,2,One year,Fiber optic,No,No,No,Mailed check,19.81,37.45,No
CUST00082,Female,0,Yes,36,Month-to-month,Fiber optic,Yes,No,Yes,Credit card,47.76,1672.4,Yes
CUST00083,Female,0,No,5,Month-to-month,Fiber optic,No,No,Yes,Bank transfer,63.67,309.84,Yes
CUST00084,Female,1,No,4,Month-to-month,DSL,No,Yes,Yes,Electronic check,71.34,273.17,Yes
CUST00085,Male,0,Yes,14,Month-to-month,Fiber optic,No internet service,No,No,Credit card,32.13,431.42,No
CUST00086,Male,0,Yes,29,One year,Fiber optic,No internet service,No,Yes,Bank transfer,61.63,1759.09,No
CUST00087,Male,0,No,1,One year,Fiber optic,No internet service,No,Yes,Electronic check,47.06,44.22,Yes
CUST00088,Female,0,Yes,17,Two year,Fiber optic,No,Yes,Yes,Electronic check,37.41,573.16,No
CUST00089,Female,0,No,2,Month-to-month,DSL,No,No,Yes,Bank transfer,71.49,131.73,No
CUST00090,Female,0,No,0,Month-to-month,DSL,No internet service,No,No,Bank transfer,84.35,0.0,No
CUST00091,Male,0,Yes,1,One year,DSL,No,No,Yes,Bank transfer,86.03,80.81,Yes
CUST00092,Female,0,Yes,35,One year,Fiber optic,No,No,No,Bank transfer,79.36,2599.23,Yes
CUST00093,Male,0,Yes,2,One year,No,Yes,Yes,Yes,Bank transfer,52.57,95.66,No
CUST00094,Female,1,No,0,One year,No,No internet service,Yes,Yes,Bank transfer,82.86,0.0,Yes
CUST00095,Male,0,No,11,Month-to-month,Fiber optic,No,Yes,No,Bank transfer,72.73,764.27,No
CUST00096,Male,0,No,37,Month-to-month,Fiber optic,No,Yes,No,Electronic check,68.35,2333.13,No
CUST00097,Male,0,No,6,Month-to-month,Fiber optic,No internet service,Yes,No,Credit card,49.71,291.08,No
CUST00098,Female,0,No,10,Month-to-month,DSL,No,Yes,No,Electronic check,52.58,508.34,Yes
CUST00099,Male,1,No,0,Month-to-month,DSL,No,Yes,Yes,Mailed check,66.85,0.0,Yes
CUST00100,Female,0,No,11,Month-to-month,No,No,No,Yes,Bank transfer,120.0,1317.74,No
CUST00101,Male,0,Yes,17,One year,Fiber optic,No,No internet service,Yes,Mailed check,72.53,1131.59,Yes
CUST00102,Male,1,No,16,Month-to-month,No,Yes,No,No,Electronic check,49.72,777.36,No
CUST00103,Female,0,No,8,Month-to-month,DSL,No,No,No,Electronic check,44.19,352.4,No
CUST00104,Male,0,No,7,Two year,Fiber optic,No,No internet service,Yes,Bank transfer,52.71,358.84,No
CUST00105,Male,1,No,2,Month-to-month,DSL,No,No,No,Credit card,119.43,230.88,Yes
CUST00106,Female,0,Yes,9,Month-to-month,DSL,No internet service,No,Yes,Bank transfer,55.02,490.39,No
CUST00107,Male,0,Yes,2,One year,Fiber optic,No,No,Yes,Mailed check,87.67,162.52,Yes
CUST00108,Male,0,No,29,Month-to-month,DSL,No internet service,No,Yes,Electronic check,55.6,1495.85,Yes
CUST00109,Male,1,Yes,67,Month-to-month,DSL,No,No,No,Electronic check,71.53,4620.54,No
CUST00110,Male,0,Yes,70,Month-to-month,DSL,No,No internet service,No,Electronic check,84.79,5865.35,No
CUST00111,Male,0,No,40,Month-to-month,DSL,Yes,No,Yes,Electronic check,50.7,1950.4,No
CUST00112,Male,1,No,18,Two year,Fiber optic,Yes,No internet service,Yes,Mailed check,48.97,879.44,No
CUST00113,Female,0,No,24,Two year,Fiber optic,No,No,Yes,Electronic check,106.47,2356.71,No
CUST00114,Male,0,No,6,One year,DSL,Yes,No,Yes,Electronic check,89.61,528.3,No
CUST00115,Male,0,No,19,Two year,DSL,No internet service,No,Yes,Bank transfer,84.77,1598.91,No
CUST00116,Female,0,No,12,Two year,DSL,Yes,No,Yes,Credit card,84.68,957.93,No
CUST00117,Male,0,Yes,13,Month-to-month,Fiber optic,No internet service,Yes,No,Credit card,76.49,990.59,No
CUST00118,Female,1,No,28,Two year,DSL,No,No,Yes,Bank transfer,115.44,2974.43,Yes
CUST00119,Male,0,Yes,6,Month-to-month,Fiber optic,No,No,No,Electronic check,66.1,394.73,No
CUST00120,Male,0,No,7,Two year,DSL,Yes,No,Yes,Bank transfer,79.43,550.61,No
CUST00121,Male,0,Yes,51,Two year,DSL,No,Yes,Yes,Electronic check,28.73,1328.4,No
CUST00122,Female,0,Yes,1,Month-to-month,No,Yes,Yes,Yes,Bank transfer,44.38,42.26,Yes
CUST00123,Female,0,No,13,Month-to-month,Fiber optic,No,No,No,Credit card,34.98,433.31,Yes
CUST00124,Male,0,No,48,Month-to-month,DSL,No,No internet service,No,Bank transfer,96.85,4210.41,Yes
CUST00125,Male,0,Yes,18,Month-to-month,No,No,No,Yes,Credit card,18.0,292.88,No
CUST00126,Male,1,Yes,15,Two year,Fiber optic,No internet service,No,Yes,Bank transfer,54.94,742.11,No
CUST00127,Female,0,No,5,Two year,No,No,Yes,No,Bank transfer,18.0,85.72,Yes
CUST00128,Female,0,No,8,Month-to-month,Fiber optic,Yes,No,No,Electronic check,44.22,334.79,Yes
CUST00129,Male,0,Yes,38,Month-to-month,Fiber optic,No,No,No,Credit card,52.73,1991.81,Yes
CUST00130,Female,0,Yes,16,Month-to-month,No,No internet service,No,Yes,Electronic check,99.62,1489.09,No
CUST00131,Female,1,Yes,14,Month-to-month,DSL,Yes,No internet service,No,Credit card,74.92,1013.03,No
CUST00132,Female,0,Yes,2,Month-to-month,Fiber optic,No,No internet service,Yes,Electronic check,44.17,79.57,Yes
CUST00133,Female,0,No,0,Month-to-month,Fiber optic,Yes,Yes,Yes,Electronic check,91.65,0.0,Yes
CUST00134,Male,0,Yes,66,Two year,DSL,Yes,No,Yes,Credit card,65.45,4282.32,No
CUST00135,Female,0,Yes,9,Month-to-month,DSL,No,Yes,Yes,Electronic check,65.94,555.17,No
CUST00136,Male,0,No,18,Month-to-month,DSL,No,Yes,Yes,Credit card,34.93,585.61,No
CUST00137,Male,0,No,1,One year,Fiber optic,No,Yes,Yes,Electronic check,40.25,38.74,Yes
CUST00138,Female,0,Yes,22,Month-to-month,Fiber optic,No,No,Yes,Credit card,44.37,910.6,No
CUST00139,Female,0,Yes,53,Two year,Fiber optic,Yes,No,No,Bank transfer,66.16,3296.94,Yes
CUST00140,Female,0,No,17,Two year,DSL,Yes,No,No,Bank transfer,66.95,1055.42,No
CUST00141,Female,0,Yes,2,Month-to-month,Fiber optic,No,No internet service,Yes,Mailed check,103.6,193.63,Yes
CUST00142,Female,0,No,17,Month-to-month,No,No,Yes,Yes,Electronic check,74.63,1228.04,Yes
CUST00143,Male,0,No,29,Month-to-month,Fiber optic,Yes,No,Yes,Credit card,18.0,517.95,No
CUST00144,Male,0,Yes,10,Month-to-month,Fiber optic,No,No,Yes,Electronic check,71.57,685.86,Yes
CUST00145,Male,0,No,42,Month-to-month,Fiber optic,No,Yes,Yes,Mailed check,28.75,1087.96,Yes
CUST00146,Male,0,Yes,20,One year,Fiber optic,Yes,No internet service,Yes,Bank transfer,40.85,756.86,No
CUST00147,Female,0,Yes,45,Month-to-month,Fiber optic,No,No,Yes,Mailed check,44.7,2001.89,Yes
CUST00148,Female,0,No,19,Month-to-month,No,No,No internet service,No,Electronic check,48.42,911.73,Yes
CUST00149,Female,1,Yes,2,Month-to-month,Fiber optic,Yes,No,No,Electronic check,30.62,55.82,Yes
CUST00150,Female,1,Yes,7,Two year,No,No,Yes,No,Electronic check,70.09,486.14,No
CUST00151,Male,0,No,4,Month-to-month,DSL,No,Yes,Yes,Credit card,29.73,118.5,No
CUST00152,Male,0,No,47,Month-to-month,DSL,No internet service,No internet service,No,Electronic check,73.92,3239.58,No
CUST00153,Female,0,Yes,28,Month-to-month,DSL,No,Yes,Yes,Credit card,120.0,3259.54,No
CUST00154,Male,0,No,22,Two year,Fiber optic,No,No internet service,Yes,Electronic check,31.77,668.19,No
CUST00155,Male,0,Yes,7,Month-to-month,Fiber optic,Yes,No,No,Electronic check,57.89,378.37,Yes
CUST00156,Female,0,No,4,One year,DSL,No internet service,Yes,No,Bank transfer,18.0,65.9,No
CUST00157,Female,0,No,28,One year,DSL,No internet service,No,No,Electronic check,57.48,1507.55,No
CUST00158,Male,1,No,12,Month-to-month,No,Yes,Yes,Yes,Bank transfer,81.07,965.82,Yes
CUST00159,Female,1,No,5,One year,No,Yes,Yes,No,Credit card,83.02,407.26,Yes
CUST00160,Female,0,Yes,19,Month-to-month,Fiber optic,No,No internet service,No,Electronic check,66.93,1186.55,No
CUST00161,Female,0,Yes,0,One year,Fiber optic,No,No,Yes,Credit card,87.23,0.0,Yes
CUST00162,Male,0,Yes,7,One year,Fiber optic,Yes,No,Yes,Mailed check,120.0,790.1,No
CUST00163,Female,0,No,12,Month-to-month,Fiber optic,No,Yes,Yes,Electronic check,107.81,1224.67,Yes
CUST00164,Male,0,Yes,3,Month-to-month,No,Yes,Yes,Yes,Electronic check,51.94,152.1,No
CUST00165,Female,0,No,72,Two year,DSL,Yes,No,No,Credit card,28.72,1973.34,No
CUST00166,Female,0,No,4,Month-to-month,Fiber optic,No,No,Yes,Electronic check,54.85,201.43,Yes
CUST00167,Female,0,Yes,2,Month-to-month,DSL,No,No,No,Credit card,41.33,76.62,No
CUST00168,Male,0,No,4,Month-to-month,Fiber optic,No internet service,No,No,Mailed check,76.28,291.93,No
CUST00169,Male,1,No,29,One year,Fiber optic,No,No,Yes,Electronic check,35.47,997.03,No
CUST00170,Female,0,Yes,11,One year,Fiber optic,No,Yes,Yes,Mailed check,63.18,660.8,No
CUST00171,Female,0,No,16,Month-to-month,DSL,No internet service,Yes,Yes,Credit card,85.95,1322.97,Yes
CUST00172,Male,0,Yes,0,Month-to-month,Fiber optic,Yes,Yes,Yes,Bank transfer,62.48,0.0,Yes
CUST00173,Female,0,Yes,0,Month-to-month,DSL,No,No,Yes,Mailed check,41.34,0.0,No
CUST00174,Male,1,No,11,One year,DSL,No,No,Yes,Credit card,94.37,1035.7,Yes
CUST00175,Female,0,No,33,Month-to-month,DSL,Yes,Yes,No,Electronic check,18.03,549.51,Yes
CUST00176,Male,0,Yes,43,One year,Fiber optic,Yes,Yes,No,Credit card,56.81,2423.21,No
CUST00177,Female,0,No,1,Month-to-month,Fiber optic,No internet service,No,No,Credit card,63.96,59.15,Yes
CUST00178,Male,1,Yes,15,Two year,Fiber optic,No,No internet service,No,Bank transfer,65.4,935.05,No
CUST00179,Female,0,No,48,Month-to-month,Fiber optic,Yes,No,No,Credit card,69.51,3154.94,No
CUST00180,Female,0,No,9,Month-to-month,Fiber optic,No internet service,Yes,Yes,Mailed check,80.26,677.04,No
CUST00181,Female,0,Yes,35,Month-to-month,Fiber optic,No,No,Yes,Bank transfer,64.11,2235.49,No
CUST00182,Female,0,No,2,Two year,Fiber optic,No,No,No,Bank transfer,55.8,103.48,No
CUST00183,Female,0,Yes,54,Two year,Fiber optic,No,Yes,No,Mailed check,54.81,2863.51,Yes
CUST00184,Female,0,Yes,27,Month-to-month,Fiber optic,No,No,Yes,Bank transfer,49.71,1315.87,Yes
CUST00185,Male,0,No,56,One year,Fiber optic,No,No,Yes,Electronic check,84.69,4361.81,No
CUST00186,Female,0,Yes,22,Two year,No,Yes,Yes,Yes,Mailed check,48.84,1071.6,No
CUST00187,Female,0,No,9,One year,No,No,No internet service,Yes,Electronic check,86.17,740.37,No
CUST00188,Female,1,No,55,Month-to-month,DSL,No,No internet service,Yes,Electronic check,65.47,3570.06,No
CUST00189,Female,0,Yes,6,Month-to-month,DSL,No internet service,No,Yes,Electronic check,51.97,301.34,No
CUST00190,Male,0,Yes,8,Month-to-month,Fiber optic,No,Yes,No,Credit card,80.46,621.11,No
CUST00191,Male,0,Yes,24,Two year,DSL,No,No,No,Mailed check,46.81,1049.92,No
CUST00192,Female,0,Yes,28,Two year,DSL,Yes,Yes,No,Bank transfer,80.95,2214.6,No
CUST00193,Female,0,Yes,53,One year,No,No internet service,Yes,Yes,Electronic check,70.32,3365.37,No
CUST00194,Female,0,Yes,4,Month-to-month,DSL,No,No,Yes,Mailed check,50.09,191.46,Yes
CUST00195,Female,1,No,31,Month-to-month,No,No,No,Yes,Electronic check,78.22,2190.13,No
CUST00196,Female,0,No,26,One year,Fiber optic,No internet service,Yes,No,Electronic check,78.66,1903.4,No
CUST00197,Female,0,Yes,1,Two year,Fiber optic,No internet service,No,Yes,Bank transfer,93.94,85.45,Yes
CUST00198,Male,0,Yes,9,Two year,DSL,No,Yes,Yes,Bank transfer,89.15,795.26,No
CUST00199,Male,0,No,6,One year,DSL,No,No internet service,Yes,Electronic check,77.28,446.44,No
CUST00200,Male,0,No,7,One year,Fiber optic,No internet service,No internet service,Yes,Mailed check,36.81,249.13,No
CUST00201,Male,0,Yes,72,Month-to-month,DSL,No internet service,No,Yes,Credit card,120.0,8511.37,No
CUST00202,Female,0,No,20,Month-to-month,DSL,No,No,No,Electronic check,29.91,582.23,No
CUST00203,Female,1,No,25,Two year,DSL,No,Yes,Yes,Electronic check,88.73,2023.97,No
CUST00204,Male,0,No,72,One year,DSL,Yes,No,Yes,Bank transfer,75.78,5247.48,No
CUST00205,Male,0,Yes,9,Month-to-month,DSL,No,No internet service,Yes,Electronic check,35.65,320.15,No
CUST00206,Female,1,No,32,Month-to-month,Fiber optic,No,Yes,No,Credit card,61.89,1824.84,Yes
CUST00207,Male,0,Yes,11,One year,DSL,No,No,Yes,Bank transfer,63.03,666.96,Yes
CUST00208,Male,1,No,40,Month-to-month,DSL,No,No,No,Mailed check,97.64,3735.17,No
CUST00209,Female,0,Yes,3,Month-to-month,Fiber optic,Yes,No,Yes,Mailed check,47.17,132.9,Yes
CUST00210,Male,0,No,59,Month-to-month,No,Yes,No,Yes,Bank transfer,58.45,3432.91,Yes
CUST00211,Female,0,No,4,One year,DSL,No,No internet service,Yes,Electronic check,18.0,67.37,No
CUST00212,Male,0,No,7,One year,DSL,No,Yes,Yes,Credit card,108.37,689.84,No
CUST00213,Female,0,No,28,Month-to-month,Fiber optic,No,No,No,Bank transfer,38.24,1066.71,No
CUST00214,Female,0,Yes,10,One year,No,No internet service,No internet service,No,Electronic check,73.17,711.89,No
CUST00215,Female,0,No,18,Month-to-month,Fiber optic,No,No,No,Bank transfer,62.46,1050.35,No
CUST00216,Male,1,No,11,Month-to-month,Fiber optic,No,No internet service,Yes,Electronic check,62.55,638.55,No
CUST00217,Male,0,Yes,27,One year,DSL,Yes,Yes,Yes,Electronic check,85.25,2285.18,No
CUST00218,Male,0,No,5,One year,Fiber optic,No,No internet service,No,Bank transfer,106.78,495.11,Yes
CUST00219,Male,0,No,1,Two year,DSL,No,Yes,Yes,Bank transfer,71.29,67.99,No
CUST00220,Female,1,No,7,One year,Fiber optic,No,No internet service,No,Bank transfer,81.38,524.94,No
CUST00221,Male,0,No,12,One year,Fiber optic,Yes,Yes,No,Electronic check,73.22,878.22,Yes
CUST00222,Female,1,No,3,Month-to-month,No,Yes,No,Yes,Bank transfer,90.44,265.07,Yes
CUST00223,Male,0,No,8,Month-to-month,DSL,Yes,No,Yes,Electronic check,53.43,408.96,Yes
CUST00224,Female,0,No,10,Month-to-month,DSL,No,No,No,Bank transfer,91.88,895.45,Yes
CUST00225,Female,0,No,1,Month-to-month,Fiber optic,No,Yes,Yes,Bank transfer,92.76,91.98,No
CUST00226,Female,0,No,17,Two year,Fiber optic,No internet service,No internet service,Yes,Bank transfer,92.06,1559.25,No
CUST00227,Male,0,No,43,Month-to-month,Fiber optic,No,No,Yes,Credit card,48.5,2040.87,Yes
CUST00228,Male,0,Yes,3,Two year,DSL,No,No,Yes,Credit card,60.79,179.62,Yes
CUST00229,Female,0,Yes,18,One year,DSL,No internet service,Yes,No,Credit card,70.99,1200.87,No
CUST00230,Male,1,No,21,One year,Fiber optic,No,No internet service,Yes,Credit card,30.73,606.08,No
CUST00231,Female,0,No,10,Month-to-month,DSL,No,No,No,Bank transfer,104.87,1028.6,No
CUST00232,Male,1,Yes,24,One year,No,No internet service,No internet service,No,Credit card,64.69,1515.24,No
CUST00233,Male,0,Yes,10,Month-to-month,Fiber optic,No,No,Yes,Credit card,72.1,713.86,Yes
CUST00234,Male,1,Yes,14,Month-to-month,Fiber optic,Yes,Yes,No,Bank transfer,50.57,646.6,No
CUST00235,Male,0,No,0,One year,Fiber optic,No internet service,No,Yes,Electronic check,31.83,0.0,Yes
CUST00236,Female,0,No,23,Month-to-month,Fiber optic,No,No,No,Electronic check,49.9,1107.26,Yes
CUST00237,Male,0,No,21,Month-to-month,DSL,No,No,No,Credit card,70.48,1450.26,No
CUST00238,Male,0,Yes,0,One year,No,No internet service,No,Yes,Mailed check,81.84,0.0,No
CUST00239,Male,0,Yes,9,Month-to-month,DSL,No,Yes,No,Credit card,69.04,610.56,No
CUST00240,Female,0,Yes,72,Two year,Fiber optic,No,No,Yes,Electronic check,73.67,4946.96,No
CUST00241,Female,0,Yes,10,Two year,DSL,No,No internet service,No,Mailed check,56.57,548.0,No
CUST00242,Female,0,No,13,Two year,Fiber optic,Yes,Yes,No,Bank transfer,77.41,967.74,No
CUST00243,Female,0,Yes,48,Month-to-month,DSL,Yes,Yes,No,Credit card,102.07,4625.09,No
CUST00244,Female,0,Yes,25,Month-to-month,DSL,No,No,Yes,Electronic check,82.62,2013.04,No
CUST00245,Female,0,Yes,17,Two year,No,Yes,No,No,Credit card,85.24,1443.46,No
CUST00246,Male,0,Yes,31,Month-to-month,DSL,No,No,No,Credit card,72.35,2091.12,No
CUST00247,Female,0,Yes,39,Two year,Fiber optic,Yes,No,Yes,Electronic check,27.42,1042.48,No
CUST00248,Female,0,Yes,12,Two year,No,No,No internet service,Yes,Mailed check,38.88,434.58,No
CUST00249,Male,0,Yes,12,Two year,DSL,No internet service,No internet service,Yes,Electronic check,76.37,902.3,No
CUST00250,Male,0,Yes,9,Month-to-month,Fiber optic,No,No,Yes,Electronic check,64.73,549.79,No
CUST00251,Male,0,Yes,68,Month-to-month,DSL,No,Yes,Yes,Mailed check,76.0,4883.38,Yes
CUST00252,Male,0,No,23,Two year,DSL,No internet service,Yes,Yes,Electronic check,106.91,2402.84,Yes
CUST00253,Female,0,No,1,Month-to-month,Fiber optic,Yes,No internet service,No,Electronic check,83.15,78.96,Yes
CUST00254,Female,0,No,39,Month-to-month,No,No,No,No,Credit card,96.47,3486.42,Yes
CUST00255,Female,0,No,13,One year,DSL,Yes,No,No,Bank transfer,67.37,875.42,No
CUST00256,Female,0,No,1,Two year,Fiber optic,No,No,No,Bank transfer,44.82,43.12,Yes
CUST00257,Male,0,Yes,15,One year,Fiber optic,Yes,Yes,Yes,Electronic check,63.55,919.42,No
CUST00258,Female,1,Yes,10,One year,No,Yes,No,Yes,Credit card,44.88,432.94,No
CUST00259,Female,0,Yes,42,Month-to-month,DSL,Yes,Yes,No,Credit card,103.96,4315.39,No
CUST00260,Male,0,Yes,4,One year,Fiber optic,No,No,No,Mailed check,84.76,311.37,Yes
CUST00261,Male,0,No,35,Two year,Fiber optic,No,No,Yes,Credit card,78.01,2473.47,No
CUST00262,Male,0,Yes,16,Month-to-month,Fiber optic,No,Yes,Yes,Credit card,95.9,1440.3,Yes
CUST00263,Female,0,No,1,Month-to-month,No,No,No,Yes,Bank transfer,18.0,17.22,No
CUST00264,Female,0,Yes,71,Two year,No,Yes,No internet service,Yes,Bank transfer,79.7,5254.5,No
CUST00265,Male,0,No,14,One year,DSL,No internet service,No,Yes,Electronic check,32.23,437.2,No
CUST00266,Male,1,No,6,One year,Fiber optic,No,No,No,Electronic check,64.82,352.9,Yes
CUST00267,Female,1,No,12,One year,Fiber optic,Yes,No,No,Electronic check,57.21,672.15,No
CUST00268,Female,0,No,39,Month-to-month,DSL,Yes,No internet service,Yes,Electronic check,81.54,3090.41,No
CUST00269,Male,0,Yes,7,Month-to-month,Fiber optic,No,No,Yes,Electronic check,70.7,456.0,Yes
CUST00270,Female,0,No,4,Two year,Fiber optic,No,No internet service,No,Credit card,98.63,366.84,No
CUST00271,Female,0,Yes,2,Two year,Fiber optic,No,No,Yes,Electronic check,49.95,97.97,No
CUST00272,Female,0,No,7,Two year,No,No,No internet service,No,Credit card,82.73,565.98,No
CUST00273,Male,0,Yes,30,Two year,DSL,No,No internet service,Yes,Bank transfer,69.06,2033.22,No
CUST00274,Male,1,Yes,12,Month-to-month,No,No,No,Yes,Electronic check,24.12,269.82,Yes
CUST00275,Male,1,No,5,Month-to-month,Fiber optic,No internet service,Yes,Yes,Mailed check,42.03,209.51,Yes
CUST00276,Male,0,Yes,3,One year,Fiber optic,No,Yes,No,Electronic check,61.25,178.52,Yes
CUST00277,Male,0,Yes,8,One year,No,Yes,Yes,Yes,Credit card,92.81,673.07,No
CUST00278,Female,0,Yes,56,One year,Fiber optic,Yes,Yes,Yes,Credit card,76.59,4065.04,No
CUST00279,Male,0,No,8,One year,Fiber optic,Yes,Yes,Yes,Electronic check,35.81,276.87,No
CUST00280,Female,0,No,72,Two year,Fiber optic,No,No,No,Credit card,61.49,4059.22,No
CUST00281,Female,0,No,13,Month-to-month,Fiber optic,Yes,Yes,No,Bank transfer,115.45,1486.11,Yes
CUST00282,Male,0,No,3,Month-to-month,No,No,No,Yes,Electronic check,67.78,198.34,Yes
CUST00283,Male,0,Yes,44,Month-to-month,No,No,No internet service,Yes,Bank transfer,56.82,2270.43,No
CUST00284,Male,0,No,12,One year,DSL,No,No,No,Bank transfer,77.29,919.43,No
CUST00285,Male,1,No,24,Month-to-month,DSL,No,No internet service,No,Electronic check,84.08,1897.73,Yes
CUST00286,Male,0,No,72,Month-to-month,Fiber optic,No,Yes,No,Bank transfer,53.6,3647.9,Yes
CUST00287,Female,0,Yes,1,Month-to-month,DSL,No,No,No,Electronic check,77.56,75.88,Yes
CUST00288,Male,0,Yes,2,Month-to-month,Fiber optic,No internet service,No,No,Mailed check,56.78,109.52,No
CUST00289,Female,0,Yes,25,One year,DSL,No,No,Yes,Electronic check,82.98,1957.82,No
CUST00290,Male,1,Yes,6,Month-to-month,Fiber optic,No,No,No,Credit card,69.24,384.68,Yes
CUST00291,Male,0,Yes,4,Month-to-month,DSL,No internet service,Yes,No,Bank transfer,77.05,293.31,No
CUST00292,Female,1,Yes,0,Two year,DSL,No,Yes,Yes,Electronic check,46.02,0.0,Yes
CUST00293,Male,0,Yes,0,Month-to-month,Fiber optic,No,No,Yes,Electronic check,44.47,0.0,Yes
CUST00294,Male,0,Yes,29,Month-to-month,Fiber optic,No,No,No,Electronic check,88.64,2469.04,Yes
CUST00295,Female,0,No,2,Month-to-month,No,No,No,Yes,Bank transfer,63.02,121.22,No
CUST00296,Male,0,No,12,One year,No,No,Yes,No,Electronic check,72.13,820.18,No
CUST00297,Male,0,Yes,18,Month-to-month,Fiber optic,No,No,Yes,Credit card,57.34,986.9,No
CUST00298,Male,1,No,11,One year,DSL,Yes,Yes,Yes,Credit card,87.47,893.72,No
CUST00299,Male,0,No,0,Month-to-month,No,No internet service,No internet service,Yes,Bank transfer,49.8,0.0,No
CUST00300,Male,0,No,30,Month-to-month,No,No,No internet service,No,Electronic check,61.61,1775.65,Yes
CUST00301,Female,0,No,0,Month-to-month,No,No,Yes,No,Mailed check,84.65,0.0,Yes
CUST00302,Female,0,Yes,28,Month-to-month,DSL,No,Yes,Yes,Mailed check,94.32,2394.08,No
CUST00303,Male,0,No,44,One year,No,No,No,Yes,Bank transfer,51.91,2112.12,No
CUST00304,Female,1,No,11,One year,DSL,No,Yes,Yes,Bank transfer,113.99,1152.87,No
CUST00305,Female,0,Yes,15,Two year,Fiber optic,No,No internet service,Yes,Bank transfer,72.83,1024.07,No
CUST00306,Male,1,No,12,Month-to-month,No,Yes,No,Yes,Mailed check,38.93,437.79,No
CUST00307,Male,0,No,9,Month-to-month,DSL,Yes,Yes,Yes,Credit card,74.23,609.07,No
CUST00308,Female,0,Yes,43,One year,No,No internet service,Yes,No,Electronic check,55.43,2203.89,No
CUST00309,Female,0,No,44,Month-to-month,DSL,No internet service,No,No,Mailed check,75.85,3005.18,No
CUST00310,Female,0,Yes,8,Month-to-month,No,Yes,No,Yes,Credit card,63.93,478.25,No
CUST00311,Male,0,No,19,Month-to-month,DSL,No,No,No,Electronic check,66.86,1244.48,No
CUST00312,Female,0,Yes,52,Month-to-month,No,Yes,Yes,Yes,Bank transfer,42.21,2033.85,Yes
CUST00313,Female,0,Yes,65,Two year,DSL,No internet service,Yes,Yes,Credit card,89.75,5625.69,No
CUST00314,Female,0,No,14,Two year,Fiber optic,Yes,No,No,Bank transfer,36.1,459.83,No
CUST00315,Male,0,Yes,12,One year,Fiber optic,Yes,No,Yes,Electronic check,37.28,403.17,Yes
CUST00316,Female,0,Yes,6,Month-to-month,Fiber optic,Yes,Yes,Yes,Electronic check,74.18,422.75,No
CUST00317,Male,0,Yes,63,Month-to-month,DSL,No,Yes,Yes,Electronic check,105.07,6262.94,Yes
CUST00318,Male,1,Yes,3,Month-to-month,Fiber optic,No internet service,No,No,Electronic check,56.19,154.94,Yes
CUST00319,Male,0,No,17,Month-to-month,DSL,No,No,No,Credit card,82.52,1302.76,No
CUST00320,Female,0,Yes,6,Month-to-month,Fiber optic,Yes,Yes,Yes,Bank transfer,91.83,497.57,Yes
CUST00321,Male,0,No,6,One year,DSL,No,No,No,Electronic check,85.37,501.86,No
CUST00322,Male,0,Yes,10,One year,No,Yes,Yes,Yes,Credit card,57.22,532.22,No
CUST00323,Female,0,Yes,72,Month-to-month,DSL,Yes,No,No,Bank transfer,37.72,2503.86,No
CUST00324,Male,1,Yes,1,Two year,DSL,No internet service,No,No,Electronic check,18.0,17.65,Yes
CUST00325,Male,0,No,17,One year,DSL,No internet service,No,Yes,Mailed check,58.43,897.88,No
CUST00326,Male,0,Yes,1,One year,Fiber optic,No internet service,Yes,No,Electronic check,94.45,87.69,Yes
CUST00327,Male,0,Yes,3,One year,DSL,No,Yes,No,Credit card,36.9,102.54,No
CUST00328,Male,0,Yes,11,Month-to-month,Fiber optic,No,Yes,No,Mailed check,82.51,840.72,No
CUST00329,Male,0,No,14,Month-to-month,No,No,No internet service,No,Credit card,41.25,520.41,Yes
CUST00330,Female,0,Yes,5,Month-to-month,Fiber optic,Yes,Yes,Yes,Electronic check,67.65,336.04,Yes
CUST00331,Female,0,No,7,One year,Fiber optic,Yes,Yes,Yes,Credit card,82.69,570.97,No
CUST00332,Male,0,Yes,1,Month-to-month,DSL,Yes,Yes,Yes,Electronic check,48.51,45.67,No
CUST00333,Male,0,Yes,7,Month-to-month,Fiber optic,No internet service,No,Yes,Credit card,69.26,457.93,Yes
CUST00334,Female,0,Yes,67,Month-to-month,DSL,No,No,Yes,Credit card,54.62,3485.4,No
CUST00335,Female,0,Yes,57,Month-to-month,Fiber optic,Yes,Yes,Yes,Mailed check,82.63,4464.2,No
CUST00336,Male,0,No,8,Two year,DSL,Yes,No,Yes,Bank transfer,70.88,554.52,No
CUST00337,Male,0,No,16,One year,Fiber optic,No internet service,Yes,No,Bank transfer,66.41,1008.2,No
CUST00338,Male,0,Yes,48,Month-to-month,Fiber optic,No internet service,No,No,Credit card,103.96,4585.3,No
CUST00339,Female,0,Yes,0,Month-to-month,No,No,Yes,Yes,Electronic check,81.56,0.0,No
CUST00340,Female,0,Yes,33,Month-to-month,DSL,Yes,Yes,Yes,Mailed check,47.74,1562.54,No
CUST00341,Female,0,Yes,59,Month-to-month,Fiber optic,No,No,Yes,Credit card,62.85,3355.28,Yes
CUST00342,Male,0,Yes,1,Month-to-month,DSL,No,No,No,Credit card,63.1,62.45,No
CUST00343,Female,1,No,3,Month-to-month,Fiber optic,No internet service,No,Yes,Mailed check,67.01,194.81,Yes
CUST00344,Male,0,Yes,64,Month-to-month,No,Yes,No,No,Credit card,120.0,7222.81,Yes
CUST00345,Male,0,No,15,One year,Fiber optic,No,Yes,No,Electronic check,74.27,1023.5,Yes
CUST00346,Male,0,Yes,0,One year,Fiber optic,Yes,Yes,No,Credit card,18.0,0.0,No
CUST00347,Female,0,Yes,5,Month-to-month,No,No,No,Yes,Electronic check,51.43,245.06,Yes
CUST00348,Female,0,Yes,11,Month-to-month,Fiber optic,Yes,No internet service,Yes,Electronic check,18.0,191.21,No
CUST00349,Male,0,Yes,23,One year,Fiber optic,No internet service,No internet service,No,Mailed check,56.76,1265.2,No
CUST00350,Male,0,Yes,26,Month-to-month,Fiber optic,Yes,No,Yes,Mailed check,18.0,442.13,Yes
CUST00351,Male,0,Yes,72,Two year,Fiber optic,No,No,Yes,Mailed check,43.21,2916.36,No
CUST00352,Female,1,Yes,6,One year,DSL,No,No,Yes,Mailed check,26.98,158.13,Yes
CUST00353,Female,1,No,15,Month-to-month,No,No internet service,No,Yes,Electronic check,74.6,1110.65,No
CUST00354,Male,0,Yes,15,Month-to-month,Fiber optic,No,No,No,Electronic check,65.01,966.81,Yes
CUST00355,Male,0,No,10,One year,DSL,Yes,Yes,Yes,Bank transfer,72.57,693.16,No
CUST00356,Female,0,Yes,3,Month-to-month,Fiber optic,Yes,Yes,No,Mailed check,62.39,169.93,No
CUST00357,Male,0,No,72,One year,Fiber optic,No,Yes,No,Mailed check,30.14,1968.98,No
CUST00358,Male,0,Yes,38,Two year,DSL,No,No,Yes,Bank transfer,77.84,2781.26,No
CUST00359,Female,0,Yes,13,One year,Fiber optic,Yes,No,No,Credit card,113.06,1430.52,Yes
CUST00360,Female,0,No,18,Month-to-month,No,No,No,No,Bank transfer,75.23,1286.07,Yes
CUST00361,Female,1,Yes,5,One year,No,Yes,No internet service,No,Electronic check,54.35,261.62,No
CUST00362,Male,0,No,15,Month-to-month,No,No internet service,No internet service,No,Credit card,29.3,432.61,No
CUST00363,Male,0,No,23,Month-to-month,No,Yes,Yes,Yes,Credit card,42.3,879.53,No
CUST00364,Female,0,Yes,14,Two year,DSL,Yes,No,Yes,Mailed check,76.33,1060.48,No
CUST00365,Female,0,No,72,Month-to-month,Fiber optic,No,No,Yes,Credit card,91.83,6169.37,No
CUST00366,Male,0,No,18,Two year,No,No,No internet service,Yes,Mailed check,71.52,1164.65,No
CUST00367,Female,0,No,9,Two year,Fiber optic,Yes,Yes,Yes,Mailed check,85.0,752.41,No
CUST00368,Female,1,No,29,Month-to-month,Fiber optic,No,Yes,Yes,Electronic check,82.69,2382.22,No
CUST00369,Female,0,Yes,3,Month-to-month,Fiber optic,No,No,Yes,Bank transfer,77.66,227.59,No
CUST00370,Male,0,Yes,9,Month-to-month,Fiber optic,Yes,No internet service,Yes,Electronic check,48.54,428.32,No
CUST00371,Female,0,No,8,Month-to-month,No,No internet service,No internet service,Yes,Electronic check,69.35,547.66,No
CUST00372,Male,0,Yes,11,Month-to-month,Fiber optic,No internet service,No,Yes,Electronic check,43.79,458.68,Yes
CUST00373,Female,0,Yes,30,One year,Fiber optic,No,No internet service,No,Electronic check,65.44,1900.47,Yes
CUST00374,Male,0,No,13,Month-to-month,No,No internet service,Yes,Yes,Mailed check,73.27,884.54,No
CUST00375,Male,0,No,31,Month-to-month,Fiber optic,Yes,No,No,Bank transfer,106.97,3067.27,No
CUST00376,Female,0,Yes,17,Two year,DSL,Yes,No,No,Electronic check,32.26,526.97,No
CUST00377,Male,0,No,8,Month-to-month,Fiber optic,No,Yes,Yes,Credit card,77.04,599.96,Yes
CUST00378,Male,0,Yes,33,Two year,No,No internet service,Yes,No,Electronic check,102.03,3164.01,Yes
CUST00379,Female,1,Yes,5,Month-to-month,Fiber optic,No,No internet service,No,Mailed check,83.97,394.67,Yes
CUST00380,Male,0,No,5,Month-to-month,Fiber optic,Yes,No,Yes,Electronic check,85.82,427.14,Yes
CUST00381,Female,0,No,14,One year,Fiber optic,No,No internet service,Yes,Electronic check,79.69,1061.94,Yes
CUST00382,Female,0,Yes,6,One year,DSL,Yes,Yes,No,Electronic check,97.46,583.96,No
CUST00383,Male,0,Yes,0,Two year,No,Yes,No,No,Bank transfer,37.81,0.0,No
CUST00384,Male,0,Yes,20,One year,No,No,No,Yes,Bank transfer,30.35,585.13,No
CUST00385,Male,0,No,14,Two year,DSL,No,No internet service,No,Electronic check,64.84,817.81,No
CUST00386,Male,0,Yes,11,Month-to-month,DSL,Yes,Yes,No,Mailed check,18.0,184.06,No
CUST00387,Female,0,Yes,68,Month-to-month,No,Yes,No,No,Electronic check,95.77,6133.11,No
CUST00388,Female,0,No,16,One year,No,No,Yes,No,Credit card,95.52,1475.26,No
CUST00389,Female,0,Yes,39,Two year,No,No,No,No,Credit card,54.17,1984.93,No
CUST00390,Male,0,Yes,3,Two year,No,No,Yes,Yes,Electronic check,55.73,164.31,No
CUST00391,Female,0,No,16,Month-to-month,Fiber optic,No,Yes,Yes,Mailed check,63.19,976.96,Yes
CUST00392,Female,0,No,40,Month-to-month,Fiber optic,Yes,No,No,Credit card,66.3,2478.87,No
CUST00393,Female,0,No,17,One year,Fiber optic,Yes,No,Yes,Mailed check,68.18,1134.07,No
CUST00394,Male,1,Yes,25,Month-to-month,DSL,No internet service,Yes,Yes,Mailed check,78.96,1836.43,No
CUST00395,Male,1,No,9,Two year,Fiber optic,No,Yes,Yes,Mailed check,60.68,494.94,No
CUST00396,Male,0,No,1,Two year,Fiber optic,No,No internet service,Yes,Bank transfer,88.58,81.25,Yes
CUST00397,Male,0,Yes,12,Month-to-month,Fiber optic,No internet service,Yes,Yes,Credit card,76.15,822.67,Yes
CUST00398,Female,0,No,10,One year,Fiber optic,No,Yes,No,Credit card,49.83,489.95,No
CUST00399,Male,0,Yes,40,One year,Fiber optic,Yes,Yes,No,Bank transfer,98.38,3788.46,No
CUST00400,Female,0,No,5,Month-to-month,DSL,No internet service,No internet service,Yes,Mailed check,31.04,148.54,No
CUST00401,Male,0,No,68,Two year,DSL,Yes,Yes,No,Mailed check,62.7,4119.51,No
CUST00402,Female,0,No,63,Month-to-month,DSL,No,No internet service,No,Mailed check,89.17,5423.11,No
CUST00403,Male,0,Yes,5,Two year,DSL,No,No internet service,Yes,Credit card,46.92,224.41,Yes
CUST00404,Female,1,No,8,Month-to-month,No,No,No,Yes,Bank transfer,72.74,572.75,No
CUST00405,Female,0,Yes,45,Two year,DSL,No,No,Yes,Mailed check,78.58,3338.41,No
CUST00406,Male,0,No,67,Month-to-month,DSL,No,No,No,Electronic check,43.49,2856.95,No
CUST00407,Male,0,No,11,Month-to-month,Fiber optic,No,No,Yes,Mailed check,63.19,680.26,No
CUST00408,Male,0,Yes,7,Two year,Fiber optic,No internet service,No,Yes,Credit card,61.09,393.4,No
CUST00409,Male,1,Yes,14,Month-to-month,DSL,Yes,No internet service,Yes,Mailed check,51.21,677.78,No
CUST00410,Male,0,No,23,Month-to-month,Fiber optic,No internet service,Yes,No,Electronic check,120.0,2714.44,Yes
CUST00411,Male,0,Yes,6,Two year,Fiber optic,Yes,No,No,Electronic check,45.92,270.86,No
CUST00412,Male,0,No,26,Two year,DSL,Yes,Yes,Yes,Mailed check,90.12,2114.43,No
CUST00413,Male,0,Yes,1,One year,DSL,No internet service,No,No,Credit card,55.18,50.89,No
CUST00414,Female,0,No,1,One year,No,No,No,Yes,Credit card,37.83,35.65,Yes
CUST00415,Female,0,Yes,9,Month-to-month,No,Yes,Yes,No,Credit card,67.57,550.18,No
CUST00416,Male,0,No,8,Month-to-month,Fiber optic,No,Yes,Yes,Bank transfer,81.23,601.79,Yes
CUST00417,Female,0,No,7,Month-to-month,DSL,Yes,Yes,Yes,Bank transfer,88.01,570.38,No
CUST00418,Female,0,No,13,One year,Fiber optic,No,No,No,Bank transfer,104.06,1246.53,Yes
CUST00419,Male,0,Yes,7,One year,Fiber optic,No,No internet service,No,Mailed check,120.0,789.32,No
CUST00420,Male,0,No,4,One year,DSL,No internet service,No,Yes,Bank transfer,71.26,279.71,No
CUST00421,Female,0,Yes,7,One year,Fiber optic,Yes,No,Yes,Mailed check,48.42,313.32,Yes
CUST00422,Male,0,No,72,Month-to-month,Fiber optic,Yes,Yes,Yes,Bank transfer,76.32,5265.38,No
CUST00423,Female,0,No,10,Month-to-month,DSL,Yes,Yes,No,Electronic check,58.34,557.59,No
CUST00424,Male,0,Yes,11,Month-to-month,Fiber optic,Yes,Yes,Yes,Electronic check,88.15,952.0,No
CUST00425,Female,0,Yes,17,Month-to-month,No,No internet service,No,No,Credit card,32.57,520.14,Yes
CUST00426,Male,0,Yes,72,Month-to-month,DSL,No internet service,No,No,Credit card,120.0,7969.16,No
CUST00427,Female,0,No,5,Two year,No,No,No internet service,Yes,Mailed check,86.4,427.31,No
CUST00428,Male,0,No,22,Month-to-month,DSL,No,No,No,Electronic check,22.9,495.38,No
CUST00429,Female,0,Yes,25,Month-to-month,No,No internet service,No,Yes,Credit card,47.27,1137.02,No
CUST00430,Female,1,Yes,18,Month-to-month,DSL,Yes,Yes,No,Bank transfer,85.4,1397.81,No
CUST00431,Male,0,No,1,One year,DSL,Yes,Yes,No,Mailed check,94.41,85.12,No
CUST00432,Female,0,No,22,One year,Fiber optic,No,Yes,Yes,Bank transfer,33.19,670.5,No
CUST00433,Female,0,Yes,1,Month-to-month,Fiber optic,No internet service,No,Yes,Mailed check,82.83,76.18,Yes
CUST00434,Male,1,Yes,18,Month-to-month,No,No,No,No,Mailed check,18.0,296.01,Yes
CUST00435,Female,0,Yes,26,One year,Fiber optic,No,Yes,Yes,Credit card,62.77,1511.61,No
CUST00436,Female,1,No,4,Month-to-month,DSL,Yes,No,Yes,Electronic check,92.8,346.62,No
CUST00437,Female,1,No,36,Two year,Fiber optic,No,No,Yes,Electronic check,51.21,1798.29,Yes
CUST00438,Male,0,Yes,0,One year,Fiber optic,No internet service,Yes,Yes,Electronic check,27.33,0.0,No
CUST00439,Female,0,No,37,Month-to-month,DSL,No,No,Yes,Electronic check,68.66,2312.89,No
CUST00440,Male,0,Yes,12,Month-to-month,Fiber optic,No,No,Yes,Electronic check,49.88,597.19,No
CUST00441,Female,0,No,4,Two year,Fiber optic,No,Yes,Yes,Electronic check,80.74,314.96,Yes
CUST00442,Male,0,Yes,2,Month-to-month,No,No,No,No,Electronic check,42.87,78.57,No
CUST00443,Female,0,No,61,Month-to-month,No,No,Yes,Yes,Electronic check,45.68,2542.52,Yes
CUST00444,Male,0,Yes,1,Two year,DSL,No,No,Yes,Electronic check,18.0,16.36,No
CUST00445,Female,0,Yes,4,Two year,Fiber optic,No,No internet service,Yes,Electronic check,69.25,269.57,Yes
CUST00446,Female,0,No,8,Two year,Fiber optic,Yes,No,Yes,Bank transfer,60.98,450.58,No
CUST00447,Male,0,Yes,19,One year,Fiber optic,No internet service,Yes,Yes,Bank transfer,35.29,608.35,No
CUST00448,Female,0,No,15,Month-to-month,Fiber optic,No internet service,No,Yes,Electronic check,69.84,987.03,No
CUST00449,Female,0,No,2,Month-to-month,No,No,Yes,Yes,Bank transfer,90.68,176.08,No
CUST00450,Female,0,No,6,One year,Fiber optic,Yes,Yes,Yes,Credit card,59.61,332.79,No
CUST00451,Male,0,Yes,5,One year,No,No,No,No,Credit card,71.7,339.95,No
CUST00452,Male,0,Yes,4,Month-to-month,No,No,Yes,No,Electronic check,71.83,264.12,No
CUST00453,Female,0,No,10,Two year,No,Yes,Yes,Yes,Credit card,34.89,328.98,No
CUST00454,Male,1,Yes,24,Month-to-month,No,Yes,No,No,Mailed check,116.41,2614.74,No
CUST00455,Female,0,No,4,Month-to-month,Fiber optic,No internet service,No,Yes,Electronic check,53.23,200.87,Yes
CUST00456,Male,0,No,9,Month-to-month,DSL,No,Yes,No,Electronic check,81.4,693.46,No
CUST00457,Male,0,No,9,Month-to-month,Fiber optic,No internet service,No,No,Electronic check,84.23,689.26,No
CUST00458,Male,0,No,72,Month-to-month,DSL,No,No internet service,No,Mailed check,61.51,4027.2,Yes
CUST00459,Female,0,Yes,61,Month-to-month,Fiber optic,No,Yes,No,Bank transfer,80.17,4528.78,No
CUST00460,Female,1,No,32,Month-to-month,Fiber optic,No,No,Yes,Bank transfer,71.15,2075.48,No
CUST00461,Male,0,No,5,One year,Fiber optic,No,No,Yes,Electronic check,29.56,136.76,No
CUST00462,Male,1,Yes,1,One year,No,No internet service,No,Yes,Electronic check,56.69,51.16,Yes
CUST00463,Male,1,Yes,7,One year,No,No internet service,Yes,No,Electronic check,49.69,325.25,No
CUST00464,Male,0,No,6,Two year,DSL,No internet service,Yes,No,Mailed check,53.46,295.53,No
CUST00465,Female,0,No,14,Month-to-month,Fiber optic,No,No,Yes,Credit card,32.4,448.71,Yes
CUST00466,Male,0,No,30,Month-to-month,Fiber optic,No,No internet service,Yes,Credit card,93.16,2755.16,No
CUST00467,Male,0,No,39,Two year,Fiber optic,No,No,No,Credit card,105.05,3810.34,No
CUST00468,Male,0,No,37,Month-to-month,Fiber optic,No internet service,No internet service,Yes,Bank transfer,89.45,3136.05,No
CUST00469,Male,0,No,8,Two year,Fiber optic,No,No,Yes,Mailed check,96.76,770.66,No
CUST00470,Female,0,No,23,Month-to-month,Fiber optic,Yes,No internet service,Yes,Mailed check,56.38,1235.03,No
CUST00471,Female,0,Yes,7,Two year,No,No,No,Yes,Mailed check,49.09,338.42,No
CUST00472,Female,0,Yes,1,Month-to-month,No,No internet service,No internet service,Yes,Mailed check,45.54,44.75,Yes
CUST00473,Female,0,No,24,Two year,DSL,No,Yes,Yes,Credit card,81.1,1934.97,No
CUST00474,Male,1,No,0,Month-to-month,Fiber optic,No,No internet service,Yes,Mailed check,70.68,0.0,No
CUST00475,Female,0,Yes,10,Two year,Fiber optic,Yes,Yes,No,Electronic check,63.07,570.37,No
CUST00476,Female,0,No,7,Month-to-month,DSL,No internet service,Yes,Yes,Bank transfer,97.38,620.58,No
CUST00477,Male,0,Yes,23,One year,DSL,No,No,No,Credit card,75.12,1653.69,No
CUST00478,Female,0,Yes,29,Two year,Fiber optic,No,No,No,Mailed check,44.03,1216.89,Yes
CUST00479,Female,1,No,7,Month-to-month,Fiber optic,No,Yes,No,Bank transfer,47.98,312.3,No
CUST00480,Female,0,Yes,33,One year,DSL,No internet service,No internet service,No,Electronic check,82.05,2504.23,No
CUST00481,Female,0,No,6,One year,Fiber optic,No internet service,No,No,Mailed check,91.04,530.37,Yes
CUST00482,Female,0,No,11,Month-to-month,Fiber optic,No internet service,No internet service,No,Electronic check,78.79,809.53,No
CUST00483,Female,0,No,25,One year,DSL,Yes,No internet service,Yes,Electronic check,112.42,2699.19,No
CUST00484,Male,0,Yes,23,One year,DSL,Yes,No,No,Bank transfer,105.88,2365.18,No
CUST00485,Male,0,No,72,Two year,No,No internet service,Yes,Yes,Electronic check,76.03,5162.39,No
CUST00486,Male,0,No,5,Month-to-month,DSL,No internet service,Yes,Yes,Bank transfer,44.04,202.44,No
CUST00487,Male,0,Yes,21,Month-to-month,No,No,No,Yes,Credit card,32.25,667.82,No
CUST00488,Female,0,Yes,18,Two year,Fiber optic,Yes,No,Yes,Electronic check,55.32,905.5,No
CUST00489,Female,0,No,49,Two year,DSL,No,No,Yes,Bank transfer,83.83,4037.62,No
CUST00490,Female,0,Yes,3,Month-to-month,DSL,No,No,No,Mailed check,110.67,326.59,Yes
CUST00491,Female,0,No,27,One year,DSL,No,Yes,No,Electronic check,75.44,1949.5,No
CUST00492,Female,0,No,16,Month-to-month,DSL,Yes,No,Yes,Bank transfer,94.22,1451.66,No
CUST00493,Male,0,Yes,6,Month-to-month,DSL,Yes,Yes,Yes,Bank transfer,58.87,330.54,Yes
CUST00494,Male,0,Yes,12,Month-to-month,Fiber optic,No internet service,No internet service,No,Mailed check,80.57,951.52,No
CUST00495,Male,0,Yes,8,Month-to-month,DSL,Yes,Yes,No,Credit card,85.58,634.23,No
CUST00496,Female,0,Yes,17,One year,Fiber optic,No,No,No,Mailed check,18.0,292.53,No
CUST00497,Male,0,No,43,Month-to-month,Fiber optic,No,Yes,Yes,Credit card,54.66,2115.76,Yes
CUST00498,Female,0,No,16,Two year,DSL,No,No,No,Mailed check,88.74,1411.3,No
CUST00499,Male,0,No,19,Two year,DSL,Yes,No,No,Electronic check,71.86,1358.28,No
CUST00500,Male,0,Yes,14,One year,DSL,Yes,Yes,Yes,Mailed check,35.09,477.03,No
CUST00501,Female,0,No,1,Month-to-month,DSL,No,No,Yes,Electronic check,18.0,16.96,Yes
CUST00502,Male,0,No,5,Month-to-month,Fiber optic,No internet service,No internet service,Yes,Bank transfer,55.86,256.36,No
CUST00503,Female,0,No,13,Two year,DSL,No,No internet service,Yes,Bank transfer,63.21,780.02,No
CUST00504,Male,0,No,7,One year,Fiber optic,Yes,Yes,No,Mailed check,42.9,294.04,No
CUST00505,Female,0,Yes,4,Month-to-month,Fiber optic,No internet service,No,Yes,Electronic check,68.58,263.49,No
CUST00506,Male,0,Yes,14,Two year,Fiber optic,Yes,Yes,No,Mailed check,77.66,1035.87,No
CUST00507,Female,0,No,7,Two year,Fiber optic,No internet service,Yes,No,Electronic check,81.77,563.77,No
CUST00508,Male,0,No,5,Two year,Fiber optic,Yes,No,Yes,Bank transfer,18.0,83.82,No
CUST00509,Female,0,Yes,12,One year,DSL,No,Yes,No,Credit card,32.14,380.28,No
CUST00510,Male,0,No,2,One year,DSL,Yes,No,Yes,Credit card,57.38,108.33,No
CUST00511,Female,0,Yes,52,Month-to-month,Fiber optic,No,No internet service,Yes,Electronic check,79.3,3712.24,Yes
CUST00512,Female,0,Yes,40,Two year,DSL,No,Yes,No,Mailed check,77.23,3006.39,No
CUST00513,Male,0,No,24,Two year,Fiber optic,No,Yes,Yes,Bank transfer,76.8,1820.68,No
CUST00514,Female,0,Yes,2,Month-to-month,Fiber optic,Yes,No,Yes,Credit card,55.41,105.11,Yes
CUST00515,Female,0,No,29,Month-to-month,Fiber optic,No internet service,No,No,Bank transfer,56.81,1557.66,Yes
CUST00516,Female,0,No,33,Month-to-month,Fiber optic,No internet service,No internet service,No,Electronic check,46.79,1514.03,No
CUST00517,Female,0,No,29,Two year,Fiber optic,No,No internet service,No,Mailed check,84.2,2413.66,Yes
CUST00518,Female,0,Yes,2,Two year,Fiber optic,No,No,No,Bank transfer,41.99,83.77,No
CUST00519,Male,0,Yes,20,Month-to-month,Fiber optic,No,Yes,Yes,Bank transfer,86.25,1612.12,No
CUST00520,Male,0,Yes,35,One year,Fiber optic,Yes,No,No,Credit card,70.2,2357.42,Yes
CUST00521,Male,0,No,17,Month-to-month,Fiber optic,No internet service,Yes,No,Electronic check,63.87,1066.56,Yes
CUST00522,Female,0,Yes,20,Two year,No,Yes,No internet service,Yes,Credit card,48.58,926.11,No
CUST00523,Female,1,No,12,Two year,Fiber optic,No,Yes,Yes,Electronic check,31.11,353.23,No
CUST00524,Female,0,Yes,15,Two year,Fiber optic,No,No,Yes,Credit card,48.81,700.81,Yes
CUST00525,Female,0,No,0,Month-to-month,Fiber optic,No,Yes,Yes,Credit card,56.75,0.0,No
CUST00526,Female,0,No,20,Month-to-month,Fiber optic,No internet service,No,Yes,Bank transfer,18.0,330.91,No
CUST00527,Male,0,No,1,Month-to-month,DSL,No,No,No,Bank transfer,60.07,54.46,Yes
CUST00528,Female,0,No,11,Month-to-month,No,No,No,No,Electronic check,88.11,931.41,No
CUST00529,Male,0,Yes,6,Two year,DSL,No,No,No,Electronic check,79.18,445.58,No
CUST00530,Male,0,Yes,15,Two year,Fiber optic,Yes,No,No,Electronic check,52.59,779.62,No
CUST00531,Female,0,No,2,Two year,Fiber optic,No,Yes,Yes,Electronic check,66.17,122.06,No
CUST00532,Female,0,No,23,Two year,No,No internet service,No internet service,Yes,Mailed check,51.1,1094.29,No
CUST00533,Male,0,Yes,31,One year,DSL,No,No internet service,No,Electronic check,68.72,2124.04,No
CUST00534,Male,0,No,3,One year,Fiber optic,No,Yes,No,Credit card,103.5,296.72,No
CUST00535,Female,0,No,2,Two year,Fiber optic,No,No internet service,Yes,Mailed check,89.21,166.76,Yes
CUST00536,Female,0,Yes,3,Two year,DSL,No,No internet service,No,Bank transfer,78.02,230.8,No
CUST00537,Male,0,Yes,41,Month-to-month,DSL,No internet service,No,Yes,Bank transfer,52.68,2104.45,Yes
CUST00538,Male,0,No,15,Month-to-month,Fiber optic,Yes,Yes,Yes,Electronic check,83.75,1202.63,Yes
CUST00539,Male,0,Yes,12,Month-to-month,Fiber optic,No,No,No,Electronic check,22.83,270.92,No
CUST00540,Male,1,Yes,2,Two year,DSL,No,No,No,Electronic check,58.69,106.74,Yes
CUST00541,Male,1,Yes,20,One year,Fiber optic,No,No,Yes,Credit card,79.59,1495.42,No
CUST00542,Female,0,No,40,Month-to-month,Fiber optic,No internet service,No,Yes,Bank transfer,83.51,3277.12,No
CUST00543,Female,1,No,35,One year,Fiber optic,Yes,No internet service,Yes,Electronic check,81.75,2685.55,Yes
CUST00544,Female,0,Yes,19,One year,No,Yes,No,No,Credit card,72.37,1364.96,No
CUST00545,Male,0,Yes,1,Month-to-month,Fiber optic,No,Yes,Yes,Electronic check,60.11,55.02,Yes
CUST00546,Female,0,Yes,2,Month-to-month,No,Yes,No,No,Bank transfer,78.45,146.49,Yes
CUST00547,Female,0,Yes,1,One year,No,No,No,No,Mailed check,41.18,38.82,No
CUST00548,Female,0,Yes,5,Month-to-month,DSL,No internet service,Yes,Yes,Bank transfer,43.88,212.53,Yes
CUST00549,Male,0,Yes,2,One year,DSL,Yes,No,No,Credit card,66.54,122.37,Yes
CUST00550,Female,0,Yes,6,Month-to-month,Fiber optic,Yes,Yes,Yes,Bank transfer,69.33,374.79,Yes
CUST00551,Female,0,No,9,Two year,Fiber optic,Yes,No internet service,Yes,Mailed check,19.36,173.83,No
CUST00552,Male,0,Yes,57,One year,Fiber optic,Yes,No,Yes,Electronic check,76.38,4309.58,No
CUST00553,Female,0,Yes,18,One year,Fiber optic,Yes,No,No,Credit card,84.32,1411.55,No
CUST00554,Male,0,Yes,36,Two year,Fiber optic,No internet service,Yes,Yes,Mailed check,63.07,2153.24,No
CUST00555,Male,0,No,24,Month-to-month,Fiber optic,No,No,No,Electronic check,120.0,2732.81,No
CUST00556,Male,0,Yes,2,Month-to-month,DSL,Yes,No,Yes,Bank transfer,47.93,94.61,No
CUST00557,Male,0,No,26,Month-to-month,No,No internet service,No,Yes,Electronic check,55.97,1396.58,No
CUST00558,Male,0,No,6,One year,DSL,Yes,No internet service,No,Electronic check,55.12,324.98,No
CUST00559,Female,0,No,20,One year,No,No,No,No,Credit card,63.1,1250.89,Yes
CUST00560,Female,0,No,8,One year,DSL,Yes,No,Yes,Mailed check,56.78,434.52,No
CUST00561,Female,0,Yes,72,Month-to-month,No,Yes,Yes,Yes,Electronic check,29.83,1994.3,No
CUST00562,Female,1,Yes,6,Month-to-month,DSL,No,No,Yes,Bank transfer,51.34,292.6,No
CUST00563,Male,0,No,6,Month-to-month,DSL,No,No internet service,Yes,Credit card,62.56,369.76,No
CUST00564,Female,0,Yes,53,Month-to-month,DSL,No,No,No,Electronic check,95.71,4861.42,No
CUST00565,Female,0,Yes,0,One year,Fiber optic,No,No,Yes,Bank transfer,120.0,0.0,Yes
CUST00566,Male,0,No,23,Month-to-month,No,Yes,No internet service,No,Bank transfer,98.39,2239.31,Yes
CUST00567,Male,0,No,25,Month-to-month,Fiber optic,No,No,No,Electronic check,45.62,1069.03,Yes
CUST00568,Male,0,No,36,Two year,No,No internet service,No,Yes,Mailed check,47.6,1619.03,No
CUST00569,Female,0,No,72,Month-to-month,Fiber optic,Yes,No,Yes,Electronic check,61.02,4251.93,Yes
CUST00570,Male,0,No,72,Month-to-month,Fiber optic,No,No,Yes,Bank transfer,109.61,7190.38,No
CUST00571,Male,1,No,1,One year,No,No,No,Yes,Credit card,60.86,57.61,Yes
CUST00572,Male,0,Yes,34,Month-to-month,DSL,No,No,No,Electronic check,31.81,989.54,Yes
CUST00573,Male,0,No,20,One year,Fiber optic,No,No internet service,Yes,Credit card,52.47,1033.44,No
CUST00574,Female,0,Yes,20,Two year,No,No,Yes,No,Bank transfer,83.93,1669.0,No
CUST00575,Female,0,No,2,Two year,No,No internet service,Yes,Yes,Electronic check,82.25,150.38,No
CUST00576,Male,0,Yes,21,Month-to-month,No,No,Yes,Yes,Bank transfer,59.99,1217.88,No
CUST00577,Female,0,Yes,72,Two year,No,No,No,Yes,Electronic check,82.09,5695.66,No
CUST00578,Female,0,No,48,Month-to-month,DSL,No,No,No,Credit card,18.0,843.27,No
CUST00579,Male,0,Yes,11,Month-to-month,No,No,Yes,Yes,Bank transfer,67.6,720.98,No
CUST00580,Male,0,No,0,Month-to-month,Fiber optic,No,No,No,Bank transfer,86.52,0.0,Yes
CUST00581,Female,0,No,8,Two year,No,No,No,Yes,Bank transfer,44.18,328.39,Yes
CUST00582,Male,0,No,35,Month-to-month,Fiber optic,No,No,Yes,Bank transfer,44.09,1414.33,No
CUST00583,Female,0,Yes,24,Month-to-month,Fiber optic,No,No internet service,Yes,Credit card,18.34,436.69,No
CUST00584,Male,0,Yes,12,One year,Fiber optic,Yes,No,Yes,Bank transfer,104.75,1196.89,No
CUST00585,Female,0,No,1,Month-to-month,DSL,No,Yes,No,Credit card,47.0,46.89,No
CUST00586,Female,0,Yes,11,Month-to-month,DSL,No internet service,Yes,Yes,Bank transfer,71.03,738.3,No
CUST00587,Female,0,Yes,12,Month-to-month,No,No internet service,No,Yes,Electronic check,80.1,918.21,Yes
CUST00588,Female,0,No,52,Month-to-month,No,No,No,No,Credit card,102.8,5232.96,No
CUST00589,Male,0,No,20,Month-to-month,DSL,No,Yes,Yes,Bank transfer,61.15,1198.2,No
CUST00590,Male,0,No,7,Month-to-month,Fiber optic,Yes,Yes,Yes,Bank transfer,51.51,332.85,No
CUST00591,Female,0,Yes,14,One year,Fiber optic,No,No,No,Credit card,69.33,901.54,Yes
CUST00592,Male,1,No,1,Month-to-month,Fiber optic,Yes,No,Yes,Electronic check,97.1,88.34,Yes
CUST00593,Male,0,No,71,Month-to-month,DSL,No internet service,No,No,Mailed check,60.75,4229.34,No
CUST00594,Female,0,No,8,Two year,No,No,Yes,Yes,Electronic check,41.13,322.26,No
CUST00595,Female,0,Yes,12,Month-to-month,Fiber optic,No,No,Yes,Bank transfer,26.48,288.57,Yes
CUST00596,Female,0,No,8,One year,Fiber optic,No internet service,No,No,Credit card,34.47,255.28,No
CUST00597,Female,0,Yes,22,Month-to-month,Fiber optic,No internet service,No internet service,No,Credit card,86.61,1800.6,No
CUST00598,Female,1,No,21,Month-to-month,DSL,No,No,Yes,Mailed check,56.98,1141.75,Yes
CUST00599,Female,1,No,25,Month-to-month,Fiber optic,No,No,Yes,Credit card,49.81,1185.79,Yes
CUST00600,Female,0,No,6,Month-to-month,DSL,No,No,Yes,Credit card,47.1,282.12,Yes
CUST00601,Male,0,Yes,7,Month-to-month,DSL,No,No,Yes,Bank transfer,67.13,458.83,No
CUST00602,Male,0,No,2,Month-to-month,Fiber optic,Yes,Yes,No,Electronic check,59.01,107.55,Yes
CUST00603,Female,0,Yes,21,Month-to-month,No,Yes,No internet service,Yes,Bank transfer,58.17,1135.27,Yes
CUST00604,Male,0,Yes,0,Month-to-month,Fiber optic,Yes,No,Yes,Credit card,98.73,0.0,No
CUST00605,Female,0,No,18,Month-to-month,DSL,No internet service,No,Yes,Credit card,103.45,1734.57,No
CUST00606,Female,0,No,40,Month-to-month,Fiber optic,Yes,No internet service,Yes,Bank transfer,24.75,968.81,No
CUST00607,Male,0,Yes,44,Month-to-month,No,No,No internet service,Yes,Credit card,73.19,3014.44,No
CUST00608,Female,0,Yes,11,Month-to-month,Fiber optic,Yes,No,Yes,Electronic check,45.58,475.93,No
CUST00609,Male,1,Yes,12,One year,No,No internet service,Yes,No,Electronic check,58.79,672.57,No
CUST00610,Female,0,No,1,Month-to-month,Fiber optic,No,No,Yes,Credit card,72.73,67.42,Yes
CUST00611,Female,1,No,22,One year,Fiber optic,No,No internet service,Yes,Electronic check,59.68,1224.03,Yes
CUST00612,Male,0,No,34,One year,DSL,No,Yes,No,Electronic check,70.76,2352.91,No
CUST00613,Female,0,Yes,5,Month-to-month,DSL,No internet service,No internet service,No,Mailed check,81.82,403.65,Yes
CUST00614,Female,0,No,10,Two year,Fiber optic,Yes,Yes,Yes,Bank transfer,72.36,653.92,No
CUST00615,Female,0,No,36,Two year,Fiber optic,No internet service,No,No,Bank transfer,48.83,1688.47,No
CUST00616,Female,0,No,41,Month-to-month,No,No,No,No,Electronic check,49.27,1946.02,No
CUST00617,Male,1,No,5,Month-to-month,No,Yes,Yes,Yes,Credit card,29.01,141.24,No
CUST00618,Male,0,No,15,Two year,DSL,Yes,No internet service,No,Credit card,43.65,634.7,No
CUST00619,Male,0,No,4,One year,DSL,No,No,Yes,Mailed check,114.05,450.61,Yes
CUST00620,Male,0,No,2,Month-to-month,Fiber optic,Yes,Yes,Yes,Mailed check,45.2,82.07,No
CUST00621,Male,1,Yes,48,Month-to-month,DSL,No internet service,No,Yes,Bank transfer,35.17,1584.91,No
CUST00622,Male,0,No,34,Month-to-month,Fiber optic,Yes,No,Yes,Bank transfer,73.0,2427.91,No
CUST00623,Female,0,No,28,Month-to-month,No,No,No,Yes,Mailed check,62.24,1715.98,No
CUST00624,Male,1,No,0,One year,No,No,No internet service,No,Mailed check,60.11,0.0,No
CUST00625,Male,0,Yes,37,Month-to-month,Fiber optic,No,Yes,Yes,Electronic check,100.23,3554.71,Yes
CUST00626,Female,0,Yes,11,Month-to-month,No,No,Yes,No,Electronic check,78.73,795.08,No
CUST00627,Male,0,No,8,One year,Fiber optic,No internet service,Yes,No,Mailed check,51.75,407.83,No
CUST00628,Female,0,No,15,Month-to-month,DSL,No,Yes,No,Bank transfer,54.39,793.86,Yes
CUST00629,Female,1,No,1,Month-to-month,Fiber optic,No,No,Yes,Bank transfer,52.44,48.36,Yes
CUST00630,Male,0,Yes,28,One year,Fiber optic,No,No internet service,No,Credit card,86.87,2340.85,No
CUST00631,Female,0,Yes,17,Two year,Fiber optic,No,Yes,Yes,Mailed check,57.3,926.3,Yes
CUST00632,Female,1,Yes,4,Month-to-month,DSL,No internet service,Yes,No,Bank transfer,20.17,74.7,No
CUST00633,Male,0,Yes,4,Month-to-month,Fiber optic,No internet service,Yes,Yes,Electronic check,63.79,252.43,Yes
CUST00634,Female,1,Yes,4,Month-to-month,Fiber optic,Yes,No,No,Mailed check,26.57,97.22,No
CUST00635,Male,0,No,1,Month-to-month,No,Yes,No,Yes,Credit card,119.61,113.24,Yes
CUST00636,Female,0,No,17,Month-to-month,Fiber optic,No internet service,No,No,Bank transfer,40.86,665.64,No
CUST00637,Female,0,Yes,36,Month-to-month,Fiber optic,Yes,Yes,No,Mailed check,60.95,2155.48,No
CUST00638,Female,1,No,0,Month-to-month,Fiber optic,No internet service,No,No,Bank transfer,71.46,0.0,No
CUST00639,Male,0,No,1,Month-to-month,DSL,No,No,Yes,Credit card,57.78,55.52,No
CUST00640,Female,1,No,17,Month-to-month,Fiber optic,Yes,No,Yes,Bank transfer,57.75,884.22,Yes
CUST00641,Male,0,No,34,Month-to-month,No,No,No,Yes,Credit card,75.55,2523.13,No
CUST00642,Male,0,Yes,7,Month-to-month,Fiber optic,No,No,Yes,Credit card,103.16,666.86,No
CUST00643,Male,0,Yes,8,Month-to-month,No,No internet service,No,Yes,Bank transfer,84.19,654.72,No
CUST00644,Female,0,Yes,18,Month-to-month,DSL,No,Yes,Yes,Bank transfer,101.96,1762.21,Yes
CUST00645,Female,0,No,6,Two year,DSL,No,No,No,Electronic check,38.83,210.85,No
CUST00646,Female,1,No,0,One year,No,No internet service,No,Yes,Mailed check,72.93,0.0,No
CUST00647,Male,0,Yes,26,One year,No,Yes,Yes,No,Bank transfer,68.88,1659.74,No
CUST00648,Male,0,No,19,One year,No,No,No,Yes,Credit card,73.78,1385.94,Yes
CUST00649,Male,1,Yes,17,Month-to-month,Fiber optic,No,No internet service,No,Mailed check,99.41,1602.23,Yes
CUST00650,Male,0,No,27,Month-to-month,No,Yes,No,Yes,Credit card,59.48,1592.07,No
CUST00651,Female,1,Yes,22,Month-to-month,No,Yes,No,No,Electronic check,54.86,1091.95,No
CUST00652,Male,0,Yes,4,One year,No,No,No,Yes,Bank transfer,78.35,282.27,No
CUST00653,Male,0,Yes,8,One year,Fiber optic,Yes,No,Yes,Mailed check,20.54,163.47,No
CUST00654,Female,0,Yes,2,Month-to-month,Fiber optic,No,No,Yes,Mailed check,59.08,114.9,Yes
CUST00655,Female,0,No,2,Month-to-month,No,No,No,Yes,Credit card,61.65,120.63,No
CUST00656,Male,0,Yes,22,Month-to-month,Fiber optic,No,No,Yes,Electronic check,41.99,916.0,No
CUST00657,Female,1,No,39,Month-to-month,Fiber optic,No,Yes,No,Electronic check,91.43,3560.26,Yes
CUST00658,Male,0,Yes,65,One year,Fiber optic,No,No,Yes,Mailed check,38.44,2273.15,No
CUST00659,Female,0,Yes,19,One year,Fiber optic,Yes,Yes,No,Mailed check,61.6,1071.89,No
CUST00660,Female,1,No,4,Month-to-month,Fiber optic,Yes,No internet service,No,Credit card,72.33,265.84,No
CUST00661,Female,0,No,2,Two year,DSL,No,Yes,No,Credit card,98.84,194.09,No
CUST00662,Male,1,Yes,33,One year,No,No internet service,Yes,Yes,Electronic check,64.74,1998.74,No
CUST00663,Female,0,No,17,Month-to-month,Fiber optic,Yes,No,Yes,Bank transfer,88.4,1441.68,Yes
CUST00664,Male,0,No,19,Month-to-month,Fiber optic,No,No internet service,Yes,Bank transfer,82.51,1544.99,Yes
CUST00665,Male,0,Yes,30,Month-to-month,DSL,No,No,Yes,Credit card,68.09,1977.98,Yes
CUST00666,Female,0,No,24,Month-to-month,DSL,No,No,Yes,Credit card,37.76,821.54,Yes
CUST00667,Male,0,Yes,35,Month-to-month,DSL,No internet service,No,Yes,Bank transfer,29.14,963.36,No
CUST00668,Male,0,Yes,1,Month-to-month,Fiber optic,Yes,No,Yes,Mailed check,67.66,61.35,Yes
CUST00669,Female,0,No,27,Month-to-month,DSL,Yes,No internet service,No,Electronic check,51.43,1316.24,Yes
CUST00670,Female,0,Yes,38,Month-to-month,No,No,Yes,Yes,Mailed check,87.98,3082.23,No
CUST00671,Male,1,Yes,6,Two year,DSL,Yes,No internet service,Yes,Bank transfer,83.65,451.78,Yes
CUST00672,Male,0,Yes,20,Month-to-month,DSL,No,No internet service,Yes,Bank transfer,60.38,1185.04,Yes
CUST00673,Male,0,No,7,Month-to-month,DSL,No internet service,No internet service,No,Bank transfer,36.06,251.65,Yes
CUST00674,Male,0,No,63,Month-to-month,DSL,No,No,No,Bank transfer,77.77,4881.94,No
CUST00675,Female,0,Yes,0,Two year,Fiber optic,Yes,No internet service,No,Mailed check,39.55,0.0,No
CUST00676,Male,0,No,17,Month-to-month,No,Yes,Yes,No,Bank transfer,46.04,769.28,Yes
CUST00677,Female,0,Yes,3,Month-to-month,Fiber optic,No internet service,No,No,Electronic check,40.51,117.63,Yes
CUST00678,Male,0,No,24,Two year,DSL,No,No,Yes,Electronic check,61.54,1447.43,Yes
CUST00679,Male,0,No,3,Two year,DSL,No internet service,Yes,Yes,Electronic check,94.25,278.4,Yes
CUST00680,Female,0,No,5,Two year,Fiber optic,No,No,No,Credit card,64.87,323.71,Yes
CUST00681,Female,1,No,13,Month-to-month,No,No internet service,Yes,No,Electronic check,53.92,641.5,No
CUST00682,Female,0,No,49,Month-to-month,DSL,No internet service,Yes,No,Credit card,26.86,1285.84,No
CUST00683,Male,0,Yes,4,One year,Fiber optic,No,No,No,Electronic check,78.8,306.82,Yes
CUST00684,Female,0,No,3,Two year,Fiber optic,No,No internet service,Yes,Mailed check,45.49,126.75,No
CUST00685,Male,0,Yes,28,One year,DSL,No,No,No,Credit card,67.94,1786.77,No
CUST00686,Male,0,Yes,13,One year,Fiber optic,Yes,No internet service,Yes,Bank transfer,56.14,669.74,No
CUST00687,Female,0,Yes,48,Month-to-month,DSL,Yes,No,Yes,Electronic check,85.95,4089.82,No
CUST00688,Male,0,Yes,3,One year,Fiber optic,No,No internet service,Yes,Electronic check,61.07,181.0,No
CUST00689,Male,0,No,20,Month-to-month,DSL,Yes,No,Yes,Credit card,63.53,1221.56,Yes
CUST00690,Male,0,No,5,Month-to-month,Fiber optic,Yes,No internet service,Yes,Mailed check,77.14,366.86,No
CUST00691,Female,0,Yes,3,Month-to-month,DSL,No,Yes,Yes,Bank transfer,117.67,325.93,No
CUST00692,Male,0,Yes,23,Month-to-month,No,No internet service,No internet service,Yes,Mailed check,87.21,1963.63,Yes
CUST00693,Male,0,Yes,18,Month-to-month,DSL,No,No,Yes,Mailed check,62.78,1017.96,No
CUST00694,Male,0,No,28,Month-to-month,No,No,No,Yes,Electronic check,65.08,1724.35,Yes
CUST00695,Male,0,Yes,7,One year,No,Yes,No,No,Bank transfer,51.88,358.1,No
CUST00696,Female,0,Yes,11,Month-to-month,No,Yes,No internet service,No,Bank transfer,41.25,436.44,No
CUST00697,Female,0,No,10,One year,Fiber optic,No,No internet service,Yes,Electronic check,51.18,493.13,No
CUST00698,Male,0,No,72,Month-to-month,Fiber optic,No internet service,Yes,No,Credit card,45.7,2984.63,No
CUST00699,Male,0,Yes,6,Month-to-month,Fiber optic,No,Yes,Yes,Credit card,81.33,453.17,Yes
CUST00700,Male,0,Yes,6,Month-to-month,DSL,No,Yes,Yes,Credit card,38.22,221.84,No
CUST00701,Male,0,No,8,Month-to-month,Fiber optic,No,Yes,Yes,Electronic check,98.33,711.88,No
CUST00702,Female,0,Yes,16,Month-to-month,DSL,Yes,Yes,Yes,Electronic check,83.8,1251.09,Yes
CUST00703,Female,0,Yes,5,Month-to-month,No,No,No,No,Credit card,65.51,306.39,Yes
CUST00704,Female,0,No,49,Month-to-month,DSL,No,No,Yes,Electronic check,65.01,3025.81,Yes
CUST00705,Female,0,No,6,Two year,Fiber optic,No,No,Yes,Electronic check,51.07,286.88,No
CUST00706,Female,0,Yes,45,Month-to-month,Fiber optic,Yes,No,Yes,Credit card,71.75,3052.5,No
CUST00707,Female,0,No,2,Two year,Fiber optic,Yes,No,No,Electronic check,92.2,176.05,No
CUST00708,Male,0,Yes,21,Month-to-month,Fiber optic,No,Yes,Yes,Mailed check,47.42,909.02,No
CUST00709,Male,0,No,47,One year,DSL,Yes,No,No,Mailed check,26.67,1150.76,No
CUST00710,Male,0,Yes,3,One year,Fiber optic,No internet service,No,No,Credit card,82.58,243.59,No
CUST00711,Female,0,No,69,One year,DSL,Yes,No,No,Electronic check,73.11,4772.07,No
CUST00712,Male,1,No,12,Month-to-month,No,Yes,No,No,Credit card,37.0,415.37,No
CUST00713,Male,1,No,58,Month-to-month,Fiber optic,Yes,Yes,Yes,Bank transfer,46.67,2553.62,No
CUST00714,Male,0,No,22,Month-to-month,No,No internet service,No internet service,Yes,Mailed check,43.52,878.43,Yes
CUST00715,Female,0,Yes,7,Two year,DSL,No,No,No,Electronic check,46.89,303.28,No
CUST00716,Female,0,Yes,4,Two year,DSL,No internet service,No,Yes,Electronic check,56.91,216.61,Yes
CUST00717,Male,0,Yes,7,Two year,DSL,No,Yes,Yes,Bank transfer,58.34,382.2,Yes
CUST00718,Male,0,No,1,Month-to-month,DSL,No internet service,Yes,Yes,Mailed check,48.73,46.17,No
CUST00719,Female,0,No,3,One year,DSL,No internet service,Yes,No,Credit card,46.05,126.4,No
CUST00720,Female,0,No,2,Two year,Fiber optic,No,Yes,Yes,Mailed check,59.28,108.56,No
CUST00721,Male,1,Yes,10,Month-to-month,DSL,No internet service,Yes,Yes,Mailed check,69.19,649.28,Yes
CUST00722,Female,0,No,31,Month-to-month,Fiber optic,No internet service,Yes,No,Mailed check,57.09,1659.86,No
CUST00723,Female,0,No,3,One year,No,No internet service,No,Yes,Credit card,93.97,278.62,No
CUST00724,Male,1,No,2,One year,Fiber optic,No internet service,No,Yes,Mailed check,77.7,140.38,No
CUST00725,Male,0,No,20,Two year,Fiber optic,No,No,Yes,Electronic check,25.23,504.24,No
CUST00726,Male,0,No,4,Month-to-month,Fiber optic,No internet service,No,Yes,Credit card,78.09,311.0,Yes
CUST00727,Female,0,No,2,One year,Fiber optic,No,No,Yes,Bank transfer,80.14,152.94,Yes
CUST00728,Male,0,Yes,3,Month-to-month,DSL,No,No,Yes,Bank transfer,54.13,157.82,No
CUST00729,Male,0,Yes,51,Month-to-month,Fiber optic,Yes,Yes,No,Bank transfer,27.62,1399.5,No
CUST00730,Female,0,No,34,Month-to-month,Fiber optic,No,No internet service,No,Bank transfer,65.2,2050.8,No
CUST00731,Female,0,Yes,8,Two year,No,No,No internet service,Yes,Electronic check,64.81,483.0,Yes
CUST00732,Male,0,No,21,One year,Fiber optic,No,No,No,Electronic check,36.96,707.15,No
CUST00733,Male,0,No,15,Month-to-month,Fiber optic,No internet service,Yes,Yes,Credit card,28.72,412.01,Yes
CUST00734,Male,0,No,22,Month-to-month,Fiber optic,No,No internet service,Yes,Electronic check,62.81,1265.67,No
CUST00735,Female,1,Yes,22,Two year,DSL,No,No internet service,No,Bank transfer,59.17,1292.74,No
CUST00736,Female,0,Yes,19,Month-to-month,Fiber optic,Yes,Yes,Yes,Electronic check,54.57,977.89,Yes
CUST00737,Male,0,Yes,6,Two year,Fiber optic,Yes,Yes,No,Mailed check,62.91,374.43,No
CUST00738,Male,0,Yes,0,Month-to-month,DSL,No,No internet service,Yes,Electronic check,37.43,0.0,Yes
CUST00739,Female,0,No,12,Month-to-month,DSL,No,No,Yes,Mailed check,54.13,629.69,No
CUST00740,Female,0,Yes,44,Month-to-month,DSL,Yes,No internet service,No,Bank transfer,78.33,3325.06,Yes
CUST00741,Male,0,Yes,16,Month-to-month,Fiber optic,Yes,Yes,Yes,Electronic check,56.25,845.97,Yes
CUST00742,Female,1,Yes,35,One year,DSL,No,No internet service,Yes,Mailed check,23.2,803.75,Yes
CUST00743,Female,1,No,72,Month-to-month,Fiber optic,No,Yes,Yes,Credit card,53.18,3612.55,No
CUST00744,Male,1,No,3,Month-to-month,Fiber optic,No,Yes,Yes,Mailed check,38.25,105.55,Yes
CUST00745,Female,0,Yes,23,Two year,Fiber optic,Yes,No internet service,No,Credit card,71.68,1644.85,No
CUST00746,Female,1,No,22,Month-to-month,No,No,Yes,No,Credit card,72.97,1515.68,Yes
CUST00747,Female,0,No,72,Month-to-month,No,Yes,Yes,No,Credit card,23.53,1559.99,No
CUST00748,Female,1,Yes,72,Two year,Fiber optic,No,No internet service,Yes,Credit card,83.98,5661.78,No
CUST00749,Male,1,No,23,One year,DSL,Yes,Yes,Yes,Electronic check,37.2,822.53,Yes
CUST00750,Female,1,Yes,5,Month-to-month,Fiber optic,No internet service,Yes,No,Credit card,103.98,494.53,No
CUST00751,Female,0,Yes,32,Two year,Fiber optic,Yes,No,Yes,Credit card,63.78,1966.49,No
CUST00752,Male,0,No,2,One year,Fiber optic,No,No,Yes,Credit card,33.84,65.39,Yes
CUST00753,Female,0,Yes,30,Month-to-month,Fiber optic,No,No,No,Electronic check,36.45,997.64,Yes
CUST00754,Male,0,Yes,48,Month-to-month,DSL,Yes,No internet service,Yes,Credit card,73.7,3295.23,No
CUST00755,Female,0,Yes,9,One year,Fiber optic,Yes,No,No,Credit card,55.22,484.49,Yes
CUST00756,Female,0,Yes,19,One year,DSL,No,No,Yes,Bank transfer,62.58,1147.45,No
CUST00757,Female,0,No,11,Month-to-month,Fiber optic,No internet service,No,No,Electronic check,105.32,1052.9,Yes
CUST00758,Male,0,Yes,11,Two year,DSL,Yes,No internet service,Yes,Electronic check,47.52,486.92,No
CUST00759,Female,0,Yes,7,One year,Fiber optic,No,No,No,Credit card,66.5,462.3,No
CUST00760,Male,1,No,28,Month-to-month,DSL,No,No internet service,Yes,Mailed check,100.5,2775.17,Yes
CUST00761,Male,0,Yes,55,Month-to-month,Fiber optic,Yes,No internet service,No,Mailed check,71.76,3816.81,No
CUST00762,Female,0,Yes,56,Month-to-month,Fiber optic,Yes,No,Yes,Credit card,24.83,1261.56,No
CUST00763,Female,0,Yes,3,One year,DSL,No internet service,No,No,Electronic check,77.63,223.74,No
CUST00764,Male,0,Yes,41,Month-to-month,Fiber optic,No,No,No,Mailed check,35.92,1327.24,No
CUST00765,Male,0,Yes,26,One year,Fiber optic,Yes,Yes,Yes,Mailed check,100.17,2516.16,No
CUST00766,Male,0,Yes,5,One year,Fiber optic,No,Yes,Yes,Electronic check,44.43,216.18,No
CUST00767,Male,1,Yes,1,Two year,Fiber optic,Yes,No internet service,No,Electronic check,120.0,113.97,No
CUST00768,Male,0,No,6,Month-to-month,Fiber optic,No,No,Yes,Electronic check,101.68,549.3,Yes
CUST00769,Male,0,Yes,48,Two year,Fiber optic,Yes,No,No,Electronic check,45.08,2091.7,No
CUST00770,Male,0,No,20,Month-to-month,Fiber optic,No internet service,No,Yes,Bank transfer,65.5,1286.39,Yes
CUST00771,Male,0,Yes,25,Two year,Fiber optic,No,No,No,Credit card,83.84,2009.2,No
CUST00772,Male,0,No,5,Month-to-month,Fiber optic,No internet service,Yes,Yes,Mailed check,84.59,410.65,No
CUST00773,Female,0,No,25,Month-to-month,DSL,No,No,No,Electronic check,76.06,1728.52,No
CUST00774,Male,0,Yes,0,One year,DSL,No,No,Yes,Electronic check,96.3,0.0,No
CUST00775,Male,0,No,9,Month-to-month,DSL,No internet service,No internet service,Yes,Credit card,61.93,535.87,Yes
CUST00776,Male,0,No,19,Month-to-month,DSL,No,No,Yes,Credit card,55.83,989.81,No
CUST00777,Male,0,Yes,3,One year,Fiber optic,No,No internet service,No,Electronic check,56.33,163.67,No
CUST00778,Female,1,No,34,One year,Fiber optic,Yes,No,Yes,Electronic check,86.46,2835.45,No
CUST00779,Male,0,Yes,5,One year,DSL,No internet service,No internet service,Yes,Bank transfer,74.13,355.8,No
CUST00780,Female,1,Yes,21,One year,No,Yes,No internet service,No,Credit card,72.28,1393.86,No
CUST00781,Female,0,No,10,Month-to-month,Fiber optic,No,No,Yes,Mailed check,84.88,789.06,No
CUST00782,Female,0,Yes,18,Month-to-month,No,No,No,No,Bank transfer,18.0,323.72,No
CUST00783,Female,0,No,2,Month-to-month,Fiber optic,Yes,No,No,Bank transfer,72.75,137.25,Yes
CUST00784,Male,0,No,0,Month-to-month,Fiber optic,Yes,No,Yes,Credit card,70.46,0.0,No
CUST00785,Female,0,No,48,Two year,DSL,No internet service,No,Yes,Electronic check,106.72,5070.82,No
CUST00786,Male,0,Yes,6,One year,DSL,No,No,No,Credit card,26.79,147.45,No
CUST00787,Male,0,No,34,Month-to-month,DSL,No,No,Yes,Mailed check,103.93,3322.85,No
CUST00788,Male,0,Yes,72,Month-to-month,Fiber optic,No,No,No,Bank transfer,66.89,4468.36,No
CUST00789,Female,1,Yes,4,Two year,DSL,Yes,Yes,Yes,Bank transfer,77.22,307.76,No
CUST00790,Female,1,No,6,Month-to-month,Fiber optic,No,Yes,Yes,Mailed check,106.9,601.51,No
CUST00791,Male,0,No,21,One year,DSL,No,Yes,Yes,Bank transfer,79.02,1611.08,No
CUST00792,Female,0,Yes,67,Month-to-month,No,No,Yes,No,Mailed check,75.01,4823.83,No
CUST00793,Female,0,No,49,One year,DSL,No,No,No,Electronic check,71.06,3148.71,No
CUST00794,Female,0,Yes,13,Month-to-month,DSL,No internet service,No internet service,Yes,Mailed check,52.91,645.48,Yes
CUST00795,Male,0,No,31,Two year,DSL,Yes,No,No,Mailed check,64.29,1871.42,No
CUST00796,Female,0,No,2,Two year,Fiber optic,Yes,Yes,Yes,Electronic check,47.11,94.12,No
CUST00797,Male,1,No,72,One year,DSL,No internet service,No,No,Credit card,63.89,4513.57,No
CUST00798,Female,0,Yes,66,One year,Fiber optic,No,No internet service,No,Electronic check,18.0,1170.97,No
CUST00799,Female,0,No,3,Two year,DSL,No,No,No,Mailed check,75.73,211.59,Yes
CUST00800,Female,0,Yes,7,One year,Fiber optic,No,No internet service,Yes,Electronic check,61.96,404.62,Yes
CUST00801,Male,0,No,2,Month-to-month,No,No,Yes,Yes,Mailed check,56.59,107.7,Yes
CUST00802,Female,0,Yes,6,One year,DSL,Yes,Yes,No,Electronic check,70.49,407.33,No
CUST00803,Male,0,Yes,33,One year,No,No,No,Yes,Mailed check,29.16,936.13,No
CUST00804,Male,0,Yes,9,Month-to-month,No,Yes,No,Yes,Electronic check,113.23,1000.81,No
CUST00805,Female,1,Yes,1,One year,DSL,Yes,No,No,Electronic check,62.43,61.64,No
CUST00806,Female,0,No,8,Two year,DSL,Yes,No internet service,No,Credit card,61.35,442.93,No
CUST00807,Male,0,Yes,72,Two year,Fiber optic,No,Yes,Yes,Bank transfer,40.87,2882.64,Yes
CUST00808,Male,1,No,19,Month-to-month,Fiber optic,Yes,No,Yes,Electronic check,65.6,1197.89,No
CUST00809,Female,0,No,10,Month-to-month,Fiber optic,No internet service,No,Yes,Electronic check,99.67,950.06,No
CUST00810,Female,0,Yes,3,Two year,Fiber optic,No,No internet service,No,Credit card,90.9,262.57,No
CUST00811,Female,0,No,72,Two year,Fiber optic,No,No,No,Electronic check,86.36,6144.51,Yes
CUST00812,Male,1,No,34,Month-to-month,DSL,No,Yes,No,Credit card,78.66,2552.83,No
CUST00813,Female,0,No,6,Two year,No,No internet service,No,No,Mailed check,56.04,308.07,No
CUST00814,Female,0,No,1,Two year,Fiber optic,No,No internet service,No,Electronic check,28.75,27.13,No
CUST00815,Male,0,Yes,1,Month-to-month,Fiber optic,Yes,Yes,Yes,Bank transfer,59.97,59.52,No
CUST00816,Male,0,No,2,One year,No,Yes,Yes,Yes,Credit card,59.1,116.01,No
CUST00817,Female,0,Yes,17,Month-to-month,Fiber optic,No internet service,No,No,Mailed check,91.22,1427.15,No
CUST00818,Male,0,Yes,52,Month-to-month,DSL,Yes,No,Yes,Mailed check,72.73,3673.85,No
CUST00819,Male,1,No,13,Month-to-month,Fiber optic,Yes,No,No,Mailed check,105.31,1267.21,No
CUST00820,Female,0,Yes,37,Two year,Fiber optic,No,Yes,No,Credit card,94.94,3283.94,No
CUST00821,Female,1,No,11,Month-to-month,DSL,Yes,No,Yes,Bank transfer,53.59,558.18,No
CUST00822,Male,0,Yes,24,Month-to-month,No,No internet service,Yes,Yes,Electronic check,20.12,455.88,No
CUST00823,Male,0,Yes,26,Month-to-month,DSL,No internet service,Yes,Yes,Electronic check,99.64,2339.16,No
CUST00824,Female,1,Yes,3,Month-to-month,Fiber optic,No,No,No,Electronic check,98.98,290.23,Yes
CUST00825,Female,0,No,8,Two year,Fiber optic,No internet service,No,No,Electronic check,30.84,242.93,Yes
CUST00826,Male,0,Yes,20,Month-to-month,DSL,No,No,Yes,Electronic check,102.73,1958.23,No
CUST00827,Male,0,Yes,1,Month-to-month,No,No,Yes,No,Bank transfer,74.55,68.38,No
CUST00828,Female,0,No,8,One year,No,No,No,No,Electronic check,69.02,510.63,Yes
CUST00829,Female,0,Yes,15,Month-to-month,Fiber optic,Yes,No,Yes,Mailed check,105.37,1442.46,Yes
CUST00830,Male,0,Yes,72,Month-to-month,DSL,No internet service,No,Yes,Bank transfer,98.62,6510.94,No
CUST00831,Male,0,No,12,Month-to-month,DSL,No internet service,No,Yes,Electronic check,81.28,963.3,No
CUST00832,Female,0,No,33,Month-to-month,Fiber optic,No internet service,Yes,Yes,Electronic check,76.83,2403.59,Yes
CUST00833,Female,0,Yes,11,Month-to-month,DSL,No,Yes,Yes,Electronic check,80.41,805.88,No
CUST00834,Female,0,No,31,Month-to-month,Fiber optic,No,No internet service,Yes,Electronic check,55.0,1577.93,Yes
CUST00835,Female,0,Yes,18,Month-to-month,No,Yes,No,No,Credit card,63.62,1139.38,Yes
CUST00836,Male,0,Yes,43,Two year,Fiber optic,Yes,No,Yes,Bank transfer,42.44,1735.36,No
CUST00837,Male,0,No,10,Month-to-month,No,Yes,No internet service,Yes,Electronic check,56.67,539.25,No
CUST00838,Female,1,No,18,One year,Fiber optic,Yes,No,Yes,Mailed check,55.83,957.27,No
CUST00839,Female,0,Yes,19,One year,Fiber optic,No,No,No,Electronic check,49.12,850.37,No
CUST00840,Male,0,Yes,10,Month-to-month,No,No,No,No,Bank transfer,68.42,682.17,No
CUST00841,Female,0,Yes,3,One year,Fiber optic,No,Yes,No,Mailed check,56.9,155.07,No
CUST00842,Male,0,Yes,1,Month-to-month,No,No,No internet service,No,Mailed check,77.56,75.23,Yes
CUST00843,Female,0,No,0,Two year,DSL,No,No internet service,No,Electronic check,24.44,0.0,Yes
CUST00844,Female,0,No,41,Month-to-month,DSL,No,Yes,Yes,Electronic check,62.17,2407.14,No
CUST00845,Male,0,Yes,5,Month-to-month,No,No internet service,No internet service,No,Bank transfer,68.29,338.02,Yes
CUST00846,Male,0,No,4,Month-to-month,Fiber optic,No,No,Yes,Credit card,57.23,223.62,Yes
CUST00847,Male,0,No,26,Two year,No,Yes,No,No,Credit card,60.69,1472.96,No
CUST00848,Female,0,Yes,7,Month-to-month,No,No,Yes,Yes,Electronic check,25.37,169.62,No
CUST00849,Female,0,No,14,One year,DSL,No,No,No,Bank transfer,73.91,948.37,No
CUST00850,Male,0,No,3,Month-to-month,Fiber optic,No,Yes,Yes,Bank transfer,81.19,242.5,No
CUST00851,Male,1,Yes,64,One year,Fiber optic,No internet service,No,Yes,Credit card,77.34,4805.56,Yes
CUST00852,Female,0,No,38,Month-to-month,Fiber optic,Yes,Yes,Yes,Electronic check,90.97,3240.56,No
CUST00853,Male,0,No,39,Two year,Fiber optic,No,No,No,Bank transfer,70.04,2545.25,No
CUST00854,Female,0,Yes,10,Month-to-month,DSL,Yes,No,Yes,Electronic check,76.97,711.1,No
CUST00855,Male,0,Yes,28,Month-to-month,Fiber optic,No,No internet service,Yes,Bank transfer,68.9,1888.02,No
CUST00856,Male,0,No,3,Month-to-month,Fiber optic,No,Yes,Yes,Mailed check,82.19,232.63,Yes
CUST00857,Female,0,No,0,Month-to-month,DSL,Yes,No internet service,Yes,Bank transfer,25.57,0.0,No
CUST00858,Female,0,No,0,One year,No,Yes,No,Yes,Credit card,42.66,0.0,No
CUST00859,Male,0,Yes,17,Month-to-month,Fiber optic,No,No internet service,Yes,Mailed check,104.67,1628.18,No
CUST00860,Female,0,No,12,One year,No,No internet service,No,No,Mailed check,18.0,200.1,No
CUST00861,Female,1,Yes,14,Month-to-month,DSL,No,No internet service,No,Electronic check,61.5,804.58,Yes
CUST00862,Female,0,Yes,0,Month-to-month,DSL,Yes,No,Yes,Mailed check,94.31,0.0,Yes
CUST00863,Male,0,Yes,10,Month-to-month,Fiber optic,No,No,Yes,Mailed check,62.67,600.72,Yes
CUST00864,Male,0,No,25,Month-to-month,DSL,No,No,Yes,Electronic check,54.87,1317.02,No
CUST00865,Female,0,Yes,11,One year,No,No,No internet service,Yes,Credit card,68.24,679.69,No
CUST00866,Female,0,Yes,26,Month-to-month,DSL,No,No internet service,No,Electronic check,56.17,1335.49,No
CUST00867,Male,0,Yes,5,Month-to-month,Fiber optic,No,No,Yes,Bank transfer,65.77,302.49,Yes
CUST00868,Female,1,Yes,33,Two year,Fiber optic,No internet service,Yes,No,Credit card,47.92,1434.35,No
CUST00869,Male,0,Yes,17,Two year,Fiber optic,Yes,No,Yes,Credit card,92.72,1438.28,No
CUST00870,Male,0,No,4,Month-to-month,DSL,No internet service,No internet service,Yes,Credit card,100.58,371.73,Yes
CUST00871,Male,0,No,5,Month-to-month,Fiber optic,No internet service,Yes,No,Electronic check,61.67,288.17,Yes
CUST00872,Male,0,No,19,One year,Fiber optic,No,No internet service,Yes,Credit card,30.34,564.43,No
CUST00873,Male,1,Yes,35,Month-to-month,DSL,Yes,Yes,Yes,Electronic check,51.9,1674.43,Yes
CUST00874,Female,0,Yes,10,Month-to-month,No,No internet service,No internet service,Yes,Credit card,60.4,584.07,No
CUST00875,Female,1,No,5,Month-to-month,DSL,No,No,Yes,Bank transfer,77.64,351.63,Yes
CUST00876,Female,0,Yes,40,One year,Fiber optic,Yes,No,Yes,Credit card,39.8,1537.59,No
CUST00877,Male,0,No,22,One year,Fiber optic,No,No,No,Electronic check,45.77,986.27,No
CUST00878,Male,1,No,11,Month-to-month,DSL,No,No,No,Bank transfer,77.77,821.66,No
CUST00879,Female,0,No,13,Month-to-month,No,Yes,No,No,Credit card,88.47,1058.26,No
CUST00880,Female,0,Yes,4,Month-to-month,Fiber optic,No,No internet service,Yes,Credit card,49.46,184.59,No
CUST00881,Male,0,Yes,19,One year,DSL,No,No,No,Electronic check,31.67,590.01,No
CUST00882,Male,0,Yes,8,Month-to-month,Fiber optic,No internet service,No,No,Credit card,120.0,905.47,Yes
CUST00883,Female,0,No,72,Month-to-month,Fiber optic,No,No internet service,Yes,Electronic check,84.58,5636.22,No
CUST00884,Female,0,No,13,One year,Fiber optic,No,No,Yes,Bank transfer,58.32,753.06,No
CUST00885,Male,0,No,13,Month-to-month,Fiber optic,No,No internet service,No,Bank transfer,86.73,1086.6,No
CUST00886,Male,0,Yes,16,One year,DSL,Yes,No internet service,No,Electronic check,61.89,971.0,No
CUST00887,Male,1,No,49,Month-to-month,DSL,No,No internet service,Yes,Electronic check,86.68,3832.99,No
CUST00888,Male,0,No,32,Month-to-month,No,No,Yes,Yes,Credit card,68.98,2061.53,No
CUST00889,Male,0,Yes,11,Month-to-month,DSL,No internet service,No,No,Mailed check,67.28,700.03,No
CUST00890,Female,0,Yes,25,One year,No,No,No,Yes,Electronic check,62.16,1489.89,No
CUST00891,Male,0,No,17,Two year,DSL,No,No,Yes,Bank transfer,28.82,450.25,No
CUST00892,Female,0,No,13,Two year,No,Yes,No,No,Credit card,113.45,1400.81,No
CUST00893,Male,0,Yes,4,Month-to-month,Fiber optic,No internet service,No internet service,Yes,Bank transfer,41.46,160.63,Yes
CUST00894,Male,0,Yes,12,One year,Fiber optic,No,No,No,Electronic check,31.0,347.67,No
CUST00895,Male,0,No,5,Month-to-month,DSL,No internet service,No,No,Electronic check,59.68,289.19,No
CUST00896,Male,0,Yes,49,Month-to-month,DSL,No,Yes,Yes,Bank transfer,40.96,1884.54,Yes
CUST00897,Male,0,Yes,8,Two year,DSL,Yes,Yes,Yes,Bank transfer,63.71,482.64,No
CUST00898,Male,0,No,60,Month-to-month,DSL,No internet service,No,Yes,Bank transfer,82.19,4504.49,No
CUST00899,Female,0,No,15,Month-to-month,DSL,No,Yes,Yes,Credit card,89.88,1301.18,Yes
CUST00900,Male,0,No,19,Month-to-month,Fiber optic,No,Yes,No,Mailed check,85.37,1496.21,No
CUST00901,Male,0,Yes,15,Month-to-month,Fiber optic,Yes,No,Yes,Electronic check,57.36,845.67,No
CUST00902,Male,0,No,2,Month-to-month,Fiber optic,No internet service,Yes,No,Credit card,66.24,126.56,No
CUST00903,Male,0,No,9,One year,Fiber optic,No,Yes,No,Mailed check,75.2,647.04,No
CUST00904,Male,1,No,2,Month-to-month,Fiber optic,No,No internet service,Yes,Bank transfer,21.06,41.75,Yes
CUST00905,Male,0,Yes,19,Two year,Fiber optic,No internet service,No internet service,No,Credit card,79.26,1380.56,No
CUST00906,Male,0,Yes,11,Two year,Fiber optic,No,No,No,Credit card,28.57,299.51,No
CUST00907,Female,0,Yes,30,Month-to-month,Fiber optic,Yes,No,No,Bank transfer,116.01,3265.29,Yes
CUST00908,Female,0,No,4,Month-to-month,No,No,No internet service,Yes,Electronic check,54.89,218.82,Yes
CUST00909,Female,0,No,3,Month-to-month,DSL,No,Yes,No,Credit card,60.38,177.39,Yes
CUST00910,Female,1,Yes,10,One year,DSL,No internet service,No,No,Bank transfer,45.76,446.5,Yes
CUST00911,Female,0,Yes,52,Month-to-month,Fiber optic,Yes,No,No,Mailed check,49.25,2357.18,No
CUST00912,Female,0,Yes,24,One year,DSL,No,No,Yes,Bank transfer,120.0,2660.35,Yes
CUST00913,Female,0,Yes,10,Month-to-month,No,No,No internet service,Yes,Mailed check,88.51,799.17,Yes
CUST00914,Female,0,No,14,One year,No,Yes,No,Yes,Credit card,26.27,354.49,Yes
CUST00915,Male,0,No,1,Month-to-month,DSL,Yes,No,Yes,Mailed check,102.61,96.15,No
CUST00916,Female,0,Yes,72,Month-to-month,DSL,No,No,Yes,Credit card,94.83,6358.04,No
CUST00917,Female,1,Yes,21,Two year,Fiber optic,No,No internet service,Yes,Credit card,57.97,1173.18,No
CUST00918,Female,0,Yes,6,One year,Fiber optic,No,No internet service,No,Credit card,72.67,428.55,Yes
CUST00919,Female,0,No,17,Month-to-month,DSL,No internet service,No,Yes,Bank transfer,64.63,1003.46,No
CUST00920,Male,1,Yes,2,Two year,Fiber optic,No,No internet service,Yes,Credit card,114.31,226.76,Yes
CUST00921,Female,0,No,67,Month-to-month,Fiber optic,No,Yes,No,Mailed check,45.09,2729.28,No
CUST00922,Male,0,No,3,Two year,DSL,Yes,No,Yes,Electronic check,68.65,187.31,No
CUST00923,Female,0,No,20,One year,DSL,Yes,Yes,No,Credit card,54.3,1068.42,No
CUST00924,Female,1,No,5,Month-to-month,Fiber optic,No,Yes,Yes,Mailed check,29.17,138.45,Yes
CUST00925,Male,0,No,25,Month-to-month,DSL,No,No,Yes,Electronic check,119.79,2976.56,No
CUST00926,Male,0,Yes,29,Month-to-month,No,No,No internet service,Yes,Electronic check,35.46,972.98,Yes
CUST00927,Male,0,No,22,Month-to-month,Fiber optic,No,No,No,Electronic check,70.5,1539.54,Yes
CUST00928,Female,0,No,19,One year,Fiber optic,No,No,No,Bank transfer,21.48,377.09,No
CUST00929,Male,0,Yes,44,Month-to-month,No,Yes,Yes,No,Bank transfer,55.02,2328.03,Yes
CUST00930,Male,1,Yes,1,Month-to-month,No,No,No,Yes,Electronic check,75.55,75.51,Yes
CUST00931,Male,0,Yes,8,Two year,Fiber optic,No,No,No,Credit card,44.38,332.89,No
CUST00932,Male,0,Yes,5,Two year,DSL,No,No,No,Electronic check,79.67,358.57,No
CUST00933,Male,0,Yes,72,Month-to-month,Fiber optic,No,No,Yes,Credit card,58.27,3802.77,No
CUST00934,Male,1,No,9,Month-to-month,Fiber optic,No,No,No,Mailed check,94.0,834.08,No
CUST00935,Male,0,No,26,Month-to-month,DSL,No,No,No,Bank transfer,99.04,2444.2,No
CUST00936,Female,1,No,23,Month-to-month,No,No,No,Yes,Mailed check,50.33,1103.96,No
CUST00937,Male,1,No,4,Two year,DSL,No,Yes,Yes,Electronic check,66.92,262.31,No
CUST00938,Female,1,No,5,Month-to-month,DSL,No,No,No,Credit card,69.59,341.39,No
CUST00939,Male,1,No,6,One year,DSL,No,No,Yes,Electronic check,80.48,457.65,No
CUST00940,Female,1,Yes,10,Month-to-month,Fiber optic,Yes,No,No,Credit card,65.36,644.32,No
CUST00941,Male,0,No,5,One year,Fiber optic,No internet service,No,Yes,Bank transfer,69.76,330.26,No
CUST00942,Male,0,Yes,0,One year,DSL,No,No internet service,Yes,Mailed check,58.91,0.0,No
CUST00943,Female,0,No,42,Two year,DSL,Yes,No,Yes,Bank transfer,67.88,2575.38,No
CUST00944,Female,0,No,67,Month-to-month,DSL,No,No,No,Electronic check,97.45,5966.34,No
CUST00945,Female,0,No,8,Month-to-month,Fiber optic,No,No,Yes,Mailed check,81.15,639.55,Yes
CUST00946,Male,0,Yes,8,Month-to-month,DSL,No,No,Yes,Credit card,82.53,614.89,No
CUST00947,Female,0,Yes,0,Two year,No,No,Yes,Yes,Electronic check,83.08,0.0,No
CUST00948,Male,1,Yes,22,Two year,DSL,Yes,No,No,Bank transfer,61.15,1299.96,No
CUST00949,Male,0,Yes,34,One year,No,No,Yes,No,Mailed check,72.97,2379.89,No
CUST00950,Male,0,No,3,One year,DSL,Yes,Yes,No,Bank transfer,37.87,103.18,No
CUST00951,Male,0,Yes,3,One year,Fiber optic,No,No,No,Electronic check,96.72,283.36,Yes
CUST00952,Male,0,No,31,Month-to-month,DSL,No,No,Yes,Mailed check,18.0,536.64,No
CUST00953,Male,0,Yes,19,Two year,DSL,No,No,Yes,Credit card,62.82,1176.31,No
CUST00954,Male,1,No,0,Month-to-month,No,No,No,Yes,Electronic check,93.52,0.0,Yes
CUST00955,Female,0,Yes,19,Month-to-month,No,No,No internet service,No,Bank transfer,30.9,552.72,No
CUST00956,Male,0,Yes,7,Month-to-month,Fiber optic,No,No,No,Bank transfer,74.99,491.93,No
CUST00957,Male,0,No,9,Month-to-month,Fiber optic,Yes,No internet service,No,Bank transfer,47.98,388.83,No
CUST00958,Male,0,No,29,Month-to-month,Fiber optic,Yes,No,No,Bank transfer,55.78,1462.29,Yes
CUST00959,Female,0,Yes,33,One year,No,Yes,No,No,Mailed check,88.65,2671.29,No
CUST00960,Female,0,No,10,Month-to-month,DSL,No,Yes,Yes,Electronic check,69.95,694.57,Yes
CUST00961,Female,1,No,58,One year,Fiber optic,No internet service,No,Yes,Credit card,18.0,1031.54,No
CUST00962,Male,0,No,10,Month-to-month,Fiber optic,No,No,No,Credit card,40.59,385.49,No
CUST00963,Male,0,No,29,Month-to-month,Fiber optic,No,No,No,Electronic check,89.38,2379.53,Yes
CUST00964,Female,1,No,13,Month-to-month,No,No,No,Yes,Mailed check,76.22,906.25,Yes
CUST00965,Male,1,No,45,Month-to-month,DSL,No,No,No,Bank transfer,108.7,4527.64,No
CUST00966,Female,0,No,47,One year,DSL,No,No,Yes,Credit card,107.07,4986.36,No
CUST00967,Female,0,No,1,Month-to-month,Fiber optic,Yes,No,Yes,Credit card,56.44,53.74,No
CUST00968,Male,0,No,55,One year,Fiber optic,No internet service,Yes,No,Credit card,120.0,6470.67,No
CUST00969,Female,0,No,34,Month-to-month,DSL,Yes,Yes,No,Electronic check,65.61,2120.71,Yes
CUST00970,Male,0,Yes,31,One year,Fiber optic,No,No,Yes,Credit card,40.93,1219.28,No
CUST00971,Female,0,Yes,4,Two year,No,No,Yes,Yes,Credit card,49.16,188.97,No
CUST00972,Male,0,No,32,One year,DSL,No internet service,Yes,No,Mailed check,18.0,520.21,No
CUST00973,Female,0,No,37,Month-to-month,Fiber optic,No internet service,No internet service,Yes,Mailed check,105.18,3675.78,Yes
CUST00974,Female,0,Yes,6,Month-to-month,Fiber optic,No internet service,Yes,Yes,Mailed check,104.87,620.67,Yes
CUST00975,Male,1,Yes,60,Month-to-month,Fiber optic,No,No,Yes,Bank transfer,39.61,2255.18,No
CUST00976,Female,0,No,1,One year,No,No,No internet service,Yes,Electronic check,59.3,55.95,No
CUST00977,Female,0,Yes,3,Month-to-month,Fiber optic,Yes,No,No,Electronic check,67.39,192.6,Yes
CUST00978,Female,0,Yes,15,Month-to-month,Fiber optic,No,No,Yes,Electronic check,40.99,576.78,No
CUST00979,Male,0,Yes,17,One year,Fiber optic,No internet service,No internet service,Yes,Mailed check,21.12,341.64,No
CUST00980,Female,0,No,20,Month-to-month,Fiber optic,No,No internet service,No,Electronic check,59.74,1091.49,Yes
CUST00981,Male,0,Yes,0,One year,Fiber optic,Yes,No,No,Bank transfer,56.97,0.0,No
CUST00982,Female,0,No,64,Month-to-month,No,Yes,No,Yes,Electronic check,55.29,3196.78,No
CUST00983,Female,0,No,0,Month-to-month,Fiber optic,No,No,Yes,Credit card,70.57,0.0,No
CUST00984,Female,0,No,3,One year,DSL,Yes,No internet service,No,Credit card,100.74,278.34,No
CUST00985,Male,0,Yes,0,Month-to-month,DSL,No,No internet service,Yes,Credit card,57.42,0.0,No
CUST00986,Female,0,Yes,16,One year,DSL,No,No internet service,Yes,Bank transfer,69.26,1069.56,Yes
CUST00987,Male,0,No,53,Month-to-month,DSL,No,No,Yes,Electronic check,83.17,4401.48,No
CUST00988,Female,0,No,21,Month-to-month,No,Yes,No,No,Mailed check,78.85,1614.39,Yes
CUST00989,Male,0,Yes,34,Two year,Fiber optic,No internet service,No,No,Electronic check,49.64,1561.86,No
CUST00990,Female,0,Yes,0,One year,Fiber optic,No,Yes,No,Credit card,67.41,0.0,Yes
CUST00991,Female,0,No,15,One year,Fiber optic,No,No,No,Electronic check,78.69,1068.19,No
CUST00992,Female,0,No,12,Month-to-month,No,No,Yes,No,Bank transfer,36.79,420.8,Yes
CUST00993,Female,0,Yes,13,One year,Fiber optic,No,No,Yes,Credit card,96.59,1142.59,No
CUST00994,Male,0,Yes,1,Month-to-month,No,No internet service,No internet service,Yes,Credit card,100.79,98.72,No
CUST00995,Female,0,Yes,23,Month-to-month,Fiber optic,No internet service,Yes,No,Bank transfer,46.93,977.57,No
CUST00996,Male,1,Yes,13,Two year,No,Yes,No internet service,No,Bank transfer,69.84,817.98,No
CUST00997,Male,0,Yes,28,Month-to-month,Fiber optic,Yes,Yes,Yes,Mailed check,81.06,2238.26,Yes
CUST00998,Male,0,No,13,Two year,DSL,No,No internet service,Yes,Bank transfer,51.36,663.84,No
CUST00999,Female,1,No,3,Month-to-month,Fiber optic,Yes,No,No,Electronic check,77.04,210.01,Yes
CUST01000,Male,0,Yes,20,Month-to-month,Fiber optic,No internet service,Yes,Yes,Credit card,69.08,1281.98,No
CUST01001,Male,0,No,3,Month-to-month,DSL,No,No,Yes,Mailed check,28.3,82.71,No
CUST01002,Male,0,No,41,Two year,Fiber optic,No,No internet service,Yes,Electronic check,76.48,2991.33,No
CUST01003,Male,0,No,18,One year,DSL,No,No,Yes,Credit card,37.5,671.57,No
CUST01004,Male,0,No,3,Two year,DSL,No,No,Yes,Mailed check,88.48,249.23,No
CUST01005,Female,0,No,65,One year,No,Yes,No internet service,Yes,Credit card,48.22,2821.91,No
CUST01006,Female,0,No,14,One year,Fiber optic,No internet service,Yes,No,Credit card,60.97,769.91,No
CUST01007,Female,0,Yes,1,Two year,No,Yes,No internet service,Yes,Credit card,99.31,94.99,No
CUST01008,Female,0,Yes,19,Month-to-month,Fiber optic,No internet service,No,No,Electronic check,77.41,1434.33,Yes
CUST01009,Female,0,No,5,Month-to-month,Fiber optic,Yes,No,Yes,Electronic check,38.01,186.07,Yes
CUST01010,Male,1,No,32,Month-to-month,Fiber optic,No,Yes,Yes,Credit card,39.63,1256.94,Yes
CUST01011,Female,0,Yes,34,Two year,Fiber optic,Yes,No,No,Credit card,50.02,1569.57,No
CUST01012,Female,0,No,72,Two year,No,No,Yes,No,Mailed check,74.87,5249.62,No
CUST01013,Male,0,Yes,13,Month-to-month,DSL,No,No,No,Mailed check,73.96,944.86,No
CUST01014,Female,0,No,12,One year,No,Yes,No,Yes,Electronic check,43.92,518.41,No
CUST01015,Female,0,Yes,28,Two year,No,No,No,Yes,Credit card,35.82,943.94,No
CUST01016,Male,1,No,2,Month-to-month,Fiber optic,No,No,No,Electronic check,72.04,138.69,No
CUST01017,Female,0,Yes,15,One year,No,No,No,Yes,Electronic check,60.45,866.09,No
CUST01018,Female,0,No,15,Two year,Fiber optic,No,No,No,Bank transfer,118.93,1712.14,No
CUST01019,Female,0,Yes,1,Month-to-month,No,No,No internet service,Yes,Electronic check,65.92,61.19,Yes
CUST01020,Female,0,No,10,One year,Fiber optic,Yes,No,No,Credit card,110.36,1068.64,No
CUST01021,Male,0,Yes,38,Month-to-month,DSL,Yes,Yes,No,Electronic check,35.74,1318.74,Yes
CUST01022,Female,0,No,38,Two year,No,No,No,Yes,Electronic check,25.67,897.03,No
CUST01023,Female,1,Yes,2,Two year,Fiber optic,No internet service,No,Yes,Mailed check,37.0,69.88,No
CUST01024,Female,0,No,1,Two year,Fiber optic,No internet service,Yes,No,Mailed check,94.73,89.26,No
CUST01025,Male,1,No,6,Month-to-month,Fiber optic,No,Yes,No,Electronic check,108.9,637.0,Yes
CUST01026,Female,0,No,41,Two year,DSL,No internet service,No internet service,Yes,Mailed check,45.45,1801.3,No
CUST01027,Female,0,Yes,2,Two year,Fiber optic,No internet service,No,Yes,Mailed check,53.49,101.38,No
CUST01028,Female,0,No,25,Month-to-month,No,Yes,No,Yes,Credit card,35.78,863.42,No
CUST01029,Female,1,Yes,2,Two year,DSL,Yes,No internet service,Yes,Electronic check,19.71,36.51,Yes
CUST01030,Male,0,Yes,19,Month-to-month,DSL,No,Yes,Yes,Credit card,82.96,1455.24,Yes
CUST01031,Male,0,Yes,8,One year,DSL,Yes,No,No,Bank transfer,70.58,521.72,No
CUST01032,Male,1,Yes,31,Month-to-month,Fiber optic,No,No,Yes,Electronic check,65.26,1826.72,No
CUST01033,Male,0,No,5,Month-to-month,Fiber optic,No,Yes,No,Electronic check,30.0,145.37,No
CUST01034,Male,0,Yes,20,Month-to-month,Fiber optic,No,Yes,No,Mailed check,106.0,2117.0,No
CUST01035,Male,0,Yes,5,One year,No,Yes,No,Yes,Electronic check,52.42,243.99,No
CUST01036,Female,0,No,25,Month-to-month,Fiber optic,No,Yes,Yes,Electronic check,78.34,1944.76,No
CUST01037,Female,1,No,41,One year,DSL,No,No,No,Electronic check,28.64,1128.04,Yes
CUST01038,Female,0,No,2,Month-to-month,No,No,No internet service,Yes,Bank transfer,60.24,111.14,Yes
CUST01039,Female,0,No,40,Month-to-month,Fiber optic,No internet service,No,Yes,Bank transfer,72.28,2605.51,No
CUST01040,Male,0,No,18,Month-to-month,Fiber optic,Yes,No,No,Electronic check,73.18,1280.85,No
CUST01041,Female,0,No,2,One year,Fiber optic,No,Yes,Yes,Mailed check,68.87,133.56,No
CUST01042,Male,0,No,11,Month-to-month,No,No,No,Yes,Credit card,77.36,785.37,Yes
CUST01043,Male,0,No,3,One year,Fiber optic,No internet service,No,Yes,Electronic check,36.74,102.87,No
CUST01044,Female,0,Yes,24,Two year,Fiber optic,Yes,No internet service,No,Credit card,69.93,1661.21,Yes
CUST01045,Male,0,No,28,One year,Fiber optic,No,No internet service,Yes,Bank transfer,67.84,1739.43,No
CUST01046,Female,0,No,2,Month-to-month,DSL,No internet service,No,Yes,Credit card,70.79,139.25,Yes
CUST01047,Male,0,Yes,14,Month-to-month,Fiber optic,No,Yes,Yes,Electronic check,66.81,857.63,No
CUST01048,Male,0,No,33,Two year,Fiber optic,Yes,No internet service,No,Credit card,33.17,1037.88,No
CUST01049,Male,0,No,55,Month-to-month,DSL,No,No,No,Bank transfer,32.06,1674.95,No
CUST01050,Female,0,No,14,Two year,DSL,Yes,No,Yes,Bank transfer,18.0,238.7,No
CUST01051,Female,1,Yes,60,Month-to-month,DSL,No,No,No,Mailed check,85.44,4761.36,No
CUST01052,Female,0,No,15,Two year,Fiber optic,No internet service,No,Yes,Electronic check,85.69,1189.38,No
CUST01053,Male,0,Yes,10,One year,No,No,No internet service,Yes,Credit card,86.09,837.93,No
CUST01054,Male,0,Yes,37,Two year,No,Yes,Yes,No,Bank transfer,72.67,2494.03,No
CUST01055,Male,0,No,13,Month-to-month,DSL,No,No internet service,Yes,Electronic check,18.0,224.87,No
CUST01056,Male,0,No,12,One year,Fiber optic,No,Yes,No,Electronic check,39.33,464.72,No
CUST01057,Female,0,No,13,Month-to-month,No,No,No internet service,No,Electronic check,69.26,885.71,No
CUST01058,Female,0,No,37,Month-to-month,DSL,No,No,Yes,Bank transfer,68.39,2319.68,No
CUST01059,Female,0,No,35,One year,Fiber optic,No,Yes,No,Bank transfer,59.43,2008.23,No
CUST01060,Male,0,No,10,Two year,Fiber optic,No,Yes,Yes,Mailed check,74.22,712.68,Yes
CUST01061,Female,0,Yes,8,Two year,DSL,No internet service,No,Yes,Electronic check,65.29,484.82,No
CUST01062,Male,0,No,13,One year,No,No internet service,Yes,No,Mailed check,68.02,830.45,No
CUST01063,Male,0,No,17,Month-to-month,No,Yes,No,No,Mailed check,49.02,773.77,Yes
CUST01064,Male,0,No,5,Month-to-month,DSL,Yes,Yes,Yes,Electronic check,89.55,427.02,No
CUST01065,Female,0,Yes,31,One year,DSL,No,Yes,No,Electronic check,54.23,1648.12,No
CUST01066,Male,0,Yes,13,Month-to-month,DSL,Yes,No,No,Electronic check,31.73,407.44,No
CUST01067,Male,0,Yes,8,Month-to-month,DSL,No,No,Yes,Credit card,45.73,355.7,No
CUST01068,Female,1,No,2,Month-to-month,Fiber optic,No,No,No,Bank transfer,56.29,106.76,Yes
CUST01069,Male,0,No,5,Month-to-month,Fiber optic,Yes,No,Yes,Credit card,89.85,447.37,Yes
CUST01070,Male,0,No,59,Month-to-month,DSL,Yes,No,Yes,Electronic check,63.94,3607.94,No
CUST01071,Female,1,Yes,7,Month-to-month,No,Yes,No,No,Credit card,60.35,400.42,No
CUST01072,Male,0,Yes,3,Month-to-month,Fiber optic,Yes,Yes,Yes,Bank transfer,33.78,99.89,No
CUST01073,Male,0,Yes,12,Month-to-month,DSL,No,Yes,No,Mailed check,84.64,932.86,No
CUST01074,Female,1,Yes,7,Two year,DSL,No,Yes,Yes,Electronic check,48.7,312.19,Yes
CUST01075,Male,0,No,0,Month-to-month,Fiber optic,No internet service,No,Yes,Bank transfer,62.5,0.0,No
CUST01076,Male,0,No,7,Month-to-month,Fiber optic,Yes,No,No,Credit card,102.0,704.76,Yes
CUST01077,Female,0,Yes,15,One year,DSL,No internet service,No,Yes,Electronic check,77.72,1057.7,No
CUST01078,Male,1,Yes,16,Month-to-month,DSL,Yes,No,Yes,Electronic check,24.29,379.47,No
CUST01079,Male,0,Yes,8,Two year,No,No,No,No,Bank transfer,20.76,156.52,Yes
CUST01080,Male,0,Yes,11,One year,No,Yes,No,No,Credit card,63.39,676.63,No
CUST01081,Male,0,No,67,Month-to-month,DSL,No internet service,Yes,Yes,Bank transfer,34.68,2122.56,No
CUST01082,Female,0,No,9,Month-to-month,Fiber optic,Yes,No,Yes,Electronic check,81.21,728.92,Yes
CUST01083,Female,0,No,5,Two year,Fiber optic,No internet service,No,Yes,Mailed check,66.06,326.38,No
CUST01084,Female,0,No,5,Two year,Fiber optic,Yes,No internet service,No,Mailed check,69.13,325.12,Yes
CUST01085,Female,0,Yes,12,Month-to-month,Fiber optic,Yes,No internet service,Yes,Credit card,47.33,561.9,No
CUST01086,Female,0,Yes,28,One year,No,No,No,Yes,Bank transfer,108.53,3006.91,Yes
CUST01087,Male,0,Yes,4,Month-to-month,Fiber optic,No,No internet service,No,Bank transfer,120.0,454.14,No
CUST01088,Male,0,No,24,Two year,Fiber optic,No internet service,No,Yes,Electronic check,58.04,1385.56,No
CUST01089,Male,0,No,0,Month-to-month,Fiber optic,No,No,Yes,Credit card,73.83,0.0,No
CUST01090,Male,0,No,10,Two year,No,No,No internet service,Yes,Bank transfer,67.44,621.61,No
CUST01091,Female,1,Yes,29,One year,Fiber optic,No,No internet service,No,Credit card,58.51,1538.42,No
CUST01092,Male,0,No,8,One year,DSL,No,No,Yes,Bank transfer,44.2,329.95,No
CUST01093,Female,0,Yes,16,Month-to-month,DSL,No,No,Yes,Credit card,37.88,575.1,No
CUST01094,Male,0,Yes,4,Month-to-month,Fiber optic,Yes,No internet service,No,Credit card,36.61,133.15,Yes
CUST01095,Female,0,Yes,27,Month-to-month,DSL,No,No,No,Electronic check,75.13,1854.19,No
CUST01096,Male,0,Yes,1,Month-to-month,Fiber optic,No,Yes,Yes,Credit card,52.01,51.86,No
CUST01097,Female,0,No,38,Month-to-month,No,No,No,Yes,Electronic check,18.0,666.03,Yes
CUST01098,Female,0,No,4,One year,Fiber optic,No internet service,Yes,Yes,Bank transfer,76.12,300.67,No
CUST01099,Female,0,Yes,41,Month-to-month,No,No internet service,No,Yes,Credit card,64.04,2618.07,Yes
CUST01100,Male,0,Yes,8,Month-to-month,DSL,No internet service,No internet service,Yes,Electronic check,98.67,740.27,No
CUST01101,Male,0,Yes,25,Two year,No,Yes,No,Yes,Bank transfer,74.33,1800.25,No
CUST01102,Female,1,Yes,7,Two year,Fiber optic,Yes,No internet service,No,Bank transfer,28.03,180.2,No
CUST01103,Female,1,Yes,47,Two year,Fiber optic,Yes,No internet service,Yes,Bank transfer,18.0,808.07,No
CUST01104,Male,0,No,2,Two year,Fiber optic,No internet service,No internet service,Yes,Credit card,47.01,86.59,No
CUST01105,Female,0,Yes,3,Month-to-month,DSL,Yes,No internet service,Yes,Bank transfer,49.37,135.68,No
CUST01106,Male,0,No,13,Month-to-month,Fiber optic,No,No,No,Credit card,88.58,1047.72,No
CUST01107,Female,0,Yes,1,One year,Fiber optic,Yes,No,Yes,Electronic check,64.78,62.06,No
CUST01108,Male,0,Yes,4,One year,DSL,Yes,No internet service,No,Electronic check,93.34,371.49,No
CUST01109,Female,0,Yes,57,Month-to-month,Fiber optic,Yes,No,Yes,Mailed check,31.88,1657.65,No
CUST01110,Female,0,No,72,Two year,Fiber optic,Yes,No,No,Bank transfer,89.13,6097.98,Yes
CUST01111,Female,0,No,9,Month-to-month,DSL,No,No,Yes,Electronic check,83.02,723.8,No
CUST01112,Female,0,Yes,51,Month-to-month,DSL,No internet service,No,Yes,Bank transfer,18.0,871.72,No
CUST01113,Male,0,No,15,Month-to-month,Fiber optic,No,No,No,Mailed check,98.07,1458.07,No
CUST01114,Male,0,Yes,6,One year,Fiber optic,No,No,Yes,Credit card,67.34,370.36,No
CUST01115,Male,0,No,24,One year,No,No,No,Yes,Electronic check,74.8,1620.02,No
CUST01116,Male,0,Yes,21,Month-to-month,No,No internet service,No,Yes,Bank transfer,43.38,854.78,No
CUST01117,Female,0,No,72,Two year,Fiber optic,No internet service,No,Yes,Bank transfer,96.88,6665.3,No
CUST01118,Male,0,No,6,Month-to-month,Fiber optic,No internet service,Yes,No,Credit card,35.35,196.29,Yes
CUST01119,Male,0,No,22,Month-to-month,Fiber optic,Yes,No,Yes,Bank transfer,85.8,1730.63,Yes
CUST01120,Male,0,Yes,1,Two year,Fiber optic,No internet service,Yes,Yes,Credit card,85.52,83.85,No
CUST01121,Female,0,Yes,2,Two year,DSL,Yes,No internet service,Yes,Credit card,40.65,74.7,No
CUST01122,Male,0,No,0,Two year,Fiber optic,No,No internet service,Yes,Bank transfer,114.58,0.0,No
CUST01123,Male,1,No,72,Two year,Fiber optic,No,No,Yes,Electronic check,70.79,5073.68,No
CUST01124,Male,0,No,32,One year,DSL,No,No internet service,Yes,Credit card,81.35,2502.38,No
CUST01125,Male,0,Yes,30,One year,Fiber optic,No,No,Yes,Bank transfer,26.82,764.19,Yes
CUST01126,Female,0,Yes,14,Month-to-month,No,Yes,Yes,No,Mailed check,117.94,1545.53,Yes
CUST01127,Male,0,No,7,Month-to-month,Fiber optic,No,No,Yes,Bank transfer,34.39,229.18,Yes
CUST01128,Female,0,Yes,3,Month-to-month,Fiber optic,No,Yes,No,Credit card,90.62,264.64,No
CUST01129,Male,0,Yes,6,Month-to-month,No,Yes,No,No,Credit card,40.13,236.51,No
CUST01130,Female,1,No,9,One year,Fiber optic,No,No,Yes,Credit card,49.53,430.16,No
CUST01131,Female,1,No,28,Month-to-month,DSL,No,No,Yes,Electronic check,84.72,2322.42,Yes
CUST01132,Male,1,Yes,15,Month-to-month,DSL,Yes,No,Yes,Mailed check,90.69,1236.34,Yes
CUST01133,Male,0,Yes,1,Month-to-month,Fiber optic,Yes,No,No,Electronic check,33.22,29.95,No
CUST01134,Male,1,No,0,One year,Fiber optic,No internet service,No,No,Electronic check,92.26,0.0,No
CUST01135,Female,0,Yes,2,Month-to-month,DSL,No internet service,No,No,Credit card,91.12,168.79,No
CUST01136,Female,0,No,10,Two year,DSL,Yes,Yes,Yes,Mailed check,41.55,410.42,No
CUST01137,Male,0,Yes,54,Month-to-month,No,No,Yes,Yes,Bank transfer,104.97,5405.28,No
CUST01138,Female,0,Yes,20,Month-to-month,Fiber optic,No,No,No,Bank transfer,28.58,541.79,No
CUST01139,Male,0,No,32,One year,No,No,No,Yes,Credit card,49.38,1544.26,No
CUST01140,Male,0,No,12,Two year,Fiber optic,No,Yes,No,Electronic check,76.98,899.84,No
CUST01141,Male,0,Yes,8,Month-to-month,No,Yes,No,Yes,Electronic check,43.66,338.95,Yes
CUST01142,Male,0,Yes,2,One year,DSL,No,No,Yes,Mailed check,71.6,138.76,Yes
CUST01143,Male,0,Yes,41,One year,Fiber optic,Yes,No internet service,No,Mailed check,71.03,2771.1,No
CUST01144,Female,0,No,30,Month-to-month,DSL,No,No internet service,Yes,Credit card,60.32,1796.3,No
CUST01145,Female,1,Yes,3,Two year,Fiber optic,No internet service,No,No,Credit card,85.81,254.61,No
CUST01146,Male,0,No,14,One year,Fiber optic,No internet service,No,Yes,Mailed check,59.29,774.4,No
CUST01147,Female,0,No,13,One year,DSL,No internet service,No,No,Credit card,70.79,902.3,No
CUST01148,Female,0,No,19,Two year,No,No internet service,Yes,No,Electronic check,93.66,1760.16,No
CUST01149,Female,1,No,58,Two year,No,Yes,No,Yes,Credit card,84.77,4728.97,No
CUST01150,Male,0,No,17,One year,DSL,No,No,Yes,Electronic check,84.65,1375.1,No
CUST01151,Male,0,Yes,15,Two year,Fiber optic,Yes,No,No,Bank transfer,36.27,526.2,No
CUST01152,Male,0,Yes,1,One year,Fiber optic,No internet service,Yes,No,Mailed check,78.12,71.58,No
CUST01153,Female,1,Yes,1,One year,Fiber optic,No internet service,No,No,Electronic check,43.04,39.11,No
CUST01154,Female,0,No,4,One year,No,No,No,No,Electronic check,32.96,129.47,No
CUST01155,Male,0,No,0,One year,DSL,No,No,Yes,Mailed check,63.21,0.0,No
CUST01156,Female,0,Yes,27,Month-to-month,No,Yes,Yes,No,Bank transfer,42.39,1044.1,No
CUST01157,Female,1,No,25,Two year,DSL,Yes,No,Yes,Electronic check,84.77,1995.55,Yes
CUST01158,Male,0,No,2,Two year,Fiber optic,No internet service,Yes,Yes,Bank transfer,85.36,158.74,No
CUST01159,Female,0,Yes,36,Month-to-month,Fiber optic,No internet service,No,Yes,Bank transfer,18.0,639.93,No
CUST01160,Female,0,Yes,3,Two year,DSL,Yes,Yes,No,Bank transfer,44.29,126.32,No
CUST01161,Female,0,Yes,7,Month-to-month,DSL,Yes,Yes,Yes,Bank transfer,28.51,191.14,No
CUST01162,Male,0,No,5,Month-to-month,No,Yes,Yes,No,Electronic check,53.43,246.72,No
CUST01163,Male,0,Yes,9,One year,Fiber optic,No internet service,No,No,Bank transfer,76.38,673.61,No
CUST01164,Female,1,Yes,5,Month-to-month,DSL,No internet service,No,No,Credit card,58.94,292.64,No
CUST01165,Female,0,No,13,Two year,Fiber optic,No,No internet service,Yes,Bank transfer,50.26,639.82,No
CUST01166,Female,1,No,10,Two year,DSL,No,Yes,Yes,Bank transfer,97.5,925.55,No
CUST01167,Female,0,No,72,Month-to-month,DSL,No,Yes,Yes,Bank transfer,18.0,1274.63,No
CUST01168,Female,1,No,1,Month-to-month,Fiber optic,Yes,No,No,Electronic check,95.92,88.13,No
CUST01169,Female,0,Yes,3,Month-to-month,DSL,No internet service,No,Yes,Bank transfer,51.39,140.5,No
CUST01170,Female,0,No,1,One year,No,No,No,No,Credit card,63.05,59.51,Yes
CUST01171,Female,0,No,19,Two year,Fiber optic,Yes,No,Yes,Electronic check,51.82,904.0,No
CUST01172,Male,0,No,1,One year,No,No,No,No,Credit card,103.57,95.9,No
CUST01173,Male,0,Yes,36,Month-to-month,Fiber optic,No,No,Yes,Electronic check,34.23,1181.15,Yes
CUST01174,Female,0,Yes,14,One year,No,No,No,No,Mailed check,65.29,859.57,No
CUST01175,Female,0,Yes,14,Month-to-month,Fiber optic,No,Yes,Yes,Credit card,78.19,1079.98,No
CUST01176,Female,0,No,16,One year,Fiber optic,No internet service,Yes,Yes,Credit card,24.72,364.89,No
CUST01177,Male,0,Yes,3,Month-to-month,No,No,No internet service,No,Credit card,42.0,125.96,No
CUST01178,Female,0,No,4,One year,Fiber optic,No,No,Yes,Credit card,61.3,229.49,Yes
CUST01179,Female,0,No,7,Month-to-month,DSL,No,Yes,No,Mailed check,42.83,285.28,No
CUST01180,Female,0,Yes,18,Two year,Fiber optic,Yes,No internet service,Yes,Bank transfer,44.61,733.31,Yes
CUST01181,Male,0,No,4,Month-to-month,No,No,No,Yes,Mailed check,56.25,215.53,No
CUST01182,Male,0,Yes,2,One year,Fiber optic,No,No,Yes,Mailed check,81.24,161.85,No
CUST01183,Female,0,No,70,Two year,Fiber optic,No internet service,No,No,Mailed check,56.43,3851.11,No
CUST01184,Female,0,Yes,0,Month-to-month,Fiber optic,No internet service,No,No,Bank transfer,91.96,0.0,No
CUST01185,Female,0,Yes,32,Two year,No,Yes,No,Yes,Mailed check,40.06,1210.47,No
CUST01186,Male,0,Yes,31,One year,DSL,No internet service,Yes,Yes,Credit card,33.7,984.68,No
CUST01187,Male,0,No,7,Month-to-month,Fiber optic,No,No,No,Bank transfer,113.16,720.67,No
CUST01188,Female,0,No,2,Month-to-month,DSL,No internet service,No,No,Electronic check,48.55,95.99,Yes
CUST01189,Female,0,Yes,3,One year,Fiber optic,No,Yes,No,Bank transfer,32.23,90.71,Yes
CUST01190,Male,0,Yes,23,Month-to-month,Fiber optic,No,No,No,Mailed check,21.45,468.4,No
CUST01191,Male,0,No,20,One year,DSL,No,No,Yes,Mailed check,91.88,1707.36,Yes
CUST01192,Male,0,Yes,30,Month-to-month,DSL,Yes,Yes,No,Credit card,56.47,1550.51,Yes
CUST01193,Female,0,No,55,One year,Fiber optic,Yes,No,No,Mailed check,58.66,3194.72,No
CUST01194,Male,0,No,23,Month-to-month,DSL,Yes,No,Yes,Credit card,61.02,1268.36,No
CUST01195,Male,1,No,3,Two year,DSL,No,No,No,Bank transfer,90.32,254.7,No
CUST01196,Male,0,No,5,Two year,No,Yes,No internet service,No,Bank transfer,60.51,294.4,No
CUST01197,Female,0,Yes,36,Two year,DSL,No,No,No,Bank transfer,120.0,4021.43,No
CUST01198,Female,0,Yes,4,One year,Fiber optic,No,No internet service,Yes,Electronic check,68.34,258.22,No
CUST01199,Female,0,Yes,1,Month-to-month,No,No internet service,No,Yes,Electronic check,91.54,87.55,Yes
CUST01200,Male,0,Yes,24,One year,DSL,No,No,Yes,Electronic check,85.13,2042.12,No
CUST01201,Male,1,No,10,Month-to-month,Fiber optic,No internet service,No internet service,Yes,Mailed check,64.09,625.41,No
CUST01202,Female,0,Yes,50,Month-to-month,Fiber optic,No,No internet service,No,Electronic check,50.33,2508.22,No
CUST01203,Male,0,No,21,Month-to-month,Fiber optic,No,No,Yes,Credit card,73.3,1492.07,No
CUST01204,Female,0,No,1,Month-to-month,No,No,No,No,Mailed check,77.75,72.07,No
CUST01205,Male,0,Yes,59,One year,No,No,Yes,Yes,Bank transfer,50.69,2777.62,No
CUST01206,Female,0,Yes,5,One year,Fiber optic,Yes,No internet service,Yes,Electronic check,69.16,339.66,No
CUST01207,Female,0,Yes,8,Month-to-month,DSL,No,No,Yes,Electronic check,95.91,723.37,Yes
CUST01208,Female,1,Yes,10,Month-to-month,DSL,No,No internet service,Yes,Electronic check,116.75,1093.97,No
CUST01209,Male,0,No,1,Two year,Fiber optic,No internet service,Yes,Yes,Bank transfer,86.36,85.89,No
CUST01210,Female,0,Yes,13,Month-to-month,DSL,No internet service,No,No,Mailed check,111.57,1307.29,No
CUST01211,Female,0,No,2,Month-to-month,Fiber optic,No,No,No,Mailed check,49.27,93.86,Yes
CUST01212,Male,1,No,10,Month-to-month,Fiber optic,No,No internet service,Yes,Bank transfer,82.55,806.93,No
CUST01213,Male,0,Yes,8,One year,DSL,No internet service,No internet service,Yes,Bank transfer,98.46,766.9,No
CUST01214,Male,0,Yes,29,One year,No,No internet service,Yes,No,Electronic check,42.59,1157.0,No
CUST01215,Male,1,No,32,Month-to-month,DSL,No internet service,No,No,Credit card,52.86,1612.97,No
CUST01216,Female,0,Yes,3,Month-to-month,Fiber optic,No,Yes,Yes,Bank transfer,108.45,293.0,Yes
CUST01217,Female,0,Yes,9,One year,Fiber optic,Yes,No,Yes,Bank transfer,40.62,348.57,No
CUST01218,Female,0,No,9,One year,Fiber optic,No internet service,No,Yes,Electronic check,31.47,271.63,No
CUST01219,Male,0,No,3,Month-to-month,Fiber optic,Yes,No,Yes,Mailed check,103.2,305.72,No
CUST01220,Female,1,No,32,Two year,DSL,No,No internet service,Yes,Electronic check,94.92,2797.71,No
CUST01221,Male,1,Yes,24,Month-to-month,Fiber optic,No,No,Yes,Credit card,75.8,1787.39,Yes
CUST01222,Female,1,No,4,Month-to-month,Fiber optic,No,No,No,Mailed check,63.86,248.24,Yes
CUST01223,Male,0,Yes,9,Two year,No,No,No,Yes,Credit card,54.04,470.12,No
CUST01224,Male,0,No,2,Month-to-month,Fiber optic,No internet service,No,No,Mailed check,72.05,135.37,No
CUST01225,Male,0,Yes,19,One year,Fiber optic,No,No internet service,Yes,Electronic check,104.5,1859.9,No
CUST01226,Male,0,Yes,2,Month-to-month,Fiber optic,No,No internet service,No,Mailed check,70.96,137.71,No
CUST01227,Male,0,No,72,Month-to-month,No,No,No,No,Electronic check,119.17,8571.85,Yes
CUST01228,Female,0,No,30,Two year,DSL,No internet service,No,No,Credit card,42.55,1200.59,Yes
CUST01229,Male,1,No,9,Month-to-month,Fiber optic,No,Yes,No,Credit card,64.51,575.86,No
CUST01230,Male,1,Yes,17,Two year,Fiber optic,No,No,No,Bank transfer,55.67,907.26,No
CUST01231,Female,0,No,48,Month-to-month,Fiber optic,No,No,Yes,Bank transfer,37.87,1793.8,No
CUST01232,Male,0,No,16,Month-to-month,DSL,No internet service,Yes,Yes,Bank transfer,61.17,902.1,Yes
CUST01233,Female,0,No,3,Month-to-month,Fiber optic,No,No internet service,No,Credit card,75.43,220.91,Yes
CUST01234,Female,0,Yes,9,One year,DSL,No internet service,No,No,Electronic check,78.11,691.39,Yes
CUST01235,Male,0,Yes,37,Month-to-month,Fiber optic,No,No internet service,Yes,Credit card,119.26,4338.56,No
CUST01236,Female,1,No,20,Two year,Fiber optic,Yes,Yes,No,Bank transfer,76.61,1499.21,Yes
CUST01237,Male,0,No,21,Month-to-month,No,Yes,No internet service,Yes,Credit card,93.75,1831.76,No
CUST01238,Male,0,No,40,Two year,Fiber optic,No,No,Yes,Credit card,66.65,2538.55,No
CUST01239,Male,0,Yes,44,Month-to-month,DSL,No,Yes,No,Credit card,106.95,4376.26,No
CUST01240,Female,0,No,50,Two year,DSL,No,No,Yes,Bank transfer,120.0,5605.78,No
CUST01241,Male,0,No,1,One year,No,No,No internet service,Yes,Electronic check,78.28,72.81,Yes
CUST01242,Female,0,Yes,15,One year,DSL,No,No,Yes,Mailed check,40.18,559.56,No
CUST01243,Male,0,No,26,Two year,Fiber optic,No internet service,No,No,Bank transfer,51.28,1292.4,Yes
CUST01244,Male,0,Yes,28,One year,DSL,No internet service,No internet service,No,Bank transfer,72.05,1946.84,No
CUST01245,Male,0,Yes,18,One year,Fiber optic,No,Yes,Yes,Electronic check,76.41,1265.94,Yes
CUST01246,Male,0,No,3,Month-to-month,Fiber optic,No internet service,No,Yes,Mailed check,82.46,239.75,Yes
CUST01247,Female,0,No,31,Month-to-month,Fiber optic,No,No,Yes,Electronic check,76.5,2203.38,No
CUST01248,Male,0,No,25,Two year,Fiber optic,Yes,No,No,Credit card,65.17,1499.19,No
CUST01249,Male,0,Yes,1,One year,No,No,Yes,No,Electronic check,49.1,47.86,Yes
CUST01250,Male,0,Yes,12,One year,Fiber optic,No,No,Yes,Bank transfer,75.03,843.0,Yes
CUST01251,Male,0,No,3,Month-to-month,Fiber optic,No,No,No,Electronic check,111.37,319.72,Yes
CUST01252,Male,0,Yes,8,Month-to-month,No,No internet service,No,No,Mailed check,90.5,666.09,No
CUST01253,Male,0,No,0,Month-to-month,No,No internet service,No,Yes,Credit card,78.37,0.0,No
CUST01254,Female,0,Yes,10,One year,DSL,Yes,Yes,Yes,Electronic check,90.74,835.53,No
CUST01255,Female,0,No,15,Month-to-month,No,No,No internet service,Yes,Electronic check,55.72,766.17,No
CUST01256,Female,0,No,19,Month-to-month,DSL,No,No,Yes,Electronic check,52.29,932.56,No
CUST01257,Male,0,Yes,21,Month-to-month,Fiber optic,No internet service,No internet service,Yes,Mailed check,46.31,952.09,No
CUST01258,Male,0,No,36,Month-to-month,No,Yes,Yes,Yes,Bank transfer,61.87,2043.91,No
CUST01259,Male,0,Yes,4,One year,DSL,No,No,Yes,Electronic check,54.45,198.57,No
CUST01260,Female,0,Yes,2,Month-to-month,DSL,No internet service,Yes,Yes,Bank transfer,95.21,171.98,No
CUST01261,Female,0,Yes,38,One year,DSL,No internet service,No,No,Electronic check,53.12,1900.67,No
CUST01262,Male,0,No,3,Month-to-month,Fiber optic,No,Yes,No,Credit card,44.93,125.11,Yes
CUST01263,Female,0,Yes,72,Month-to-month,Fiber optic,Yes,No,No,Credit card,113.56,7597.53,No
CUST01264,Female,1,No,36,Month-to-month,Fiber optic,No,No internet service,No,Credit card,53.72,1930.43,Yes
CUST01265,Male,0,Yes,13,Month-to-month,No,No internet service,Yes,No,Credit card,68.84,822.8,No
CUST01266,Male,0,Yes,72,Month-to-month,Fiber optic,No,Yes,Yes,Mailed check,76.28,5194.72,No
CUST01267,Female,0,No,2,Month-to-month,DSL,No internet service,No internet service,Yes,Mailed check,36.58,73.06,Yes
CUST01268,Female,0,No,7,One year,No,No,No,Yes,Bank transfer,95.89,606.16,No
CUST01269,Male,0,No,20,Month-to-month,DSL,No,No,Yes,Electronic check,80.93,1569.5,No
CUST01270,Female,0,No,8,One year,DSL,No,Yes,No,Electronic check,103.96,779.37,Yes
CUST01271,Female,1,No,52,Two year,DSL,No,No,Yes,Electronic check,48.02,2473.59,No
CUST01272,Male,0,Yes,1,One year,Fiber optic,No,Yes,No,Mailed check,67.48,66.89,No
CUST01273,Male,0,Yes,15,Month-to-month,DSL,No,No,Yes,Bank transfer,65.98,929.05,No
CUST01274,Female,0,No,17,Month-to-month,DSL,No internet service,No,Yes,Electronic check,71.6,1122.44,No
CUST01275,Female,0,No,21,Month-to-month,DSL,Yes,No,No,Electronic check,28.63,566.84,No
CUST01276,Male,0,No,5,Month-to-month,DSL,No,No,Yes,Bank transfer,67.77,337.67,No
CUST01277,Male,0,No,9,Two year,Fiber optic,No,No,Yes,Electronic check,29.34,245.08,No
CUST01278,Male,0,Yes,37,Month-to-month,No,No,Yes,Yes,Credit card,73.96,2731.41,Yes
CUST01279,Female,0,Yes,4,Month-to-month,Fiber optic,No internet service,No internet service,Yes,Electronic check,18.0,70.7,Yes
CUST01280,Female,0,No,35,One year,DSL,No,No,No,Bank transfer,18.71,606.88,No
CUST01281,Male,0,Yes,16,One year,DSL,No,Yes,No,Mailed check,85.46,1338.79,No
CUST01282,Female,0,Yes,28,One year,No,No,Yes,Yes,Electronic check,51.33,1300.67,No
CUST01283,Female,0,No,25,Month-to-month,DSL,No,Yes,No,Mailed check,40.3,961.97,No
CUST01284,Male,0,Yes,4,Month-to-month,No,Yes,Yes,No,Mailed check,96.77,362.2,No
CUST01285,Female,0,No,16,Month-to-month,DSL,No internet service,No,Yes,Credit card,73.19,1103.93,No
CUST01286,Female,0,Yes,40,Month-to-month,No,Yes,No,Yes,Bank transfer,86.8,3288.98,Yes
CUST01287,Female,0,No,11,Month-to-month,DSL,No,No internet service,No,Electronic check,60.84,635.96,No
CUST01288,Female,0,No,67,Month-to-month,Fiber optic,No,Yes,No,Electronic check,120.0,7763.76,Yes
CUST01289,Male,0,Yes,12,Month-to-month,Fiber optic,Yes,No,Yes,Electronic check,49.89,580.53,Yes
CUST01290,Female,1,Yes,3,Month-to-month,Fiber optic,Yes,No,Yes,Electronic check,108.61,325.04,Yes
CUST01291,Male,0,Yes,9,Month-to-month,DSL,Yes,Yes,Yes,Mailed check,63.47,557.68,No
CUST01292,Female,0,No,60,One year,Fiber optic,Yes,No internet service,Yes,Credit card,23.64,1374.12,No
CUST01293,Female,0,Yes,7,One year,Fiber optic,No internet service,No internet service,Yes,Mailed check,77.07,506.71,No
CUST01294,Male,0,Yes,40,Two year,DSL,No internet service,No,No,Bank transfer,72.87,2657.66,No
CUST01295,Female,0,Yes,42,Month-to-month,DSL,Yes,No,No,Bank transfer,38.72,1473.18,Yes
CUST01296,Female,0,No,8,Month-to-month,Fiber optic,Yes,No internet service,No,Credit card,41.94,318.0,Yes
CUST01297,Female,0,No,1,Month-to-month,DSL,No internet service,No,Yes,Electronic check,64.38,62.24,Yes
CUST01298,Female,0,No,25,One year,Fiber optic,Yes,Yes,Yes,Bank transfer,73.74,1779.01,No
CUST01299,Female,0,No,7,One year,DSL,No internet service,Yes,Yes,Credit card,18.0,125.41,No
CUST01300,Female,0,Yes,30,Month-to-month,Fiber optic,Yes,No,Yes,Electronic check,91.33,2570.69,No
CUST01301,Female,0,No,11,Two year,DSL,No,No,Yes,Electronic check,52.64,557.49,Yes
CUST01302,Male,0,Yes,13,Month-to-month,Fiber optic,No,No,Yes,Credit card,31.71,407.61,Yes
CUST01303,Male,0,No,30,Month-to-month,DSL,Yes,Yes,Yes,Credit card,88.53,2497.63,No
CUST01304,Male,0,No,9,One year,DSL,Yes,No internet service,No,Electronic check,64.41,549.42,No
CUST01305,Female,0,Yes,11,Two year,DSL,No,No,No,Bank transfer,95.4,1041.32,No
CUST01306,Male,1,Yes,9,One year,No,No,No,Yes,Mailed check,75.95,652.81,No
CUST01307,Female,0,No,9,Two year,DSL,No,Yes,No,Mailed check,64.96,572.92,No
CUST01308,Female,0,Yes,14,Month-to-month,Fiber optic,Yes,No internet service,No,Mailed check,61.18,851.01,No
CUST01309,Male,0,Yes,33,Two year,DSL,No,No,Yes,Electronic check,77.07,2434.22,Yes
CUST01310,Female,0,No,8,Month-to-month,DSL,No,No,Yes,Bank transfer,54.66,398.33,No
CUST01311,Male,0,No,14,Two year,Fiber optic,No,No internet service,No,Credit card,43.69,600.75,No
CUST01312,Male,0,No,22,Month-to-month,Fiber optic,Yes,No internet service,Yes,Credit card,80.25,1733.33,Yes
CUST01313,Male,0,No,6,Two year,No,No,Yes,No,Electronic check,61.39,335.74,No
CUST01314,Male,0,Yes,6,Month-to-month,No,No,No internet service,Yes,Credit card,65.84,377.19,No
CUST01315,Female,1,Yes,54,One year,Fiber optic,No internet service,No,Yes,Electronic check,92.23,4724.97,No
CUST01316,Male,0,No,25,Month-to-month,Fiber optic,No,Yes,Yes,Mailed check,62.15,1530.0,No
CUST01317,Male,0,No,17,One year,Fiber optic,Yes,Yes,No,Credit card,65.38,1030.84,No
CUST01318,Female,0,Yes,20,Month-to-month,Fiber optic,Yes,No,No,Mailed check,50.01,942.82,Yes
CUST01319,Male,0,Yes,0,Month-to-month,No,Yes,No,Yes,Electronic check,75.77,0.0,No
CUST01320,Female,0,Yes,19,Month-to-month,Fiber optic,Yes,No,Yes,Electronic check,73.75,1333.6,No
CUST01321,Male,0,No,14,Month-to-month,Fiber optic,Yes,Yes,Yes,Mailed check,87.52,1219.77,Yes
CUST01322,Male,0,Yes,15,Two year,DSL,Yes,No internet service,No,Bank transfer,50.52,754.82,No
CUST01323,Female,0,No,8,Month-to-month,DSL,Yes,No internet service,No,Credit card,53.55,389.05,Yes
CUST01324,Male,0,No,1,Two year,No,Yes,No,Yes,Credit card,84.8,78.85,No
CUST01325,Male,0,No,4,Month-to-month,DSL,No,No internet service,No,Credit card,71.31,256.93,Yes
CUST01326,Female,0,No,60,Month-to-month,Fiber optic,Yes,No internet service,No,Bank transfer,42.34,2392.51,No
CUST01327,Male,0,Yes,10,One year,DSL,Yes,Yes,Yes,Credit card,97.66,943.6,No
CUST01328,Male,1,Yes,12,One year,No,No,No,Yes,Electronic check,22.54,256.18,No
CUST01329,Female,0,No,1,Month-to-month,DSL,Yes,No internet service,Yes,Credit card,84.61,76.72,Yes
CUST01330,Male,0,Yes,0,One year,No,Yes,Yes,No,Mailed check,33.37,0.0,No
CUST01331,Female,0,Yes,25,One year,DSL,Yes,No internet service,Yes,Credit card,112.14,2571.73,No
CUST01332,Female,0,No,15,Month-to-month,No,No,Yes,No,Electronic check,26.39,376.5,No
CUST01333,Male,1,Yes,14,Two year,Fiber optic,No internet service,No,No,Bank transfer,93.81,1271.01,Yes
CUST01334,Female,0,No,5,Two year,DSL,Yes,No,No,Bank transfer,62.96,293.28,No
CUST01335,Male,0,Yes,27,One year,Fiber optic,No,No,Yes,Credit card,55.83,1376.33,No
CUST01336,Female,0,Yes,3,Month-to-month,DSL,No,No,No,Bank transfer,69.63,204.68,No
CUST01337,Male,0,Yes,4,One year,DSL,No,No,Yes,Mailed check,80.8,318.62,No
CUST01338,Male,0,No,12,Month-to-month,No,No internet service,No,No,Bank transfer,42.39,471.88,No
CUST01339,Female,0,No,6,Month-to-month,Fiber optic,No internet service,No,Yes,Mailed check,44.61,252.16,No
CUST01340,Female,0,Yes,5,Month-to-month,Fiber optic,Yes,No,No,Electronic check,81.24,368.91,No
CUST01341,Male,0,Yes,20,Month-to-month,DSL,No,No,No,Electronic check,22.32,411.92,No
CUST01342,Male,0,No,21,Two year,Fiber optic,No,No internet service,No,Electronic check,50.39,1033.53,No
CUST01343,Male,0,Yes,34,One year,No,No internet service,No,Yes,Mailed check,120.0,3821.0,No
CUST01344,Male,0,Yes,10,One year,Fiber optic,No internet service,No,Yes,Credit card,40.8,391.87,No
CUST01345,Female,0,Yes,1,Month-to-month,No,Yes,Yes,Yes,Credit card,93.7,93.2,No
CUST01346,Female,0,No,6,Month-to-month,No,Yes,No,Yes,Electronic check,50.35,293.75,Yes
CUST01347,Male,0,Yes,72,Month-to-month,DSL,No,Yes,Yes,Electronic check,77.73,5290.68,No
CUST01348,Male,1,Yes,18,Two year,DSL,No,No,No,Electronic check,81.36,1371.76,Yes
CUST01349,Male,0,No,24,Month-to-month,No,No,Yes,No,Electronic check,93.22,2056.18,No
CUST01350,Female,0,Yes,0,Two year,Fiber optic,No,Yes,Yes,Electronic check,59.99,0.0,No
CUST01351,Male,0,No,14,One year,DSL,Yes,No,No,Mailed check,114.72,1463.53,Yes
CUST01352,Male,0,No,0,Month-to-month,DSL,No internet service,No,No,Bank transfer,50.27,0.0,No
CUST01353,Female,0,No,16,One year,Fiber optic,No internet service,No,No,Bank transfer,70.86,1032.27,No
CUST01354,Male,0,Yes,50,Month-to-month,Fiber optic,No,Yes,No,Mailed check,71.13,3287.24,No
CUST01355,Male,0,No,69,Two year,DSL,No,No internet service,No,Electronic check,36.95,2454.48,No
CUST01356,Female,0,Yes,15,Two year,DSL,No,Yes,Yes,Bank transfer,57.85,855.72,No
CUST01357,Male,0,Yes,12,Month-to-month,No,Yes,No internet service,No,Credit card,69.04,827.87,Yes
CUST01358,Male,0,No,58,Month-to-month,Fiber optic,Yes,No,Yes,Electronic check,54.2,3059.19,No
CUST01359,Female,0,No,22,One year,Fiber optic,Yes,Yes,No,Electronic check,120.0,2414.54,No
CUST01360,Male,0,Yes,1,Two year,Fiber optic,No internet service,No,No,Electronic check,44.03,40.85,No
CUST01361,Female,0,Yes,12,Month-to-month,Fiber optic,No,No internet service,Yes,Electronic check,94.49,1035.46,No
CUST01362,Female,0,Yes,5,One year,Fiber optic,Yes,No,No,Mailed check,86.41,393.84,No
CUST01363,Female,0,No,12,One year,Fiber optic,No,Yes,Yes,Electronic check,64.65,742.26,No
CUST01364,Male,0,No,12,One year,DSL,Yes,No,Yes,Mailed check,43.37,515.59,No
CUST01365,Female,0,No,17,Month-to-month,Fiber optic,Yes,No,Yes,Electronic check,45.79,753.86,No
CUST01366,Female,0,No,8,One year,Fiber optic,No,No internet service,No,Bank transfer,52.05,408.1,No
CUST01367,Male,0,No,3,Two year,No,No,No internet service,Yes,Electronic check,20.36,58.08,Yes
CUST01368,Male,0,Yes,14,Month-to-month,DSL,No,Yes,No,Bank transfer,39.91,529.42,No
CUST01369,Male,0,Yes,35,Month-to-month,No,No,No,No,Electronic check,27.94,971.79,No
CUST01370,Female,0,No,21,Two year,No,No,No,No,Electronic check,98.65,2014.05,No
CUST01371,Male,0,Yes,8,Month-to-month,DSL,No,No internet service,No,Credit card,80.46,608.88,No
CUST01372,Male,1,Yes,54,Two year,Fiber optic,No,No,Yes,Bank transfer,84.65,4266.02,No
CUST01373,Female,0,Yes,48,Month-to-month,Fiber optic,No,No internet service,Yes,Electronic check,79.72,3479.54,No
CUST01374,Female,1,No,4,Month-to-month,No,No,No,Yes,Bank transfer,69.17,271.73,Yes
CUST01375,Female,0,Yes,0,Two year,Fiber optic,No,No,Yes,Bank transfer,101.52,0.0,Yes
CUST01376,Male,0,Yes,27,Month-to-month,Fiber optic,No,Yes,Yes,Mailed check,49.73,1277.59,No
CUST01377,Female,0,No,35,Month-to-month,Fiber optic,Yes,No internet service,Yes,Mailed check,67.67,2282.54,No
CUST01378,Male,0,Yes,68,Month-to-month,DSL,Yes,No,No,Credit card,83.68,5544.61,No
CUST01379,Female,0,No,44,One year,DSL,No,No internet service,Yes,Electronic check,31.97,1277.74,No
CUST01380,Male,1,Yes,18,Month-to-month,Fiber optic,No,Yes,No,Mailed check,120.0,1946.31,Yes
CUST01381,Female,0,No,15,Month-to-month,Fiber optic,No,No,Yes,Electronic check,65.71,956.67,No
CUST01382,Female,0,Yes,0,Two year,Fiber optic,No internet service,No,No,Bank transfer,68.55,0.0,No
CUST01383,Male,0,No,5,Month-to-month,Fiber optic,No,Yes,Yes,Credit card,96.42,442.62,No
CUST01384,Female,0,No,12,One year,DSL,No internet service,No,No,Credit card,87.87,1052.54,No
CUST01385,Female,1,No,19,Month-to-month,Fiber optic,No,No,Yes,Credit card,65.95,1226.91,No
CUST01386,Female,0,No,16,One year,DSL,Yes,Yes,Yes,Credit card,68.25,1045.97,No
CUST01387,Female,0,Yes,27,Month-to-month,No,No internet service,Yes,Yes,Bank transfer,27.4,717.76,No
CUST01388,Female,0,No,6,Two year,No,No internet service,No,Yes,Bank transfer,51.09,280.64,No
CUST01389,Male,0,No,16,Month-to-month,Fiber optic,No,No,No,Credit card,77.93,1242.17,No
CUST01390,Female,0,No,1,Month-to-month,DSL,Yes,No,Yes,Electronic check,76.1,76.07,No
CUST01391,Female,0,No,10,Month-to-month,DSL,Yes,No,Yes,Bank transfer,95.53,921.72,Yes
CUST01392,Female,0,Yes,27,Month-to-month,Fiber optic,No internet service,Yes,No,Bank transfer,61.99,1618.21,No
CUST01393,Female,0,No,23,Month-to-month,Fiber optic,Yes,Yes,Yes,Credit card,30.32,676.75,No
CUST01394,Male,0,Yes,72,Month-to-month,Fiber optic,No,No internet service,Yes,Credit card,91.42,6362.25,No
CUST01395,Male,0,No,6,Two year,DSL,No,Yes,Yes,Credit card,100.9,571.41,No
CUST01396,Male,0,Yes,13,Month-to-month,Fiber optic,Yes,No,Yes,Credit card,87.46,1084.76,No
CUST01397,Male,0,Yes,7,Month-to-month,Fiber optic,No,No,No,Mailed check,60.91,395.79,No
CUST01398,Male,0,No,11,One year,DSL,No,No internet service,No,Electronic check,91.11,946.77,Yes
CUST01399,Male,0,No,38,One year,Fiber optic,No,Yes,Yes,Electronic check,120.0,4302.86,No
CUST01400,Female,0,No,23,Month-to-month,DSL,No,No internet service,No,Mailed check,67.88,1450.1,No
CUST01401,Female,0,No,42,Month-to-month,Fiber optic,No internet service,No,No,Mailed check,32.21,1323.97,No
CUST01402,Female,0,No,4,Month-to-month,No,No,Yes,No,Mailed check,50.34,189.47,No
CUST01403,Female,0,No,41,One year,Fiber optic,No,Yes,Yes,Mailed check,80.64,3158.03,Yes
CUST01404,Male,0,Yes,1,One year,No,No,No,Yes,Credit card,24.88,22.78,No
CUST01405,Male,0,No,43,Month-to-month,Fiber optic,Yes,No,No,Mailed check,69.24,2821.0,No
CUST01406,Male,0,No,7,Two year,DSL,No internet service,No,No,Credit card,74.51,509.13,No
CUST01407,Male,0,No,7,Two year,Fiber optic,No,No internet service,No,Credit card,103.38,683.46,No
CUST01408,Male,0,No,14,One year,Fiber optic,No,No,Yes,Mailed check,97.75,1307.98,No
CUST01409,Male,0,No,56,Two year,Fiber optic,No,No,No,Mailed check,86.61,4705.48,No
CUST01410,Male,0,Yes,0,Month-to-month,DSL,No,No,Yes,Bank transfer,18.0,0.0,Yes
CUST01411,Female,0,No,8,Month-to-month,Fiber optic,Yes,No,No,Bank transfer,88.03,658.7,No
CUST01412,Male,0,Yes,38,Month-to-month,DSL,No internet service,Yes,No,Electronic check,82.64,2853.21,No
CUST01413,Male,0,No,10,Month-to-month,DSL,Yes,No,No,Electronic check,71.4,684.17,Yes
CUST01414,Female,0,Yes,4,Month-to-month,Fiber optic,No,No,No,Electronic check,21.74,84.41,Yes
CUST01415,Male,1,No,11,Two year,DSL,No,Yes,Yes,Electronic check,45.58,480.38,No
CUST01416,Female,0,No,9,Month-to-month,No,No,Yes,Yes,Electronic check,35.83,299.37,No
CUST01417,Male,0,No,49,Month-to-month,Fiber optic,No internet service,Yes,Yes,Electronic check,18.0,816.94,No
CUST01418,Female,0,No,28,Month-to-month,Fiber optic,No,No,No,Bank transfer,64.93,1665.23,No
CUST01419,Female,0,Yes,14,Two year,Fiber optic,No,Yes,No,Credit card,45.05,570.59,No
CUST01420,Male,0,No,72,Month-to-month,Fiber optic,No,No,Yes,Bank transfer,120.0,8144.82,No
CUST01421,Female,0,No,12,Month-to-month,DSL,No internet service,No,Yes,Credit card,60.78,668.13,No
CUST01422,Female,0,Yes,1,Month-to-month,No,No,No,Yes,Credit card,97.34,94.33,Yes
CUST01423,Female,1,Yes,6,Month-to-month,Fiber optic,No,No,Yes,Bank transfer,25.77,154.03,Yes
CUST01424,Female,0,Yes,11,Two year,No,No internet service,No,Yes,Mailed check,51.75,516.51,No
CUST01425,Male,0,No,3,Two year,Fiber optic,Yes,No internet service,No,Electronic check,67.42,200.09,No
CUST01426,Female,0,No,58,Month-to-month,DSL,Yes,No internet service,Yes,Credit card,42.3,2369.42,No
CUST01427,Female,0,No,29,Two year,Fiber optic,No internet service,No internet service,No,Credit card,54.44,1556.7,No
CUST01428,Male,1,No,6,One year,DSL,No internet service,Yes,Yes,Mailed check,59.55,327.11,No
CUST01429,Male,0,Yes,17,Two year,Fiber optic,No,Yes,No,Electronic check,59.15,996.15,Yes
CUST01430,Female,0,No,25,Month-to-month,DSL,No,No,No,Credit card,111.38,2772.77,Yes
CUST01431,Female,0,Yes,56,Month-to-month,Fiber optic,No,No,Yes,Electronic check,74.46,4130.86,Yes
CUST01432,Male,0,Yes,42,Month-to-month,No,Yes,Yes,No,Electronic check,76.99,3164.22,No
CUST01433,Male,0,Yes,14,One year,Fiber optic,No,Yes,Yes,Credit card,78.49,998.9,No
CUST01434,Female,0,Yes,29,Month-to-month,No,No,No internet service,No,Mailed check,80.32,2147.77,No
CUST01435,Male,0,Yes,16,Month-to-month,Fiber optic,Yes,No,No,Bank transfer,62.93,998.13,Yes
CUST01436,Female,0,Yes,16,Month-to-month,Fiber optic,No,No,No,Credit card,56.98,841.43,No
CUST01437,Female,0,Yes,2,One year,No,No,Yes,Yes,Mailed check,69.17,129.32,No
CUST01438,Male,0,Yes,2,Month-to-month,No,No,No,Yes,Mailed check,93.92,170.0,No
CUST01439,Female,0,No,15,One year,Fiber optic,No,No,Yes,Electronic check,93.16,1345.43,Yes
CUST01440,Male,0,Yes,6,Two year,DSL,No internet service,Yes,Yes,Electronic check,58.99,338.48,No
CUST01441,Male,0,Yes,0,Month-to-month,Fiber optic,No,No internet service,No,Credit card,84.2,0.0,No
CUST01442,Male,0,Yes,25,One year,DSL,No,No,Yes,Mailed check,60.14,1487.31,No
CUST01443,Male,0,No,0,Month-to-month,Fiber optic,No,No,Yes,Electronic check,65.85,0.0,No
CUST01444,Female,1,No,18,Two year,Fiber optic,Yes,No internet service,Yes,Electronic check,53.16,919.5,No
CUST01445,Female,0,No,15,Month-to-month,No,No,No,No,Mailed check,60.46,853.68,Yes
CUST01446,Female,0,No,69,One year,No,No,No,No,Mailed check,98.53,6208.77,No
CUST01447,Female,0,Yes,13,Two year,Fiber optic,No,Yes,Yes,Bank transfer,67.31,863.46,Yes
CUST01448,Female,0,Yes,1,Two year,DSL,No internet service,No,Yes,Mailed check,68.38,65.3,No
CUST01449,Male,0,Yes,16,One year,No,No,Yes,Yes,Electronic check,28.82,434.62,No
CUST01450,Female,0,No,36,Month-to-month,DSL,Yes,Yes,Yes,Mailed check,57.27,1869.66,No
CUST01451,Female,0,No,72,One year,Fiber optic,No,No,No,Credit card,58.97,4103.77,No
CUST01452,Male,0,Yes,11,Two year,DSL,No,Yes,No,Electronic check,44.27,457.74,No
CUST01453,Male,0,Yes,7,One year,Fiber optic,No,No,No,Bank transfer,65.54,424.54,No
CUST01454,Male,0,No,47,Month-to-month,No,No internet service,No,No,Bank transfer,54.27,2519.25,No
CUST01455,Male,1,Yes,4,Two year,DSL,No,No,No,Bank transfer,67.0,246.12,No
CUST01456,Female,0,No,19,One year,Fiber optic,Yes,Yes,No,Electronic check,68.04,1230.06,No
CUST01457,Male,0,No,10,One year,DSL,Yes,Yes,No,Credit card,41.11,402.7,No
CUST01458,Female,0,No,0,Month-to-month,No,No,No,No,Bank transfer,55.03,0.0,Yes
CUST01459,Male,0,Yes,8,One year,No,Yes,No,Yes,Credit card,66.93,525.73,No
CUST01460,Male,0,Yes,6,Month-to-month,DSL,No,Yes,No,Electronic check,94.61,561.79,No
CUST01461,Male,0,No,23,One year,DSL,No,No,Yes,Bank transfer,71.42,1501.78,No
CUST01462,Female,0,No,59,Month-to-month,Fiber optic,No,No,No,Credit card,48.45,2841.53,No
CUST01463,Female,0,Yes,6,One year,DSL,No,Yes,Yes,Mailed check,74.98,405.38,No
CUST01464,Female,0,No,33,Two year,Fiber optic,No,No,Yes,Mailed check,107.69,3289.34,No
CUST01465,Male,1,No,1,Month-to-month,DSL,Yes,No,Yes,Bank transfer,87.92,79.87,No
CUST01466,Female,1,Yes,15,Two year,DSL,No,No internet service,No,Electronic check,78.69,1173.92,No
CUST01467,Male,0,No,1,Month-to-month,Fiber optic,No,Yes,No,Bank transfer,83.14,78.35,No
CUST01468,Female,0,Yes,54,Two year,DSL,No,No,No,Electronic check,101.0,5080.55,No
CUST01469,Male,0,No,29,One year,No,Yes,No internet service,Yes,Electronic check,91.89,2442.85,Yes
CUST01470,Female,0,Yes,21,One year,DSL,No,No,Yes,Bank transfer,79.17,1522.22,Yes
CUST01471,Female,0,No,34,One year,DSL,No,No,Yes,Electronic check,91.72,2998.09,No
CUST01472,Male,0,Yes,20,Two year,No,Yes,Yes,No,Credit card,37.96,686.85,No
CUST01473,Male,1,Yes,69,Month-to-month,Fiber optic,No internet service,No internet service,No,Credit card,27.44,1816.55,Yes
CUST01474,Female,0,No,25,Month-to-month,Fiber optic,No,No internet service,No,Bank transfer,68.93,1684.42,Yes
CUST01475,Female,0,No,51,One year,DSL,No,No,No,Credit card,66.72,3266.96,No
CUST01476,Female,0,No,14,Two year,Fiber optic,No,Yes,No,Credit card,51.4,707.12,No
CUST01477,Male,0,No,2,One year,Fiber optic,No internet service,Yes,Yes,Electronic check,85.65,158.71,No
CUST01478,Male,0,No,15,One year,DSL,No,No,Yes,Credit card,18.43,250.94,No
CUST01479,Female,0,No,2,Month-to-month,No,No,Yes,No,Electronic check,51.63,100.38,No
CUST01480,Female,0,Yes,17,Two year,Fiber optic,No,No,Yes,Mailed check,52.88,883.51,No
CUST01481,Female,0,Yes,13,Month-to-month,Fiber optic,Yes,No,No,Bank transfer,24.09,297.56,Yes
CUST01482,Male,0,Yes,19,Month-to-month,Fiber optic,Yes,No internet service,No,Bank transfer,102.37,1910.14,Yes
CUST01483,Male,0,Yes,0,Month-to-month,Fiber optic,Yes,Yes,Yes,Electronic check,31.02,0.0,No
CUST01484,Male,0,Yes,4,Month-to-month,DSL,No,No,Yes,Electronic check,50.29,185.04,Yes
CUST01485,Male,0,No,13,Month-to-month,Fiber optic,No,No,Yes,Bank transfer,87.7,1080.18,Yes
CUST01486,Male,1,No,60,Month-to-month,DSL,Yes,No,No,Mailed check,81.15,4487.25,No
CUST01487,Male,1,No,9,One year,Fiber optic,No,No internet service,Yes,Credit card,37.3,317.98,Yes
CUST01488,Male,0,No,11,Month-to-month,Fiber optic,No,Yes,Yes,Bank transfer,82.06,825.71,No
CUST01489,Male,0,Yes,25,Month-to-month,Fiber optic,No,No,No,Electronic check,72.24,1658.91,Yes
CUST01490,Female,0,Yes,18,Month-to-month,No,No,No internet service,Yes,Electronic check,120.0,2134.71,No
CUST01491,Female,0,No,7,Month-to-month,DSL,No,No,Yes,Bank transfer,75.1,479.22,No
CUST01492,Male,0,No,10,Month-to-month,Fiber optic,No,No,Yes,Mailed check,61.47,567.02,No
CUST01493,Male,0,Yes,4,Month-to-month,Fiber optic,No,Yes,Yes,Electronic check,43.59,174.28,No
CUST01494,Male,0,No,67,One year,Fiber optic,No,No,No,Electronic check,46.39,2976.35,No
CUST01495,Male,0,Yes,2,One year,Fiber optic,No,No,No,Electronic check,44.36,85.05,No
CUST01496,Female,0,Yes,9,One year,DSL,No,Yes,Yes,Electronic check,99.28,879.67,No
CUST01497,Female,0,Yes,0,Month-to-month,Fiber optic,No,No,No,Mailed check,65.45,0.0,Yes
CUST01498,Female,0,Yes,5,Month-to-month,DSL,No internet service,No internet service,Yes,Bank transfer,79.13,364.86,No
CUST01499,Female,0,No,30,Two year,No,Yes,No internet service,No,Bank transfer,102.86,2907.58,No
CUST01500,Female,0,Yes,4,Month-to-month,DSL,No internet service,No,No,Credit card,18.0,70.24,No
CUST01501,Male,1,No,1,Month-to-month,No,No,No,Yes,Electronic check,96.97,95.73,Yes
CUST01502,Male,0,Yes,12,Month-to-month,Fiber optic,No,No internet service,Yes,Mailed check,66.38,738.67,No
CUST01503,Male,0,No,0,Month-to-month,DSL,No,No,Yes,Bank transfer,75.88,0.0,No
CUST01504,Male,0,No,1,Month-to-month,Fiber optic,No,No,No,Bank transfer,44.29,41.31,Yes
CUST01505,Female,1,No,32,Month-to-month,No,No internet service,No,Yes,Bank transfer,46.12,1416.25,Yes
CUST01506,Female,1,Yes,29,One year,No,Yes,No,Yes,Bank transfer,77.22,2077.81,No
CUST01507,Female,0,No,49,Month-to-month,DSL,No,Yes,Yes,Bank transfer,120.0,5817.16,No
CUST01508,Male,1,No,38,One year,DSL,Yes,Yes,Yes,Electronic check,90.08,3415.51,No
CUST01509,Female,0,Yes,22,One year,DSL,Yes,No,No,Bank transfer,96.64,2057.86,No
CUST01510,Male,0,Yes,1,Two year,DSL,No,No,No,Bank transfer,60.2,60.02,Yes
CUST01511,Female,0,Yes,30,One year,Fiber optic,Yes,No internet service,No,Credit card,49.99,1392.9,No
CUST01512,Female,0,Yes,37,Two year,No,No internet service,No,Yes,Bank transfer,45.48,1651.66,No
CUST01513,Female,0,Yes,32,Month-to-month,Fiber optic,No,Yes,Yes,Bank transfer,52.79,1634.96,No
CUST01514,Male,1,No,14,Month-to-month,Fiber optic,No,No,Yes,Mailed check,18.0,233.43,No
CUST01515,Female,0,Yes,5,Month-to-month,Fiber optic,No,Yes,No,Credit card,46.88,218.42,Yes
CUST01516,Male,0,No,37,One year,Fiber optic,Yes,Yes,Yes,Credit card,50.99,1790.15,No
CUST01517,Male,0,No,25,Two year,DSL,No internet service,Yes,No,Credit card,60.62,1483.92,No
CUST01518,Male,0,No,72,Month-to-month,Fiber optic,No,No,Yes,Bank transfer,68.29,4854.05,No
CUST01519,Female,0,Yes,3,Two year,No,No,Yes,No,Electronic check,74.06,214.05,No
CUST01520,Female,0,No,5,Month-to-month,Fiber optic,Yes,Yes,No,Bank transfer,64.63,314.15,No
CUST01521,Female,0,Yes,4,Two year,DSL,No,No,No,Bank transfer,50.46,186.98,No
CUST01522,Female,0,Yes,31,Month-to-month,DSL,Yes,Yes,Yes,Credit card,18.0,543.55,No
CUST01523,Male,0,Yes,4,Month-to-month,DSL,No,Yes,Yes,Electronic check,50.62,194.48,Yes
CUST01524,Female,0,No,1,Month-to-month,Fiber optic,No,No internet service,No,Bank transfer,40.69,37.53,Yes
CUST01525,Male,0,No,72,Month-to-month,Fiber optic,No,No,No,Electronic check,76.65,5491.31,No
CUST01526,Male,0,Yes,0,Month-to-month,DSL,No internet service,Yes,Yes,Bank transfer,87.73,0.0,No
CUST01527,Female,0,Yes,36,Month-to-month,No,Yes,Yes,Yes,Electronic check,88.46,3119.11,Yes
CUST01528,Male,0,Yes,9,Two year,Fiber optic,No,No,No,Bank transfer,83.92,719.45,No
CUST01529,Male,0,No,36,Month-to-month,Fiber optic,No,No,No,Electronic check,61.66,2204.87,No
CUST01530,Female,0,No,16,Month-to-month,No,Yes,Yes,Yes,Electronic check,51.95,759.82,No
CUST01531,Male,1,Yes,46,One year,DSL,No,Yes,Yes,Bank transfer,46.32,2034.02,No
CUST01532,Female,0,Yes,52,One year,No,No,No internet service,No,Electronic check,27.31,1281.68,Yes
CUST01533,Female,0,No,0,Month-to-month,DSL,No,No,No,Bank transfer,89.8,0.0,No
CUST01534,Male,0,Yes,1,Month-to-month,Fiber optic,No,No,Yes,Credit card,60.63,56.27,No
CUST01535,Female,1,Yes,5,Month-to-month,No,No,Yes,Yes,Credit card,33.84,160.28,No
CUST01536,Male,0,No,22,Month-to-month,No,No,Yes,No,Electronic check,44.34,957.94,Yes
CUST01537,Female,0,Yes,43,One year,Fiber optic,Yes,No,Yes,Credit card,43.33,1763.82,No
CUST01538,Female,0,No,12,Month-to-month,Fiber optic,Yes,No internet service,Yes,Mailed check,66.08,758.16,No
CUST01539,Female,0,Yes,18,Month-to-month,Fiber optic,No,Yes,No,Credit card,91.69,1637.89,Yes
CUST01540,Female,0,No,4,One year,No,Yes,No internet service,Yes,Credit card,56.3,219.72,No
CUST01541,Female,1,No,32,Month-to-month,DSL,No internet service,Yes,Yes,Electronic check,18.0,521.29,No
CUST01542,Male,0,No,68,One year,No,No internet service,No,Yes,Mailed check,60.27,3760.84,No
CUST01543,Female,0,No,6,Month-to-month,Fiber optic,No,Yes,No,Electronic check,61.1,331.34,No
CUST01544,Male,0,Yes,13,Two year,Fiber optic,No internet service,No,Yes,Credit card,59.38,700.08,No
CUST01545,Female,0,Yes,1,Month-to-month,Fiber optic,No,No,Yes,Mailed check,49.31,46.05,No
CUST01546,Male,0,Yes,16,Two year,Fiber optic,Yes,No,Yes,Bank transfer,70.44,1096.37,No
CUST01547,Male,0,Yes,13,One year,No,No,No,Yes,Bank transfer,66.65,800.98,No
CUST01548,Male,0,Yes,3,Month-to-month,Fiber optic,No,No,No,Credit card,64.38,181.4,Yes
CUST01549,Male,0,No,11,One year,No,Yes,No,No,Credit card,75.32,778.3,No
CUST01550,Male,0,Yes,8,Two year,DSL,No,Yes,No,Mailed check,54.25,416.22,No
CUST01551,Female,0,Yes,14,One year,Fiber optic,Yes,No,Yes,Bank transfer,52.84,731.84,No
CUST01552,Male,0,No,17,Two year,No,No,Yes,Yes,Credit card,99.5,1688.66,No
CUST01553,Male,0,No,0,Two year,Fiber optic,No,No,Yes,Credit card,78.98,0.0,No
CUST01554,Male,1,Yes,28,Month-to-month,Fiber optic,No,No,Yes,Electronic check,85.67,2280.04,No
CUST01555,Female,0,Yes,24,Month-to-month,Fiber optic,Yes,Yes,Yes,Electronic check,95.65,2222.57,Yes
CUST01556,Female,1,Yes,9,One year,No,Yes,No internet service,Yes,Electronic check,78.15,680.0,No
CUST01557,Female,0,Yes,1,Month-to-month,No,No,No internet service,No,Mailed check,88.21,84.01,No
CUST01558,Female,0,No,28,Two year,DSL,No internet service,No,No,Electronic check,25.52,695.76,No
CUST01559,Male,0,Yes,62,Two year,No,No,Yes,No,Mailed check,70.1,4125.1,No
CUST01560,Female,1,No,5,Month-to-month,Fiber optic,No,No,Yes,Bank transfer,60.43,302.04,No
CUST01561,Female,0,No,7,Month-to-month,DSL,No,No internet service,No,Mailed check,106.94,677.39,No
CUST01562,Female,0,No,4,One year,No,No,Yes,Yes,Bank transfer,88.19,333.12,No
CUST01563,Male,0,Yes,17,Month-to-month,Fiber optic,No,No internet service,Yes,Electronic check,49.24,786.61,Yes
CUST01564,Female,0,No,3,Two year,No,Yes,No internet service,Yes,Credit card,74.32,217.84,No
CUST01565,Male,1,No,8,Month-to-month,DSL,Yes,No,Yes,Credit card,69.19,508.73,No
CUST01566,Female,0,No,23,One year,DSL,Yes,No,Yes,Bank transfer,76.36,1656.89,No
CUST01567,Male,0,No,16,Month-to-month,Fiber optic,No,No,Yes,Credit card,39.53,613.38,No
CUST01568,Female,1,No,9,One year,DSL,Yes,No,Yes,Electronic check,74.0,639.57,No
CUST01569,Male,0,No,10,Month-to-month,Fiber optic,Yes,No,No,Credit card,59.3,566.03,No
CUST01570,Male,0,No,16,One year,DSL,No,Yes,Yes,Electronic check,72.06,1087.81,Yes
CUST01571,Male,0,No,0,Month-to-month,Fiber optic,No,No,Yes,Mailed check,46.89,0.0,Yes
CUST01572,Female,0,No,1,One year,DSL,No,Yes,Yes,Electronic check,50.37,48.59,No
CUST01573,Male,0,No,42,Two year,DSL,No,No,Yes,Bank transfer,94.35,3913.05,No
CUST01574,Female,0,No,1,Month-to-month,Fiber optic,No internet service,No internet service,No,Electronic check,38.71,37.68,Yes
CUST01575,Female,0,No,24,Month-to-month,DSL,No internet service,Yes,Yes,Bank transfer,40.56,889.76,No
CUST01576,Male,0,Yes,50,Month-to-month,Fiber optic,No,No,No,Mailed check,63.71,3064.3,No
CUST01577,Male,1,No,6,One year,No,No internet service,No,No,Credit card,45.7,248.0,No
CUST01578,Female,0,No,9,One year,Fiber optic,Yes,Yes,No,Bank transfer,42.87,362.19,No
CUST01579,Female,0,No,16,Month-to-month,No,No,No internet service,Yes,Electronic check,67.63,1018.45,No
CUST01580,Male,0,No,42,Month-to-month,DSL,No,No,Yes,Electronic check,27.37,1132.86,Yes
CUST01581,Female,0,Yes,56,Month-to-month,DSL,No,No,No,Credit card,39.8,2046.12,No
CUST01582,Male,0,Yes,26,One year,No,No,Yes,No,Mailed check,116.35,2917.27,No
CUST01583,Male,0,No,1,Month-to-month,Fiber optic,Yes,Yes,No,Mailed check,76.49,70.31,No
CUST01584,Female,0,No,22,Two year,Fiber optic,No internet service,Yes,No,Bank transfer,46.34,1014.25,No
CUST01585,Female,0,Yes,10,Month-to-month,Fiber optic,Yes,Yes,No,Electronic check,75.46,719.1,No
CUST01586,Female,0,No,12,One year,Fiber optic,No,No,Yes,Electronic check,79.18,922.44,No
CUST01587,Male,0,No,1,Month-to-month,DSL,No,No,No,Mailed check,89.86,86.68,No
CUST01588,Female,0,No,4,Month-to-month,Fiber optic,No,Yes,No,Electronic check,61.82,230.06,No
CUST01589,Male,0,No,31,One year,Fiber optic,No,Yes,Yes,Electronic check,89.41,2744.32,Yes
CUST01590,Male,0,Yes,12,One year,Fiber optic,Yes,No,No,Electronic check,18.0,207.95,No
CUST01591,Male,0,No,7,Two year,No,No internet service,No,No,Electronic check,38.59,256.9,No
CUST01592,Female,0,No,9,Month-to-month,DSL,No internet service,No,Yes,Electronic check,69.1,592.57,Yes
CUST01593,Female,0,No,38,Month-to-month,DSL,No,Yes,Yes,Credit card,73.24,2752.7,No
CUST01594,Female,0,No,27,One year,No,No internet service,No internet service,Yes,Bank transfer,42.21,1032.44,No
CUST01595,Male,0,Yes,6,One year,Fiber optic,Yes,No internet service,No,Credit card,71.49,402.73,No
CUST01596,Female,0,No,2,Month-to-month,Fiber optic,No,No,No,Electronic check,49.4,97.24,Yes
CUST01597,Male,0,No,5,Month-to-month,DSL,No,No,No,Electronic check,58.08,262.45,No
CUST01598,Female,0,No,50,Month-to-month,DSL,No,No,Yes,Credit card,90.62,4367.51,No
CUST01599,Female,0,No,17,Two year,Fiber optic,Yes,No internet service,Yes,Bank transfer,87.72,1402.25,No
CUST01600,Male,0,No,15,Month-to-month,Fiber optic,No,No,Yes,Electronic check,40.07,553.24,No
CUST01601,Male,1,No,18,Month-to-month,No,No,No internet service,Yes,Mailed check,38.57,667.28,No
CUST01602,Male,0,No,9,Month-to-month,No,Yes,Yes,Yes,Mailed check,54.72,484.16,No
CUST01603,Female,0,No,32,Month-to-month,No,Yes,No,Yes,Credit card,64.33,1948.91,Yes
CUST01604,Male,0,Yes,14,Month-to-month,Fiber optic,Yes,No,Yes,Electronic check,48.55,621.7,No
CUST01605,Female,1,Yes,2,Month-to-month,Fiber optic,No,No,No,Bank transfer,91.02,169.41,Yes
CUST01606,Female,0,No,2,Month-to-month,Fiber optic,No,No,No,Bank transfer,73.68,147.09,Yes
CUST01607,Female,0,No,15,Two year,DSL,Yes,No internet service,Yes,Credit card,75.15,1027.05,No
CUST01608,Female,1,Yes,55,Month-to-month,DSL,No,No,Yes,Credit card,33.34,1679.8,Yes
CUST01609,Male,0,No,7,Month-to-month,Fiber optic,Yes,No,No,Electronic check,94.18,658.61,No
CUST01610,Female,0,No,40,Two year,No,No,No,No,Bank transfer,18.0,711.51,No
CUST01611,Male,1,No,28,One year,DSL,No,No,Yes,Bank transfer,85.85,2333.4,No
CUST01612,Female,0,Yes,5,Month-to-month,DSL,No,No,Yes,Bank transfer,88.36,404.29,No
CUST01613,Male,0,Yes,0,Month-to-month,No,No,No,Yes,Credit card,54.19,0.0,No
CUST01614,Female,0,No,2,Month-to-month,DSL,Yes,No,Yes,Credit card,96.82,177.77,No
CUST01615,Female,0,Yes,26,One year,Fiber optic,Yes,Yes,Yes,Electronic check,63.42,1588.07,No
CUST01616,Female,0,No,4,Two year,DSL,No,Yes,Yes,Electronic check,66.56,250.24,Yes
CUST01617,Male,0,No,9,One year,DSL,Yes,No internet service,No,Credit card,73.49,598.43,No
CUST01618,Female,0,No,13,One year,No,No internet service,Yes,Yes,Electronic check,120.0,1449.44,No
CUST01619,Male,0,No,25,One year,DSL,No,Yes,No,Electronic check,98.61,2430.9,No
CUST01620,Male,0,Yes,2,Month-to-month,Fiber optic,No,No,Yes,Mailed check,82.53,161.69,Yes
CUST01621,Male,0,Yes,10,Month-to-month,DSL,Yes,Yes,No,Credit card,42.18,406.74,No
CUST01622,Male,0,No,13,One year,DSL,No internet service,No,No,Electronic check,68.59,810.13,Yes
CUST01623,Male,0,No,15,Two year,DSL,No,Yes,No,Bank transfer,44.67,662.2,No
CUST01624,Female,0,Yes,34,Month-to-month,DSL,No,Yes,Yes,Electronic check,85.55,2773.31,Yes
CUST01625,Female,0,Yes,3,One year,DSL,No,No internet service,Yes,Electronic check,68.51,195.14,No
CUST01626,Male,1,Yes,32,Month-to-month,Fiber optic,No,No,Yes,Mailed check,36.89,1172.7,No
CUST01627,Female,0,No,23,Month-to-month,Fiber optic,No,Yes,Yes,Electronic check,67.03,1388.88,Yes
CUST01628,Female,0,Yes,16,Month-to-month,DSL,No,No,Yes,Credit card,43.76,669.07,No
CUST01629,Male,0,Yes,24,Month-to-month,Fiber optic,No,No,Yes,Credit card,68.78,1616.26,No
CUST01630,Male,0,No,10,One year,No,No,No,Yes,Bank transfer,43.52,394.45,No
CUST01631,Male,0,Yes,2,Month-to-month,No,Yes,No,Yes,Electronic check,65.69,122.93,Yes
CUST01632,Male,0,No,21,One year,Fiber optic,Yes,Yes,No,Mailed check,83.76,1755.0,No
CUST01633,Female,0,Yes,14,One year,No,Yes,No,Yes,Electronic check,63.67,821.12,No
CUST01634,Female,0,No,20,Two year,DSL,Yes,No,Yes,Electronic check,55.23,1052.81,No
CUST01635,Male,0,Yes,8,Month-to-month,Fiber optic,No internet service,Yes,No,Mailed check,70.08,546.4,No
CUST01636,Female,0,Yes,47,Month-to-month,Fiber optic,No,No,No,Bank transfer,82.43,3638.03,No
CUST01637,Male,0,No,17,Month-to-month,Fiber optic,No internet service,No,Yes,Electronic check,37.32,596.87,Yes
CUST01638,Male,0,Yes,1,Two year,Fiber optic,No,No,Yes,Electronic check,71.52,64.82,Yes
CUST01639,Female,1,No,11,Two year,Fiber optic,No,No,No,Credit card,97.94,990.09,No
CUST01640,Male,0,Yes,28,Month-to-month,No,No,No internet service,No,Mailed check,79.34,2195.0,No
CUST01641,Female,0,Yes,31,Two year,No,No,No internet service,Yes,Credit card,66.44,2022.22,No
CUST01642,Female,0,No,13,Month-to-month,Fiber optic,No,No,No,Credit card,80.99,979.66,Yes
CUST01643,Female,0,No,45,One year,Fiber optic,No,No,No,Mailed check,76.31,3221.63,Yes
CUST01644,Female,0,Yes,6,Month-to-month,DSL,No,No,Yes,Electronic check,83.84,474.89,Yes
CUST01645,Female,1,No,10,One year,DSL,No,Yes,Yes,Credit card,18.0,168.23,No
CUST01646,Female,1,No,45,Month-to-month,Fiber optic,No,No,No,Electronic check,26.16,1136.46,No
CUST01647,Male,0,Yes,45,Two year,Fiber optic,No internet service,No,Yes,Electronic check,90.12,3655.06,Yes
CUST01648,Female,0,No,23,One year,DSL,No internet service,No,Yes,Credit card,27.37,621.97,Yes
CUST01649,Female,0,Yes,39,One year,No,No,Yes,Yes,Mailed check,75.04,2721.89,No
CUST01650,Female,1,Yes,1,Month-to-month,Fiber optic,Yes,Yes,Yes,Electronic check,56.2,55.48,No
CUST01651,Male,0,Yes,40,Month-to-month,Fiber optic,Yes,No,Yes,Bank transfer,40.1,1516.48,No
CUST01652,Female,0,No,7,Month-to-month,DSL,Yes,Yes,No,Bank transfer,73.74,504.63,No
CUST01653,Male,1,Yes,3,Month-to-month,DSL,Yes,No,No,Electronic check,70.03,206.43,Yes
CUST01654,Female,0,No,5,Month-to-month,No,No,No,Yes,Electronic check,117.76,547.66,No
CUST01655,Female,0,Yes,10,Two year,Fiber optic,Yes,Yes,Yes,Electronic check,49.38,476.04,Yes
CUST01656,Male,1,Yes,5,One year,No,No,No,No,Mailed check,101.0,485.17,Yes
CUST01657,Male,0,No,7,Month-to-month,No,Yes,No,Yes,Bank transfer,73.81,489.6,No
CUST01658,Female,0,No,2,Month-to-month,Fiber optic,No,No,No,Bank transfer,48.47,91.8,No
CUST01659,Female,0,Yes,7,Month-to-month,DSL,Yes,Yes,No,Bank transfer,84.98,553.53,No
CUST01660,Female,0,Yes,16,One year,No,No internet service,Yes,No,Electronic check,79.14,1178.89,No
CUST01661,Male,1,No,11,Month-to-month,No,No,No internet service,Yes,Electronic check,65.9,692.15,Yes
CUST01662,Female,1,Yes,8,Two year,Fiber optic,No,No,Yes,Electronic check,71.66,517.8,No
CUST01663,Female,0,No,27,Month-to-month,Fiber optic,No internet service,No,Yes,Electronic check,50.08,1343.19,Yes
CUST01664,Female,0,No,44,Two year,Fiber optic,Yes,Yes,Yes,Electronic check,44.36,1883.52,Yes
CUST01665,Female,0,No,28,Two year,Fiber optic,No internet service,Yes,No,Mailed check,83.99,2220.83,No
CUST01666,Female,0,No,8,Month-to-month,Fiber optic,No,No,No,Electronic check,59.4,430.62,Yes
CUST01667,Male,0,No,27,Two year,No,No,No internet service,No,Bank transfer,63.0,1638.07,No
CUST01668,Male,0,Yes,3,Month-to-month,Fiber optic,Yes,No internet service,Yes,Credit card,72.0,194.78,No
CUST01669,Female,0,Yes,2,Two year,DSL,Yes,No internet service,No,Bank transfer,71.63,138.67,Yes
CUST01670,Female,0,Yes,8,Month-to-month,DSL,No internet service,Yes,Yes,Electronic check,29.27,212.44,No
CUST01671,Male,1,Yes,32,Two year,DSL,No,No internet service,No,Credit card,97.16,3002.2,Yes
CUST01672,Male,0,No,5,Two year,DSL,Yes,No internet service,Yes,Credit card,68.03,319.94,No
CUST01673,Female,0,Yes,1,Two year,No,No,Yes,Yes,Electronic check,59.93,57.91,No
CUST01674,Male,0,No,2,One year,DSL,Yes,No,No,Bank transfer,75.77,138.48,No
CUST01675,Female,0,No,39,Month-to-month,DSL,Yes,No,No,Credit card,70.91,2521.4,No
CUST01676,Female,0,No,20,Month-to-month,DSL,No internet service,Yes,No,Mailed check,84.18,1556.9,No
CUST01677,Female,0,No,5,Month-to-month,Fiber optic,No,No,Yes,Electronic check,78.45,369.17,Yes
CUST01678,Male,0,No,16,Month-to-month,Fiber optic,No,No internet service,No,Mailed check,82.95,1228.06,No
CUST01679,Female,0,Yes,14,One year,DSL,No internet service,No internet service,No,Mailed check,98.77,1255.84,No
CUST01680,Male,0,No,21,Month-to-month,DSL,No,No internet service,No,Mailed check,87.09,1705.45,No
CUST01681,Male,0,Yes,5,Two year,DSL,No,No,Yes,Credit card,60.99,295.98,No
CUST01682,Male,0,No,39,One year,Fiber optic,Yes,No,No,Bank transfer,36.93,1380.22,Yes
CUST01683,Male,0,Yes,7,Two year,DSL,No,No,Yes,Electronic check,106.69,744.09,Yes
CUST01684,Male,0,Yes,23,Month-to-month,No,No,No,Yes,Bank transfer,59.06,1281.76,No
CUST01685,Male,0,No,0,Two year,Fiber optic,Yes,Yes,Yes,Bank transfer,53.17,0.0,No
CUST01686,Male,0,No,9,Two year,DSL,No,No,No,Electronic check,21.58,188.27,No
CUST01687,Male,0,No,8,Month-to-month,Fiber optic,No,Yes,Yes,Mailed check,73.46,553.12,No
CUST01688,Male,0,Yes,15,One year,DSL,No,Yes,Yes,Credit card,68.72,991.46,No
CUST01689,Male,0,Yes,1,One year,Fiber optic,No internet service,Yes,No,Bank transfer,27.12,26.97,No
CUST01690,Male,0,Yes,31,Month-to-month,DSL,Yes,No internet service,Yes,Electronic check,76.33,2247.73,No
CUST01691,Male,0,No,4,Month-to-month,Fiber optic,Yes,Yes,Yes,Electronic check,52.55,199.65,No
CUST01692,Female,0,No,22,Month-to-month,Fiber optic,No,No,No,Mailed check,120.0,2580.64,No
CUST01693,Male,0,Yes,32,Month-to-month,No,Yes,No internet service,Yes,Mailed check,50.77,1585.01,No
CUST01694,Female,0,No,16,Month-to-month,DSL,Yes,No,Yes,Electronic check,54.12,824.03,Yes
CUST01695,Male,0,Yes,27,Month-to-month,DSL,Yes,Yes,Yes,Bank transfer,43.13,1055.6,No
CUST01696,Female,0,No,21,Month-to-month,Fiber optic,No,No,Yes,Electronic check,96.95,2032.04,Yes
CUST01697,Male,0,Yes,8,Month-to-month,No,Yes,Yes,Yes,Electronic check,55.68,417.7,No
CUST01698,Male,0,No,33,Two year,No,Yes,Yes,No,Mailed check,46.88,1441.33,No
CUST01699,Female,0,No,6,Month-to-month,DSL,Yes,No internet service,No,Electronic check,82.67,495.1,No
CUST01700,Male,0,Yes,16,Two year,DSL,No,Yes,Yes,Credit card,30.49,481.6,No
CUST01701,Female,0,Yes,27,Month-to-month,Fiber optic,No,No,Yes,Electronic check,80.63,2031.2,Yes
CUST01702,Male,0,Yes,9,Month-to-month,DSL,Yes,No,Yes,Bank transfer,109.53,917.59,No
CUST01703,Male,1,Yes,7,Month-to-month,DSL,No,Yes,Yes,Mailed check,79.17,538.73,No
CUST01704,Male,1,Yes,12,Month-to-month,DSL,No,No,No,Mailed check,80.95,906.74,No
CUST01705,Female,0,Yes,34,Month-to-month,Fiber optic,No,Yes,Yes,Bank transfer,86.75,2728.71,Yes
CUST01706,Female,0,Yes,53,One year,No,Yes,No,No,Mailed check,107.74,5698.61,No
CUST01707,Female,0,Yes,15,Month-to-month,No,No,No,No,Bank transfer,95.25,1366.7,Yes
CUST01708,Male,0,Yes,21,One year,Fiber optic,No internet service,Yes,No,Mailed check,75.99,1557.89,No
CUST01709,Female,0,Yes,46,One year,Fiber optic,Yes,No,Yes,Bank transfer,87.6,3913.97,No
CUST01710,Male,0,Yes,2,Month-to-month,No,Yes,Yes,Yes,Bank transfer,42.85,83.6,No
CUST01711,Male,1,No,5,Month-to-month,DSL,Yes,No,Yes,Bank transfer,84.41,417.97,Yes
CUST01712,Female,0,No,24,One year,Fiber optic,No,No,No,Bank transfer,39.86,908.88,Yes
CUST01713,Female,0,No,34,Month-to-month,Fiber optic,No,No,Yes,Credit card,55.82,1851.07,No
CUST01714,Male,0,Yes,38,Month-to-month,DSL,Yes,No internet service,Yes,Credit card,18.0,670.1,No
CUST01715,Male,0,Yes,10,Two year,Fiber optic,Yes,No,No,Mailed check,75.04,746.38,No
CUST01716,Male,0,Yes,1,Month-to-month,DSL,No internet service,No internet service,Yes,Bank transfer,48.9,47.5,Yes
CUST01717,Female,0,No,11,One year,Fiber optic,No,Yes,Yes,Electronic check,92.78,1009.62,No
CUST01718,Female,0,No,5,Two year,DSL,No internet service,No internet service,Yes,Mailed check,74.75,339.93,Yes
CUST01719,Female,1,Yes,6,Month-to-month,DSL,No internet service,No,Yes,Mailed check,93.1,509.78,No
CUST01720,Female,1,No,29,Month-to-month,DSL,No,No,No,Credit card,37.91,1006.86,Yes
CUST01721,Female,0,No,1,Month-to-month,No,Yes,No internet service,Yes,Mailed check,90.96,83.18,No
CUST01722,Female,0,No,35,Month-to-month,Fiber optic,No,No,Yes,Bank transfer,117.65,3742.01,No
CUST01723,Male,0,Yes,11,Month-to-month,Fiber optic,No,No internet service,No,Electronic check,84.1,843.93,No
CUST01724,Female,1,Yes,18,One year,Fiber optic,No,No,Yes,Mailed check,84.76,1525.06,No
CUST01725,Female,0,Yes,1,Month-to-month,Fiber optic,No,No,Yes,Credit card,69.24,64.2,Yes
CUST01726,Male,0,Yes,8,Month-to-month,DSL,No internet service,No,Yes,Electronic check,51.88,393.38,No
CUST01727,Male,0,No,1,Two year,Fiber optic,Yes,Yes,No,Electronic check,84.03,82.53,Yes
CUST01728,Male,0,Yes,65,Two year,DSL,Yes,No,No,Mailed check,27.35,1621.01,No
CUST01729,Female,0,No,32,One year,DSL,No,No internet service,Yes,Bank transfer,54.56,1626.74,No
CUST01730,Male,0,Yes,12,Month-to-month,Fiber optic,No internet service,No,Yes,Mailed check,20.72,227.74,No
CUST01731,Female,0,Yes,5,One year,DSL,No internet service,No,No,Mailed check,47.41,214.83,No
CUST01732,Female,0,Yes,54,Month-to-month,DSL,No,No,Yes,Bank transfer,81.05,4359.52,No
CUST01733,Male,0,Yes,8,Month-to-month,Fiber optic,Yes,No,Yes,Electronic check,77.63,612.24,Yes
CUST01734,Female,0,No,3,Month-to-month,Fiber optic,No,Yes,No,Bank transfer,66.27,196.41,Yes
CUST01735,Male,0,No,16,Two year,Fiber optic,No internet service,Yes,No,Electronic check,69.26,1093.61,No
CUST01736,Female,0,No,57,Month-to-month,Fiber optic,No,Yes,No,Mailed check,18.0,939.26,No
CUST01737,Male,0,No,0,Month-to-month,Fiber optic,No,No,No,Bank transfer,55.69,0.0,No
CUST01738,Female,0,Yes,5,Month-to-month,Fiber optic,Yes,No internet service,No,Credit card,47.97,233.32,No
CUST01739,Female,0,No,55,Month-to-month,DSL,Yes,Yes,No,Credit card,48.52,2648.7,No
CUST01740,Male,0,Yes,3,Two year,DSL,No,Yes,Yes,Bank transfer,79.99,221.24,No
CUST01741,Male,0,No,2,One year,Fiber optic,No internet service,No,Yes,Mailed check,43.49,81.88,No
CUST01742,Female,1,No,16,One year,DSL,No internet service,No,No,Electronic check,49.88,741.81,Yes
CUST01743,Female,0,Yes,39,Month-to-month,No,No internet service,No,Yes,Electronic check,18.0,649.91,No
CUST01744,Female,0,Yes,12,Month-to-month,No,No,Yes,No,Credit card,57.65,667.75,No
CUST01745,Male,1,No,72,Month-to-month,DSL,No,No,No,Credit card,37.8,2494.06,No
CUST01746,Male,0,Yes,22,Month-to-month,DSL,No internet service,No internet service,Yes,Credit card,66.98,1394.7,No
CUST01747,Male,0,Yes,1,Month-to-month,DSL,Yes,No,Yes,Electronic check,41.22,39.76,No
CUST01748,Male,0,Yes,72,One year,DSL,No internet service,No,Yes,Mailed check,67.61,4444.56,No
CUST01749,Female,1,No,10,Month-to-month,DSL,No,No,Yes,Bank transfer,61.38,568.19,No
CUST01750,Female,0,Yes,6,Month-to-month,Fiber optic,No internet service,No,No,Bank transfer,106.8,638.71,No
CUST01751,Female,0,No,16,Month-to-month,No,No,No internet service,Yes,Bank transfer,77.43,1213.54,No
CUST01752,Female,0,No,7,Month-to-month,Fiber optic,Yes,No,No,Bank transfer,19.01,128.77,No
CUST01753,Male,1,No,1,Month-to-month,DSL,Yes,Yes,Yes,Mailed check,33.38,32.9,No
CUST01754,Male,0,Yes,0,Two year,Fiber optic,No,Yes,No,Electronic check,66.38,0.0,No
CUST01755,Male,0,No,11,Two year,Fiber optic,Yes,No,Yes,Electronic check,41.75,413.6,No
CUST01756,Male,0,Yes,36,Two year,No,No,No,Yes,Electronic check,18.0,593.18,Yes
CUST01757,Female,0,No,16,Month-to-month,No,No,No,Yes,Mailed check,98.74,1500.1,Yes
CUST01758,Female,0,No,72,Month-to-month,No,No,Yes,Yes,Electronic check,83.01,5719.71,Yes
CUST01759,Male,0,No,6,Month-to-month,Fiber optic,Yes,Yes,No,Electronic check,78.02,426.63,No
CUST01760,Female,0,No,6,Month-to-month,Fiber optic,No internet service,No,No,Bank transfer,49.82,271.19,No
CUST01761,Female,0,No,3,Two year,DSL,No,No internet service,Yes,Credit card,75.69,223.17,Yes
CUST01762,Female,0,Yes,3,Month-to-month,Fiber optic,No internet service,No,Yes,Credit card,47.39,134.56,No
CUST01763,Male,0,No,6,Month-to-month,DSL,Yes,No,No,Electronic check,70.12,420.4,No
CUST01764,Female,0,Yes,31,Month-to-month,Fiber optic,No internet service,No internet service,No,Electronic check,41.99,1201.37,No
CUST01765,Male,1,Yes,47,Month-to-month,Fiber optic,Yes,No,Yes,Electronic check,102.91,4666.13,No
CUST01766,Male,0,Yes,72,One year,DSL,No,No,Yes,Credit card,25.74,1817.03,No
CUST01767,Female,0,No,5,Month-to-month,DSL,No,Yes,Yes,Mailed check,95.81,472.95,No
CUST01768,Male,0,Yes,42,Month-to-month,DSL,No internet service,No,Yes,Electronic check,65.97,2578.54,No
CUST01769,Male,0,No,7,Month-to-month,DSL,No,No internet service,Yes,Credit card,52.76,339.53,Yes
CUST01770,Male,0,No,2,Month-to-month,DSL,Yes,No,Yes,Mailed check,69.18,127.65,No
CUST01771,Male,0,No,40,One year,DSL,No internet service,No,Yes,Credit card,83.33,3222.12,No
CUST01772,Male,0,No,20,Two year,DSL,No,No,Yes,Electronic check,99.17,1888.66,Yes
CUST01773,Male,0,Yes,3,Two year,DSL,Yes,Yes,Yes,Mailed check,72.83,209.73,No
CUST01774,Male,0,No,11,One year,No,No,No,Yes,Mailed check,42.73,423.99,No
CUST01775,Male,0,No,6,Month-to-month,DSL,Yes,Yes,Yes,Credit card,66.39,374.08,No
CUST01776,Male,0,No,26,One year,DSL,No,No,Yes,Credit card,110.42,2672.87,No
CUST01777,Male,0,Yes,12,Month-to-month,Fiber optic,No,No internet service,Yes,Bank transfer,98.69,1168.15,No
CUST01778,Female,1,Yes,72,Month-to-month,No,Yes,No internet service,Yes,Electronic check,87.72,6174.53,No
CUST01779,Female,0,No,1,Two year,Fiber optic,No,No internet service,No,Mailed check,84.89,80.05,No
CUST01780,Male,0,Yes,8,Month-to-month,DSL,No,No,Yes,Credit card,82.49,635.54,No
CUST01781,Male,1,Yes,13,Two year,Fiber optic,No,No,No,Bank transfer,93.97,1105.27,No
CUST01782,Female,0,Yes,13,Month-to-month,Fiber optic,No internet service,No,Yes,Credit card,53.58,671.27,No
CUST01783,Male,0,Yes,7,One year,Fiber optic,Yes,Yes,Yes,Mailed check,31.12,198.17,No
CUST01784,Male,0,Yes,26,One year,Fiber optic,No internet service,Yes,No,Mailed check,66.73,1685.36,No
CUST01785,Female,0,No,41,Two year,No,No internet service,No,Yes,Mailed check,44.56,1749.1,No
CUST01786,Female,0,No,55,One year,No,No,Yes,Yes,Bank transfer,38.62,1975.52,No
CUST01787,Female,0,Yes,32,One year,Fiber optic,No internet service,No internet service,Yes,Credit card,46.99,1409.07,No
CUST01788,Male,0,Yes,38,Month-to-month,Fiber optic,No,No,Yes,Mailed check,120.0,4145.08,Yes
CUST01789,Female,0,No,15,Month-to-month,Fiber optic,No internet service,Yes,Yes,Mailed check,68.4,956.52,No
CUST01790,Female,0,Yes,34,Month-to-month,No,No,No,No,Electronic check,74.05,2509.35,No
CUST01791,Female,0,No,7,One year,DSL,No,No internet service,Yes,Electronic check,34.44,228.69,Yes
CUST01792,Male,0,Yes,10,Month-to-month,No,No,No internet service,No,Credit card,18.91,179.16,No
CUST01793,Female,0,No,7,One year,DSL,No,Yes,Yes,Electronic check,44.52,300.09,Yes
CUST01794,Female,0,No,12,Month-to-month,Fiber optic,Yes,No,Yes,Credit card,100.95,1148.95,Yes
CUST01795,Male,0,No,6,Month-to-month,No,Yes,No,No,Bank transfer,73.36,411.79,No
CUST01796,Male,0,No,65,One year,DSL,No,No,Yes,Credit card,79.96,4750.17,No
CUST01797,Male,0,Yes,7,Month-to-month,Fiber optic,No,No,No,Credit card,83.46,562.62,Yes
CUST01798,Male,0,Yes,2,Month-to-month,DSL,No,Yes,Yes,Bank transfer,50.22,97.92,Yes
CUST01799,Male,1,No,14,Month-to-month,Fiber optic,No,No,Yes,Credit card,99.7,1385.07,Yes
CUST01800,Male,1,No,1,Two year,DSL,Yes,No,Yes,Electronic check,49.18,44.28,No
CUST01801,Male,0,Yes,2,One year,Fiber optic,No,Yes,Yes,Bank transfer,100.16,181.62,No
CUST01802,Female,0,No,4,Month-to-month,Fiber optic,No internet service,Yes,Yes,Bank transfer,76.06,301.18,No
CUST01803,Female,0,No,12,Month-to-month,No,No internet service,Yes,Yes,Electronic check,20.27,234.27,No
CUST01804,Male,1,No,11,Month-to-month,No,No,No,Yes,Bank transfer,46.3,507.16,No
CUST01805,Female,1,Yes,32,One year,DSL,No internet service,Yes,Yes,Credit card,20.38,615.04,No
CUST01806,Female,0,No,26,One year,Fiber optic,No internet service,No,Yes,Credit card,94.08,2303.4,No
CUST01807,Male,0,Yes,11,Month-to-month,DSL,Yes,No,No,Electronic check,64.38,661.74,Yes
CUST01808,Female,1,No,8,Month-to-month,DSL,No,No internet service,Yes,Bank transfer,18.0,131.66,No
CUST01809,Female,0,Yes,7,Month-to-month,DSL,Yes,No,No,Electronic check,74.39,488.37,No
CUST01810,Female,0,No,29,One year,No,No,No internet service,Yes,Bank transfer,51.57,1348.17,No
CUST01811,Female,0,Yes,1,One year,No,No,Yes,Yes,Mailed check,27.9,26.53,No
CUST01812,Female,0,Yes,0,Month-to-month,DSL,Yes,No,Yes,Bank transfer,106.95,0.0,Yes
CUST01813,Female,1,Yes,31,Month-to-month,DSL,No internet service,Yes,No,Mailed check,67.68,1955.66,No
CUST01814,Female,1,Yes,12,Month-to-month,DSL,No,No,No,Electronic check,57.66,629.28,Yes
CUST01815,Male,0,No,2,Two year,Fiber optic,No,No,Yes,Electronic check,55.01,109.73,Yes
CUST01816,Male,0,Yes,5,Month-to-month,Fiber optic,Yes,No,Yes,Electronic check,27.17,124.02,No
CUST01817,Female,0,No,53,One year,DSL,Yes,No,Yes,Bank transfer,32.39,1635.76,No
CUST01818,Female,0,No,39,One year,Fiber optic,No,Yes,No,Credit card,97.12,3715.41,Yes
CUST01819,Male,0,No,24,Month-to-month,DSL,No internet service,No,Yes,Electronic check,53.15,1180.23,No
CUST01820,Female,0,Yes,13,Month-to-month,No,No internet service,No internet service,No,Electronic check,65.55,838.64,No
CUST01821,Male,0,Yes,14,Month-to-month,Fiber optic,No,Yes,No,Mailed check,18.0,240.84,Yes
CUST01822,Female,0,Yes,72,One year,Fiber optic,Yes,No internet service,No,Bank transfer,32.05,2153.44,No
CUST01823,Female,0,No,67,One year,Fiber optic,Yes,Yes,Yes,Electronic check,80.25,5304.53,No
CUST01824,Male,1,Yes,4,One year,No,No internet service,No,No,Electronic check,74.44,286.5,Yes
CUST01825,Male,0,No,33,Month-to-month,DSL,Yes,No internet service,Yes,Electronic check,108.83,3453.26,No
CUST01826,Female,0,Yes,4,Month-to-month,DSL,No,Yes,Yes,Mailed check,98.57,374.72,Yes
CUST01827,Female,0,No,4,Two year,No,No,No,Yes,Electronic check,59.23,219.74,Yes
CUST01828,Male,0,Yes,22,One year,DSL,No,No,No,Mailed check,76.82,1572.56,No
CUST01829,Female,0,Yes,10,Month-to-month,DSL,No,No,Yes,Bank transfer,57.08,518.75,No
CUST01830,Female,0,No,53,Two year,Fiber optic,No internet service,No,No,Bank transfer,116.37,5701.17,No
CUST01831,Female,1,No,1,One year,No,No internet service,No,No,Electronic check,93.73,86.96,No
CUST01832,Male,0,No,14,One year,Fiber optic,No internet service,No internet service,No,Bank transfer,69.24,878.11,No
CUST01833,Female,0,Yes,50,One year,No,No,Yes,Yes,Mailed check,70.01,3189.07,No
CUST01834,Male,0,No,46,Two year,Fiber optic,Yes,No,No,Credit card,101.12,4312.08,No
CUST01835,Female,0,No,3,One year,DSL,No internet service,No,Yes,Electronic check,79.49,230.77,Yes
CUST01836,Female,0,Yes,9,Month-to-month,Fiber optic,Yes,No internet service,No,Bank transfer,103.97,859.4,No
CUST01837,Female,0,Yes,19,Month-to-month,Fiber optic,No,Yes,Yes,Bank transfer,18.0,325.65,No
CUST01838,Female,0,No,3,Two year,DSL,Yes,No internet service,No,Electronic check,76.53,218.29,No
CUST01839,Male,0,No,68,Month-to-month,DSL,No,No,Yes,Credit card,52.11,3484.67,No
CUST01840,Male,0,No,49,Month-to-month,DSL,No,No,No,Mailed check,108.91,5128.02,No
CUST01841,Female,1,No,3,Month-to-month,Fiber optic,No internet service,No,Yes,Bank transfer,103.66,308.4,No
CUST01842,Female,0,Yes,2,Month-to-month,No,No internet service,No internet service,No,Electronic check,65.82,126.74,No
CUST01843,Female,0,No,1,One year,Fiber optic,No,No,Yes,Electronic check,103.39,93.31,Yes
CUST01844,Male,0,No,48,Two year,No,Yes,No,No,Bank transfer,109.58,4934.51,No
CUST01845,Female,0,No,4,Month-to-month,DSL,No,No,Yes,Electronic check,66.86,259.39,Yes
CUST01846,Male,0,No,10,Month-to-month,No,No,No,No,Mailed check,120.0,1137.01,No
CUST01847,Male,0,No,11,Month-to-month,No,No internet service,Yes,Yes,Mailed check,64.22,665.41,Yes
CUST01848,Female,0,Yes,18,Two year,DSL,Yes,No internet service,Yes,Bank transfer,59.64,1038.26,No
CUST01849,Male,0,Yes,1,One year,No,Yes,Yes,No,Mailed check,86.65,80.46,No
CUST01850,Female,0,Yes,5,Month-to-month,DSL,No,No internet service,No,Electronic check,56.16,278.24,No
CUST01851,Male,0,No,53,Two year,No,No,No,No,Bank transfer,67.13,3349.09,No
CUST01852,Female,0,Yes,47,Two year,No,No,No,No,Mailed check,100.24,4537.54,No
CUST01853,Male,0,No,30,Two year,Fiber optic,Yes,No,Yes,Electronic check,65.48,1960.93,No
CUST01854,Female,0,Yes,0,Two year,Fiber optic,No,No,Yes,Electronic check,22.62,0.0,No
CUST01855,Male,0,Yes,7,Month-to-month,DSL,No,No,Yes,Electronic check,74.18,494.94,No
CUST01856,Male,0,No,19,One year,Fiber optic,Yes,No internet service,Yes,Electronic check,47.59,891.5,Yes
CUST01857,Female,0,No,6,Month-to-month,Fiber optic,No internet service,Yes,Yes,Credit card,86.63,496.93,No
CUST01858,Female,0,Yes,48,Two year,Fiber optic,Yes,No internet service,No,Mailed check,82.4,3734.36,No
CUST01859,Male,0,No,20,One year,Fiber optic,No,No,Yes,Electronic check,101.79,2010.04,Yes
CUST01860,Male,0,Yes,1,One year,No,No,No internet service,Yes,Electronic check,87.69,79.16,No
CUST01861,Male,0,Yes,47,One year,DSL,Yes,Yes,Yes,Electronic check,92.26,4079.28,Yes
CUST01862,Male,0,Yes,63,Month-to-month,No,No internet service,Yes,Yes,Bank transfer,48.27,2841.21,No
CUST01863,Male,0,No,1,Month-to-month,No,No,No,Yes,Electronic check,85.1,82.67,Yes
CUST01864,Female,0,Yes,15,Two year,Fiber optic,Yes,No,Yes,Mailed check,114.21,1543.99,Yes
CUST01865,Male,0,No,7,Two year,DSL,No internet service,No internet service,No,Mailed check,47.78,323.12,No
CUST01866,Male,0,No,9,Month-to-month,DSL,No,Yes,Yes,Credit card,109.99,925.21,No
CUST01867,Male,0,Yes,3,Month-to-month,DSL,No,Yes,No,Electronic check,51.27,139.93,No
CUST01868,Male,1,Yes,17,Month-to-month,Fiber optic,No internet service,Yes,Yes,Mailed check,43.7,741.44,Yes
CUST01869,Female,0,Yes,63,One year,Fiber optic,No internet service,Yes,Yes,Bank transfer,72.41,4202.46,No
CUST01870,Female,0,No,13,Two year,No,No,No,Yes,Mailed check,82.9,1007.56,Yes
CUST01871,Male,0,No,1,Month-to-month,Fiber optic,Yes,No,No,Credit card,87.79,80.83,No
CUST01872,Male,1,No,19,Month-to-month,DSL,Yes,No,No,Bank transfer,40.96,751.93,No
CUST01873,Male,0,Yes,8,Two year,Fiber optic,No,Yes,Yes,Mailed check,75.86,593.68,No
CUST01874,Male,0,Yes,38,One year,No,No internet service,Yes,Yes,Mailed check,47.86,1793.34,Yes
CUST01875,Female,0,Yes,11,Month-to-month,No,Yes,Yes,Yes,Credit card,27.78,284.53,No
CUST01876,Female,1,Yes,4,One year,No,Yes,No,Yes,Bank transfer,41.78,159.17,No
CUST01877,Female,1,Yes,4,Month-to-month,Fiber optic,No internet service,No,No,Credit card,46.23,178.69,Yes
CUST01878,Male,0,No,29,Month-to-month,Fiber optic,No,No,Yes,Electronic check,78.04,2179.31,Yes
CUST01879,Male,0,No,6,One year,No,Yes,No internet service,Yes,Mailed check,93.81,546.88,No
CUST01880,Male,0,No,29,One year,Fiber optic,Yes,No internet service,No,Credit card,28.17,798.12,No
CUST01881,Male,0,Yes,4,Two year,DSL,No,No,Yes,Electronic check,73.8,268.56,No
CUST01882,Female,0,Yes,7,One year,DSL,No internet service,No,No,Credit card,35.58,228.35,No
CUST01883,Male,1,Yes,12,One year,DSL,No internet service,No internet service,No,Electronic check,80.73,943.02,Yes
CUST01884,Male,0,Yes,57,Month-to-month,Fiber optic,No,No,Yes,Credit card,49.43,2670.06,Yes
CUST01885,Female,0,No,53,Month-to-month,DSL,No internet service,No,Yes,Mailed check,38.72,1934.58,No
CUST01886,Male,0,Yes,4,Month-to-month,DSL,No,No,Yes,Electronic check,84.99,321.45,Yes
CUST01887,Male,0,No,8,Month-to-month,DSL,No internet service,No internet service,No,Credit card,50.33,377.36,No
CUST01888,Male,0,No,3,One year,Fiber optic,Yes,No internet service,No,Electronic check,57.1,164.29,Yes
CUST01889,Male,0,Yes,14,Two year,Fiber optic,No internet service,Yes,Yes,Electronic check,18.0,234.95,Yes
CUST01890,Female,0,No,12,Month-to-month,Fiber optic,No,No internet service,No,Electronic check,88.66,1025.28,No
CUST01891,Female,0,No,46,Month-to-month,DSL,Yes,No internet service,No,Bank transfer,85.52,3620.24,No
CUST01892,Male,0,Yes,53,Two year,DSL,No internet service,Yes,Yes,Credit card,65.14,3368.76,No
CUST01893,Female,0,No,9,Month-to-month,Fiber optic,Yes,No internet service,Yes,Electronic check,26.81,236.02,Yes
CUST01894,Male,1,Yes,13,One year,DSL,No internet service,No internet service,No,Mailed check,95.23,1185.81,No
CUST01895,Female,0,No,45,One year,DSL,Yes,Yes,Yes,Electronic check,48.34,2038.11,No
CUST01896,Female,0,Yes,32,One year,DSL,Yes,No,No,Bank transfer,53.67,1548.17,No
CUST01897,Female,0,Yes,0,Month-to-month,No,No internet service,No,No,Electronic check,120.0,0.0,Yes
CUST01898,Male,0,Yes,7,Month-to-month,Fiber optic,No,No,Yes,Electronic check,47.41,301.33,Yes
CUST01899,Male,0,No,10,One year,DSL,No,No internet service,No,Electronic check,83.56,752.89,Yes
CUST01900,Male,0,Yes,5,One year,DSL,Yes,No,Yes,Bank transfer,79.05,384.27,No
CUST01901,Male,1,Yes,4,Month-to-month,No,No,No,No,Credit card,74.75,297.69,No
CUST01902,Female,0,Yes,0,One year,Fiber optic,No,No internet service,Yes,Mailed check,72.05,0.0,Yes
CUST01903,Female,0,Yes,20,Month-to-month,Fiber optic,No,No internet service,No,Electronic check,74.41,1356.15,No
CUST01904,Male,0,No,6,One year,Fiber optic,No,Yes,No,Bank transfer,71.8,424.8,No
CUST01905,Female,0,No,1,Month-to-month,Fiber optic,No,No internet service,Yes,Credit card,63.7,61.72,No
CUST01906,Female,0,No,5,Two year,Fiber optic,No internet service,Yes,Yes,Electronic check,102.78,483.31,Yes
CUST01907,Female,0,No,32,Month-to-month,Fiber optic,No,No,Yes,Electronic check,32.18,1029.02,Yes
CUST01908,Male,0,No,38,Month-to-month,Fiber optic,No,No,Yes,Electronic check,90.54,3293.82,Yes
CUST01909,Male,0,No,13,Month-to-month,DSL,No,No,Yes,Bank transfer,85.56,1075.53,Yes
CUST01910,Female,0,No,10,Month-to-month,No,No,No,No,Bank transfer,82.46,796.0,No
CUST01911,Male,0,Yes,72,Two year,Fiber optic,Yes,Yes,No,Mailed check,92.92,6170.21,No
CUST01912,Male,0,No,4,Two year,DSL,No,Yes,Yes,Electronic check,62.69,237.92,No
CUST01913,Female,0,No,4,Month-to-month,No,No internet service,No internet service,No,Electronic check,18.28,67.39,Yes
CUST01914,Male,0,No,6,Month-to-month,No,No internet service,Yes,Yes,Credit card,63.19,360.54,No
CUST01915,Female,0,No,3,One year,No,No,Yes,No,Electronic check,40.22,108.97,No
CUST01916,Male,0,Yes,9,Two year,No,No,No internet service,Yes,Credit card,46.7,394.32,No
CUST01917,Male,1,No,48,One year,No,No,No,Yes,Bank transfer,33.94,1526.85,No
CUST01918,Female,0,No,19,Month-to-month,DSL,No,No,Yes,Electronic check,53.07,936.9,Yes
CUST01919,Male,0,Yes,10,Month-to-month,No,No internet service,Yes,No,Mailed check,50.08,454.69,No
CUST01920,Male,0,Yes,54,One year,No,No,No internet service,Yes,Credit card,18.0,949.74,No
CUST01921,Female,0,Yes,0,Month-to-month,DSL,Yes,No internet service,Yes,Mailed check,82.51,0.0,No
CUST01922,Male,0,No,4,One year,DSL,No,Yes,Yes,Credit card,120.0,471.07,No
CUST01923,Male,0,No,16,Month-to-month,No,No,No,Yes,Electronic check,80.16,1261.49,Yes
CUST01924,Female,0,No,19,One year,DSL,Yes,Yes,Yes,Bank transfer,59.93,1049.12,No
CUST01925,Female,0,Yes,0,Month-to-month,No,Yes,No internet service,No,Credit card,63.63,0.0,No
CUST01926,Female,0,No,10,One year,DSL,No,No,Yes,Credit card,54.48,529.6,No
CUST01927,Female,0,Yes,20,Month-to-month,DSL,No,No,Yes,Mailed check,67.25,1277.68,No
CUST01928,Female,0,Yes,23,One year,Fiber optic,No internet service,No,Yes,Bank transfer,64.07,1452.25,No
CUST01929,Female,0,Yes,20,Month-to-month,DSL,Yes,No,Yes,Electronic check,43.97,841.72,Yes
CUST01930,Female,0,No,7,One year,Fiber optic,Yes,No internet service,Yes,Electronic check,107.07,721.73,No
CUST01931,Female,0,Yes,1,One year,Fiber optic,Yes,No,Yes,Electronic check,27.82,27.23,Yes
CUST01932,Male,0,Yes,11,One year,DSL,No,No internet service,Yes,Electronic check,82.96,832.46,No
CUST01933,Male,0,Yes,2,One year,DSL,No,No,Yes,Electronic check,62.47,119.75,Yes
CUST01934,Female,0,Yes,58,One year,Fiber optic,No internet service,Yes,Yes,Electronic check,112.52,5929.3,No
CUST01935,Male,0,No,12,Two year,DSL,No,No,Yes,Credit card,73.52,817.0,No
CUST01936,Female,0,No,7,Month-to-month,Fiber optic,No internet service,No,Yes,Bank transfer,56.0,361.13,Yes
CUST01937,Female,1,No,29,Two year,Fiber optic,Yes,No,No,Mailed check,58.81,1631.66,No
CUST01938,Male,0,No,13,Month-to-month,DSL,Yes,No internet service,No,Credit card,66.0,844.61,No
CUST01939,Female,0,No,7,Month-to-month,Fiber optic,Yes,No,Yes,Electronic check,36.43,232.9,Yes
CUST01940,Male,0,No,33,Month-to-month,DSL,No,No internet service,Yes,Mailed check,45.83,1477.36,No
CUST01941,Female,0,Yes,40,Month-to-month,DSL,Yes,No,Yes,Bank transfer,20.38,745.34,No
CUST01942,Female,0,No,22,One year,DSL,No,Yes,No,Electronic check,41.93,847.71,No
CUST01943,Male,0,Yes,0,One year,No,Yes,Yes,Yes,Bank transfer,67.35,0.0,Yes
CUST01944,Female,0,No,16,One year,No,Yes,No internet service,Yes,Electronic check,72.5,1045.13,No
CUST01945,Female,0,No,28,Month-to-month,No,No,Yes,Yes,Electronic check,18.0,463.54,Yes
CUST01946,Male,0,Yes,2,Month-to-month,DSL,No,Yes,Yes,Electronic check,61.57,113.48,Yes
CUST01947,Female,0,Yes,5,Month-to-month,DSL,No internet service,Yes,Yes,Credit card,79.09,367.05,No
CUST01948,Female,0,Yes,42,Month-to-month,Fiber optic,No internet service,No,No,Bank transfer,60.93,2396.15,No
CUST01949,Male,0,Yes,0,Month-to-month,Fiber optic,Yes,No,Yes,Bank transfer,49.16,0.0,No
CUST01950,Female,0,No,27,Month-to-month,No,No internet service,Yes,Yes,Bank transfer,54.7,1398.4,No
CUST01951,Female,0,No,12,Month-to-month,DSL,No,No,No,Electronic check,51.48,580.65,Yes
CUST01952,Male,0,No,11,One year,DSL,No,No,Yes,Bank transfer,49.08,519.63,No
CUST01953,Female,1,No,0,One year,Fiber optic,Yes,No,Yes,Mailed check,69.35,0.0,Yes
CUST01954,Female,0,Yes,34,Two year,No,No,No internet service,Yes,Electronic check,120.0,3793.47,Yes
CUST01955,Female,0,Yes,8,Two year,No,Yes,No,Yes,Bank transfer,46.41,354.44,Yes
CUST01956,Female,1,No,15,One year,Fiber optic,Yes,No,No,Electronic check,57.05,801.96,No
CUST01957,Female,0,No,22,Month-to-month,No,Yes,Yes,Yes,Electronic check,63.71,1267.1,No
CUST01958,Male,1,No,24,One year,Fiber optic,No,No internet service,No,Credit card,47.82,1127.15,No
CUST01959,Male,0,Yes,62,One year,No,No,No,No,Bank transfer,92.46,5522.83,No
CUST01960,Female,0,No,15,Month-to-month,No,No internet service,No,Yes,Bank transfer,18.0,243.06,No
CUST01961,Female,0,No,10,Month-to-month,No,No,No internet service,Yes,Mailed check,51.72,478.39,No
CUST01962,Female,0,No,61,Two year,DSL,No internet service,No internet service,Yes,Mailed check,85.46,4852.83,No
CUST01963,Female,1,No,20,Month-to-month,DSL,No,No internet service,No,Bank transfer,57.65,1131.27,No
CUST01964,Male,0,No,7,One year,Fiber optic,No,No internet service,Yes,Bank transfer,44.48,303.91,Yes
CUST01965,Female,0,Yes,2,One year,Fiber optic,No,No internet service,Yes,Mailed check,76.02,142.86,No
CUST01966,Male,0,No,36,Month-to-month,No,No,No,No,Credit card,87.66,2889.84,Yes
CUST01967,Female,0,Yes,8,Month-to-month,DSL,No,No,Yes,Credit card,70.27,527.65,No
CUST01968,Female,0,Yes,21,Month-to-month,DSL,No,No internet service,Yes,Mailed check,44.97,926.44,Yes
CUST01969,Female,0,No,12,Month-to-month,Fiber optic,No,No internet service,Yes,Credit card,76.41,866.71,No
CUST01970,Female,0,No,4,Month-to-month,DSL,Yes,Yes,Yes,Mailed check,54.95,200.37,Yes
CUST01971,Female,0,Yes,18,Two year,DSL,No,No,Yes,Mailed check,83.63,1360.61,Yes
CUST01972,Female,0,Yes,1,Month-to-month,Fiber optic,Yes,Yes,No,Electronic check,102.08,95.27,No
CUST01973,Male,0,No,10,Month-to-month,Fiber optic,Yes,No internet service,Yes,Bank transfer,18.0,164.67,Yes
CUST01974,Male,0,Yes,15,Month-to-month,DSL,No,No,Yes,Credit card,67.78,990.78,Yes
CUST01975,Male,1,Yes,11,Two year,No,No,Yes,Yes,Credit card,21.61,220.57,No
CUST01976,Female,0,Yes,27,Month-to-month,Fiber optic,Yes,No,No,Credit card,120.0,3200.29,No
CUST01977,Female,0,No,35,Month-to-month,No,No,No internet service,No,Electronic check,53.3,1794.12,Yes
CUST01978,Male,0,Yes,29,Two year,Fiber optic,No,No,Yes,Mailed check,83.66,2279.03,No
CUST01979,Male,1,No,0,Two year,DSL,Yes,No,Yes,Electronic check,64.12,0.0,Yes
CUST01980,Male,0,Yes,4,Month-to-month,DSL,No,No,No,Electronic check,44.92,167.02,No
CUST01981,Female,0,No,15,Two year,DSL,Yes,Yes,Yes,Bank transfer,41.95,575.22,No
CUST01982,Female,1,Yes,54,Month-to-month,Fiber optic,No,Yes,Yes,Mailed check,104.64,5630.32,No
CUST01983,Female,0,No,36,Month-to-month,DSL,No,No,Yes,Bank transfer,88.9,3060.59,No
CUST01984,Male,0,No,36,Month-to-month,Fiber optic,No,No,Yes,Mailed check,113.59,3683.31,Yes
CUST01985,Female,0,Yes,7,Month-to-month,Fiber optic,No internet service,No,Yes,Electronic check,66.39,432.68,No
CUST01986,Female,0,No,11,One year,DSL,No internet service,No,No,Electronic check,72.2,727.45,No
CUST01987,Male,0,No,12,Month-to-month,DSL,No,Yes,Yes,Credit card,58.32,647.92,Yes
CUST01988,Male,0,Yes,3,Month-to-month,Fiber optic,Yes,No internet service,Yes,Electronic check,57.82,157.08,Yes
CUST01989,Male,0,No,0,One year,No,Yes,No,Yes,Electronic check,38.95,0.0,No
CUST01990,Female,0,No,58,One year,DSL,No,Yes,Yes,Credit card,67.1,3768.44,No
CUST01991,Male,1,Yes,5,Month-to-month,DSL,No,Yes,Yes,Credit card,45.27,222.29,No
CUST01992,Female,0,Yes,5,One year,No,No internet service,Yes,Yes,Bank transfer,76.05,355.43,Yes
CUST01993,Female,0,No,1,Month-to-month,DSL,No,Yes,Yes,Electronic check,69.25,65.94,Yes
CUST01994,Female,1,No,52,One year,No,No,No,Yes,Electronic check,72.19,3394.18,No
CUST01995,Female,0,No,17,One year,DSL,No,No,Yes,Credit card,106.88,1651.76,No
CUST01996,Female,0,No,21,Two year,No,No,Yes,No,Credit card,64.06,1284.98,No
CUST01997,Male,0,Yes,48,Month-to-month,DSL,Yes,No,Yes,Bank transfer,83.92,3963.94,No
CUST01998,Male,0,Yes,8,Month-to-month,No,No internet service,No internet service,No,Electronic check,116.29,845.47,No
CUST01999,Male,0,No,19,Month-to-month,DSL,No,No,Yes,Electronic check,97.67,1747.83,No
CUST02000,Male,0,No,0,Month-to-month,Fiber optic,No internet service,No,Yes,Electronic check,93.83,0.0,Yes
CUST02001,Female,0,Yes,4,Month-to-month,DSL,No,Yes,Yes,Bank transfer,57.33,223.33,Yes
CUST02002,Male,0,No,35,Two year,DSL,No,Yes,Yes,Electronic check,70.74,2277.23,No
CUST02003,Female,0,No,29,Month-to-month,Fiber optic,Yes,No,Yes,Credit card,32.04,862.74,No
CUST02004,Male,0,No,8,Month-to-month,Fiber optic,No,Yes,Yes,Electronic check,77.47,616.53,No
CUST02005,Female,0,Yes,9,One year,No,No,No internet service,Yes,Bank transfer,71.86,596.36,No
CUST02006,Female,0,Yes,15,Month-to-month,Fiber optic,No,Yes,Yes,Electronic check,65.58,928.7,No
CUST02007,Female,0,No,0,One year,No,Yes,No,No,Mailed check,90.68,0.0,No
CUST02008,Male,1,No,5,Month-to-month,Fiber optic,No,No,Yes,Electronic check,34.81,165.17,Yes
CUST02009,Female,1,Yes,4,Month-to-month,No,Yes,Yes,Yes,Bank transfer,105.87,391.15,Yes
CUST02010,Male,0,No,5,Month-to-month,No,Yes,No,No,Bank transfer,87.54,423.18,Yes
CUST02011,Female,1,Yes,32,Month-to-month,DSL,Yes,No,Yes,Electronic check,63.23,1868.49,No
CUST02012,Female,1,Yes,6,Two year,No,Yes,No,No,Credit card,61.28,353.05,No
CUST02013,Female,0,Yes,4,Month-to-month,No,No,No internet service,No,Mailed check,77.02,288.29,Yes
CUST02014,Male,0,Yes,14,Month-to-month,DSL,Yes,No,Yes,Credit card,103.02,1334.32,No
CUST02015,Female,1,No,40,Month-to-month,Fiber optic,Yes,No,Yes,Credit card,67.54,2619.2,No
CUST02016,Male,0,No,5,Month-to-month,DSL,No,Yes,No,Credit card,68.6,341.81,No
CUST02017,Male,0,Yes,1,Two year,No,No,Yes,Yes,Electronic check,65.45,64.6,No
CUST02018,Male,0,No,8,Month-to-month,DSL,No,Yes,Yes,Electronic check,109.55,796.37,No
CUST02019,Female,0,No,27,One year,DSL,No,No internet service,Yes,Credit card,55.78,1423.89,Yes
CUST02020,Female,0,Yes,16,Two year,Fiber optic,No,No,Yes,Mailed check,64.26,996.78,No
CUST02021,Male,0,No,33,One year,Fiber optic,No,Yes,No,Electronic check,101.59,3205.84,No
CUST02022,Male,0,No,64,Two year,No,No internet service,Yes,Yes,Bank transfer,68.68,4275.24,No
CUST02023,Female,0,No,31,Month-to-month,No,Yes,Yes,Yes,Electronic check,93.43,2889.12,No
CUST02024,Female,1,No,18,Month-to-month,Fiber optic,No internet service,Yes,Yes,Bank transfer,42.22,709.98,No
CUST02025,Female,0,Yes,13,Month-to-month,DSL,Yes,No,Yes,Credit card,59.87,760.48,No
CUST02026,Female,0,Yes,0,One year,Fiber optic,No,Yes,Yes,Credit card,102.11,0.0,No
CUST02027,Female,0,No,72,Two year,Fiber optic,No,Yes,No,Electronic check,48.09,3417.38,Yes
CUST02028,Male,0,No,9,Month-to-month,Fiber optic,No,No,No,Mailed check,61.22,538.77,Yes
CUST02029,Female,1,Yes,3,One year,DSL,No,No internet service,Yes,Mailed check,71.42,204.0,Yes
CUST02030,Male,0,Yes,21,Month-to-month,Fiber optic,No,No,Yes,Mailed check,40.27,830.54,No
CUST02031,Female,0,No,6,One year,DSL,No,No internet service,Yes,Electronic check,54.65,316.97,No
CUST02032,Female,0,Yes,17,Month-to-month,Fiber optic,No,Yes,Yes,Mailed check,67.82,1101.31,No
CUST02033,Female,0,Yes,17,Two year,Fiber optic,Yes,No,Yes,Mailed check,66.17,1118.82,No
CUST02034,Male,0,Yes,11,One year,No,No internet service,Yes,No,Mailed check,97.01,974.3,No
CUST02035,Male,0,Yes,36,Month-to-month,Fiber optic,No internet service,No internet service,Yes,Credit card,103.54,3724.82,Yes
CUST02036,Male,0,Yes,6,Month-to-month,DSL,No,No internet service,No,Mailed check,43.6,239.48,Yes
CUST02037,Male,0,No,11,Month-to-month,No,No,No,Yes,Electronic check,67.78,706.82,No
CUST02038,Female,1,Yes,15,Month-to-month,Fiber optic,No,No internet service,No,Bank transfer,81.86,1133.52,Yes
CUST02039,Female,0,No,21,Month-to-month,DSL,No,No,Yes,Credit card,102.91,2003.76,No
CUST02040,Female,0,No,30,Two year,Fiber optic,No,Yes,No,Electronic check,82.96,2397.17,No
CUST02041,Female,0,No,10,One year,Fiber optic,No,No,No,Bank transfer,72.27,652.94,No
CUST02042,Female,0,No,20,Month-to-month,No,Yes,No,No,Electronic check,81.66,1623.52,No
CUST02043,Male,0,No,3,Month-to-month,Fiber optic,No internet service,Yes,No,Electronic check,81.84,227.83,Yes
CUST02044,Female,1,Yes,53,Two year,Fiber optic,No internet service,No,No,Credit card,41.81,2054.73,No
CUST02045,Male,0,Yes,9,One year,DSL,No,No,Yes,Credit card,69.82,619.81,No
CUST02046,Male,0,Yes,26,Month-to-month,Fiber optic,No,Yes,Yes,Bank transfer,101.48,2576.43,No
CUST02047,Male,0,Yes,0,One year,No,Yes,No,Yes,Bank transfer,59.82,0.0,No
CUST02048,Male,0,No,4,Month-to-month,No,No,No,Yes,Credit card,68.24,249.66,No
CUST02049,Male,0,No,13,Month-to-month,DSL,No internet service,Yes,No,Credit card,58.94,748.57,No
CUST02050,Male,0,Yes,42,Month-to-month,DSL,No internet service,No,Yes,Mailed check,18.0,707.67,No
CUST02051,Female,0,No,14,Month-to-month,DSL,Yes,No internet service,Yes,Bank transfer,65.51,916.58,No
CUST02052,Female,0,No,53,Month-to-month,Fiber optic,No,No internet service,Yes,Mailed check,72.54,3718.23,No
CUST02053,Female,0,Yes,13,Two year,Fiber optic,No,No,Yes,Electronic check,52.19,667.34,No
CUST02054,Female,0,No,13,Two year,Fiber optic,Yes,No,Yes,Mailed check,36.13,457.19,No
CUST02055,Male,0,No,2,One year,Fiber optic,No,Yes,Yes,Credit card,42.98,82.47,Yes
CUST02056,Female,0,Yes,32,Month-to-month,No,Yes,Yes,Yes,Credit card,84.1,2614.86,No
CUST02057,Male,0,No,5,Month-to-month,Fiber optic,No,No,Yes,Credit card,114.31,548.54,Yes
CUST02058,Male,0,No,45,One year,DSL,No internet service,No internet service,Yes,Electronic check,99.56,4055.12,No
CUST02059,Female,0,No,48,Month-to-month,Fiber optic,No internet service,No internet service,No,Mailed check,31.39,1408.11,No
CUST02060,Male,0,No,57,Month-to-month,No,No,No internet service,No,Electronic check,86.37,4586.56,Yes
CUST02061,Female,0,No,14,Month-to-month,Fiber optic,No,No,Yes,Electronic check,48.42,658.49,No
CUST02062,Female,0,Yes,22,Two year,Fiber optic,No,Yes,Yes,Credit card,50.44,1062.65,No
CUST02063,Female,0,No,30,Month-to-month,Fiber optic,No internet service,No,Yes,Mailed check,53.45,1541.04,No
CUST02064,Female,0,No,2,Month-to-month,No,No,No,No,Bank transfer,82.65,162.77,No
CUST02065,Female,1,No,18,One year,Fiber optic,No,No,Yes,Electronic check,88.98,1525.61,Yes
CUST02066,Female,0,No,0,Month-to-month,DSL,No internet service,No,No,Mailed check,62.55,0.0,No
CUST02067,Female,1,No,13,Month-to-month,No,No internet service,No,No,Bank transfer,62.97,737.77,No
CUST02068,Female,0,Yes,3,Month-to-month,No,No internet service,No,No,Electronic check,76.61,210.51,No
CUST02069,Male,0,No,4,Month-to-month,DSL,No internet service,No,No,Electronic check,79.2,286.09,No
CUST02070,Female,0,No,9,One year,Fiber optic,No,No,No,Electronic check,94.41,784.86,No
CUST02071,Male,0,Yes,11,Month-to-month,Fiber optic,No internet service,Yes,No,Bank transfer,32.89,348.58,No
CUST02072,Male,0,No,19,Month-to-month,DSL,No,No,No,Credit card,65.5,1138.89,No
CUST02073,Female,1,No,1,Two year,No,Yes,Yes,Yes,Credit card,38.3,34.78,No
CUST02074,Female,0,Yes,14,Two year,Fiber optic,No,Yes,No,Credit card,63.73,889.62,No
CUST02075,Female,0,No,4,Two year,No,No,Yes,No,Credit card,59.35,237.33,No
CUST02076,Female,1,No,17,Month-to-month,DSL,Yes,Yes,Yes,Credit card,63.83,1045.72,No
CUST02077,Female,0,No,20,Month-to-month,Fiber optic,No internet service,No internet service,Yes,Bank transfer,45.01,819.95,No
CUST02078,Male,0,Yes,16,Two year,DSL,Yes,No,No,Mailed check,27.82,437.18,No
CUST02079,Female,1,No,26,One year,Fiber optic,No internet service,No internet service,Yes,Mailed check,18.0,446.44,No
CUST02080,Female,0,No,8,Month-to-month,Fiber optic,Yes,Yes,No,Credit card,61.72,453.37,Yes
CUST02081,Male,0,No,28,Month-to-month,Fiber optic,No,Yes,Yes,Electronic check,54.22,1453.74,No
CUST02082,Male,0,No,11,Month-to-month,DSL,No,No,No,Electronic check,48.1,478.27,No
CUST02083,Male,0,No,13,Two year,DSL,No,No,Yes,Credit card,98.06,1271.27,Yes
CUST02084,Male,0,Yes,20,Month-to-month,DSL,Yes,No,Yes,Electronic check,43.51,855.06,No
CUST02085,Male,0,No,0,Month-to-month,DSL,No internet service,No,No,Credit card,100.42,0.0,Yes
CUST02086,Female,0,Yes,21,Month-to-month,Fiber optic,No,No internet service,Yes,Bank transfer,105.6,2088.74,Yes
CUST02087,Female,1,Yes,19,One year,Fiber optic,No,No,No,Electronic check,18.0,321.32,No
CUST02088,Male,0,Yes,7,Two year,Fiber optic,Yes,No,Yes,Bank transfer,67.31,464.64,No
CUST02089,Male,0,No,1,Month-to-month,Fiber optic,No,No,No,Credit card,55.01,51.46,Yes
CUST02090,Female,0,Yes,1,One year,DSL,No internet service,No,Yes,Electronic check,18.0,16.29,No
CUST02091,Male,0,Yes,51,Two year,DSL,Yes,No,Yes,Bank transfer,28.88,1357.21,No
CUST02092,Male,0,Yes,23,Month-to-month,DSL,Yes,No,No,Credit card,84.37,1788.29,No
CUST02093,Male,0,No,2,Month-to-month,No,No,Yes,Yes,Electronic check,115.48,229.79,Yes
CUST02094,Male,0,No,8,Month-to-month,Fiber optic,No internet service,No,No,Electronic check,87.57,695.24,No
CUST02095,Female,0,Yes,17,One year,DSL,No,No internet service,No,Electronic check,73.09,1155.63,No
CUST02096,Male,1,No,36,One year,DSL,No,Yes,Yes,Electronic check,64.47,2089.47,No
CUST02097,Male,0,Yes,0,One year,No,No,No,Yes,Electronic check,107.07,0.0,Yes
CUST02098,Male,0,Yes,5,One year,Fiber optic,No internet service,No,Yes,Bank transfer,118.71,581.52,No
CUST02099,Male,1,Yes,44,Month-to-month,Fiber optic,Yes,No,Yes,Mailed check,50.33,2052.55,No
CUST02100,Male,0,Yes,0,Two year,Fiber optic,Yes,No internet service,Yes,Credit card,18.0,0.0,No
CUST02101,Female,0,No,4,Month-to-month,DSL,Yes,No,No,Electronic check,18.0,66.04,No
CUST02102,Female,0,Yes,63,Month-to-month,No,Yes,No internet service,No,Mailed check,98.05,5761.67,No
CUST02103,Female,0,No,19,One year,Fiber optic,No,No,Yes,Bank transfer,63.82,1183.34,No
CUST02104,Female,0,No,6,One year,DSL,Yes,Yes,Yes,Credit card,69.58,393.61,No
CUST02105,Female,0,Yes,1,Month-to-month,No,No,No,Yes,Mailed check,20.23,19.11,Yes
CUST02106,Male,0,Yes,0,Two year,Fiber optic,No,No internet service,Yes,Mailed check,46.17,0.0,No
CUST02107,Male,0,No,5,Two year,DSL,No,No internet service,No,Credit card,57.61,281.22,No
CUST02108,Female,0,Yes,42,Month-to-month,Fiber optic,No internet service,Yes,Yes,Electronic check,70.2,2708.74,Yes
CUST02109,Female,0,Yes,10,Two year,DSL,Yes,No,No,Electronic check,55.04,518.22,No
CUST02110,Male,0,Yes,25,Month-to-month,DSL,No,No,No,Mailed check,39.07,961.99,No
CUST02111,Female,0,No,50,Month-to-month,Fiber optic,Yes,No,Yes,Credit card,45.39,2146.21,Yes
CUST02112,Female,0,No,10,Month-to-month,DSL,No,Yes,No,Electronic check,95.21,919.9,No
CUST02113,Female,1,Yes,4,Two year,No,No,Yes,No,Bank transfer,71.12,264.74,Yes
CUST02114,Female,0,Yes,14,One year,No,No internet service,No,No,Bank transfer,80.3,1018.48,No
CUST02115,Male,0,Yes,47,Month-to-month,DSL,No,No,Yes,Credit card,42.53,1831.98,Yes
CUST02116,Female,0,Yes,32,Month-to-month,Fiber optic,No internet service,No internet service,Yes,Electronic check,18.0,541.54,No
CUST02117,Female,0,No,1,One year,No,No,No internet service,Yes,Electronic check,51.92,48.56,Yes
CUST02118,Female,0,No,23,Month-to-month,Fiber optic,Yes,No,Yes,Mailed check,43.34,986.42,No
CUST02119,Female,0,Yes,16,Two year,Fiber optic,Yes,No internet service,Yes,Mailed check,73.73,1126.08,No
CUST02120,Male,0,Yes,47,Two year,DSL,No,No,No,Bank transfer,120.0,5429.72,Yes
CUST02121,Male,0,Yes,2,Month-to-month,Fiber optic,No internet service,No internet service,Yes,Bank transfer,82.38,159.63,No
CUST02122,Male,1,Yes,15,Two year,Fiber optic,No,Yes,Yes,Bank transfer,120.0,1715.69,No
CUST02123,Male,0,No,42,Month-to-month,No,Yes,Yes,Yes,Credit card,79.22,3250.6,No
CUST02124,Female,0,Yes,10,Two year,DSL,No internet service,No,Yes,Credit card,49.25,481.82,No
CUST02125,Male,0,Yes,13,One year,No,Yes,No internet service,Yes,Mailed check,73.7,895.96,No
CUST02126,Female,0,Yes,1,One year,DSL,No,No internet service,No,Credit card,109.52,99.5,Yes
CUST02127,Male,0,No,6,Month-to-month,No,Yes,No,No,Electronic check,110.74,663.53,No
CUST02128,Male,0,No,7,Two year,Fiber optic,Yes,No,Yes,Bank transfer,50.62,341.68,No
CUST02129,Female,0,Yes,58,Month-to-month,Fiber optic,No,No,Yes,Mailed check,71.33,4016.71,No
CUST02130,Female,0,Yes,6,Month-to-month,Fiber optic,No,No internet service,No,Credit card,29.27,171.35,Yes
CUST02131,Male,0,Yes,12,Month-to-month,DSL,Yes,No,Yes,Mailed check,85.62,987.67,Yes
CUST02132,Male,0,No,22,One year,DSL,No,No,Yes,Credit card,103.83,2163.4,No
CUST02133,Female,0,No,3,Month-to-month,DSL,Yes,Yes,Yes,Credit card,65.99,197.67,No
CUST02134,Female,0,No,13,One year,DSL,No,No,Yes,Bank transfer,48.32,611.05,No
CUST02135,Female,1,Yes,26,Two year,DSL,No,No,No,Credit card,74.0,1894.34,No
CUST02136,Female,0,No,40,Month-to-month,Fiber optic,No,No internet service,No,Electronic check,75.44,2848.52,No
CUST02137,Female,0,Yes,19,One year,Fiber optic,No internet service,No,Yes,Electronic check,67.03,1261.44,No
CUST02138,Female,0,No,22,Month-to-month,DSL,Yes,No,Yes,Credit card,69.47,1487.4,No
CUST02139,Female,0,No,2,Two year,No,Yes,No internet service,Yes,Bank transfer,60.65,118.22,No
CUST02140,Female,0,No,58,Two year,Fiber optic,No internet service,Yes,Yes,Bank transfer,89.9,4738.11,No
CUST02141,Male,0,Yes,2,Month-to-month,No,No,Yes,No,Mailed check,83.41,160.44,No
CUST02142,Female,0,Yes,29,One year,Fiber optic,No,No,Yes,Electronic check,40.42,1094.26,No
CUST02143,Female,0,Yes,6,Month-to-month,DSL,Yes,No,Yes,Mailed check,39.74,230.55,No
CUST02144,Male,1,Yes,54,Month-to-month,Fiber optic,No internet service,No,Yes,Mailed check,58.64,3029.83,Yes
CUST02145,Female,0,No,25,Two year,Fiber optic,No internet service,No internet service,Yes,Electronic check,83.42,1900.14,No
CUST02146,Female,0,Yes,28,Month-to-month,DSL,Yes,No,No,Electronic check,68.7,1833.19,No
CUST02147,Female,0,No,4,Month-to-month,DSL,No,Yes,Yes,Mailed check,48.92,184.94,Yes
CUST02148,Male,0,No,11,Month-to-month,DSL,No internet service,No,No,Bank transfer,71.54,769.35,No
CUST02149,Female,0,Yes,19,Two year,DSL,No,Yes,Yes,Electronic check,56.73,1024.26,Yes
CUST02150,Male,0,Yes,29,Month-to-month,Fiber optic,No,No,No,Bank transfer,87.01,2392.37,Yes
CUST02151,Female,0,No,2,Month-to-month,Fiber optic,No,Yes,No,Credit card,73.33,142.55,No
CUST02152,Male,0,No,65,One year,DSL,Yes,No internet service,No,Mailed check,57.12,3589.75,No
CUST02153,Male,0,Yes,44,Two year,Fiber optic,No,No,Yes,Credit card,70.79,3112.22,No
CUST02154,Female,0,Yes,6,Month-to-month,Fiber optic,No,Yes,No,Credit card,97.88,549.22,No
CUST02155,Male,0,No,34,Month-to-month,DSL,No,No,No,Electronic check,50.76,1672.06,No
CUST02156,Male,0,No,14,Month-to-month,DSL,Yes,No,Yes,Electronic check,75.07,963.46,No
CUST02157,Male,0,No,12,Month-to-month,DSL,No,No,No,Mailed check,63.24,744.05,No
CUST02158,Male,0,No,7,Month-to-month,Fiber optic,No,No,Yes,Bank transfer,75.67,518.36,Yes
CUST02159,Male,0,No,17,One year,DSL,No,No internet service,No,Mailed check,48.64,804.21,No
CUST02160,Female,0,Yes,26,One year,Fiber optic,No internet service,No,Yes,Electronic check,67.76,1606.56,Yes
CUST02161,Female,0,No,10,One year,Fiber optic,Yes,No,No,Bank transfer,92.7,925.85,Yes
CUST02162,Female,0,No,19,Month-to-month,Fiber optic,No,No internet service,Yes,Electronic check,41.57,785.3,No
CUST02163,Male,0,Yes,24,Two year,DSL,No,No,Yes,Credit card,31.76,714.23,No
CUST02164,Female,1,No,24,Month-to-month,DSL,Yes,Yes,Yes,Electronic check,32.71,751.86,Yes
CUST02165,Male,0,Yes,1,Two year,Fiber optic,Yes,Yes,Yes,Credit card,35.73,35.33,No
CUST02166,Male,0,Yes,39,One year,No,No,No internet service,No,Electronic check,79.88,2957.89,No
CUST02167,Male,0,No,12,Month-to-month,Fiber optic,No internet service,No internet service,Yes,Electronic check,29.85,343.84,Yes
CUST02168,Male,0,Yes,6,One year,Fiber optic,No,Yes,Yes,Electronic check,57.55,331.6,No
CUST02169,Male,0,Yes,5,Month-to-month,Fiber optic,No,No,No,Credit card,80.46,388.19,Yes
CUST02170,Male,0,No,13,One year,Fiber optic,Yes,Yes,Yes,Electronic check,75.42,938.84,No
CUST02171,Female,0,Yes,43,Month-to-month,No,No internet service,No,Yes,Bank transfer,55.36,2239.07,No
CUST02172,Male,0,No,9,Month-to-month,DSL,No,Yes,Yes,Credit card,69.77,599.01,Yes
CUST02173,Female,0,Yes,27,Two year,No,No,Yes,No,Bank transfer,67.68,1803.87,No
CUST02174,Female,1,Yes,2,Month-to-month,Fiber optic,No internet service,No internet service,No,Mailed check,59.39,117.17,No
CUST02175,Male,0,Yes,12,Two year,Fiber optic,Yes,No,No,Credit card,59.73,700.46,No
CUST02176,Male,0,No,72,Month-to-month,DSL,No,Yes,No,Credit card,120.0,8133.79,No
CUST02177,Male,0,No,29,One year,Fiber optic,Yes,No internet service,Yes,Mailed check,85.23,2418.77,No
CUST02178,Female,1,No,4,One year,Fiber optic,Yes,No,No,Bank transfer,120.0,450.62,No
CUST02179,Male,0,No,13,Month-to-month,DSL,No,No,Yes,Credit card,52.58,660.58,No
CUST02180,Male,0,Yes,5,Month-to-month,DSL,Yes,No internet service,Yes,Credit card,62.88,300.8,No
CUST02181,Female,0,No,10,Month-to-month,No,No,No,Yes,Mailed check,31.7,294.81,Yes
CUST02182,Female,0,Yes,30,Month-to-month,Fiber optic,Yes,Yes,Yes,Credit card,44.76,1269.33,Yes
CUST02183,Male,0,Yes,29,Month-to-month,Fiber optic,No,Yes,No,Electronic check,112.55,3208.58,No
CUST02184,Male,0,No,5,One year,DSL,Yes,No,Yes,Mailed check,51.95,257.48,No
CUST02185,Female,0,Yes,51,Two year,Fiber optic,No,Yes,No,Electronic check,112.98,5304.07,No
CUST02186,Male,0,No,17,Two year,Fiber optic,Yes,No,Yes,Electronic check,33.92,545.28,No
CUST02187,Female,0,Yes,9,One year,Fiber optic,No internet service,Yes,Yes,Bank transfer,38.66,328.23,No
CUST02188,Male,0,No,13,One year,Fiber optic,No,No,Yes,Mailed check,56.47,696.6,No
CUST02189,Female,0,Yes,18,One year,Fiber optic,No,Yes,Yes,Electronic check,63.41,1138.71,No
CUST02190,Male,0,No,16,Month-to-month,Fiber optic,No internet service,No,No,Mailed check,88.08,1341.46,No
CUST02191,Female,0,Yes,13,Two year,DSL,Yes,No,No,Mailed check,76.27,974.66,No
CUST02192,Male,0,No,14,One year,No,Yes,No,Yes,Credit card,54.59,738.58,No
CUST02193,Female,0,No,3,One year,Fiber optic,Yes,No,Yes,Credit card,61.67,168.49,No
CUST02194,Female,0,No,33,Month-to-month,DSL,No,No internet service,Yes,Mailed check,57.02,1824.39,No
CUST02195,Male,0,No,15,Month-to-month,Fiber optic,No internet service,No,Yes,Credit card,42.13,609.65,Yes
CUST02196,Female,0,No,2,Month-to-month,No,Yes,No,No,Electronic check,42.8,83.53,No
CUST02197,Male,1,No,29,Two year,DSL,No internet service,No,Yes,Bank transfer,90.7,2386.85,No
CUST02198,Female,0,No,53,Month-to-month,DSL,No,No,No,Credit card,19.3,945.29,No
CUST02199,Female,0,Yes,58,Month-to-month,Fiber optic,Yes,Yes,No,Mailed check,105.43,5973.86,No
CUST02200,Male,0,No,9,Two year,DSL,No internet service,Yes,Yes,Bank transfer,56.43,475.91,Yes
CUST02201,Female,0,No,2,Month-to-month,Fiber optic,No internet service,No,No,Electronic check,45.69,90.57,Yes
CUST02202,Male,0,No,14,Month-to-month,DSL,No internet service,No,No,Electronic check,83.49,1112.48,No
CUST02203,Male,0,Yes,2,Month-to-month,Fiber optic,No,Yes,Yes,Bank transfer,102.13,183.85,Yes
CUST02204,Male,0,No,54,One year,DSL,Yes,No,No,Credit card,92.94,4867.61,No
CUST02205,Male,0,Yes,4,Two year,DSL,No,Yes,No,Mailed check,77.55,295.11,No
CUST02206,Female,0,No,5,Month-to-month,No,No,No internet service,Yes,Credit card,92.17,429.38,Yes
CUST02207,Male,0,Yes,10,Two year,Fiber optic,No,Yes,Yes,Credit card,22.09,199.26,No
CUST02208,Female,0,No,9,Month-to-month,Fiber optic,No,Yes,Yes,Electronic check,51.95,430.09,Yes
CUST02209,Female,0,No,31,Two year,DSL,No,No,No,Mailed check,42.22,1199.09,No
CUST02210,Female,0,Yes,12,One year,Fiber optic,Yes,No,Yes,Bank transfer,95.62,1099.58,Yes
CUST02211,Female,0,No,3,Two year,Fiber optic,No,No,Yes,Mailed check,55.41,162.4,No
CUST02212,Male,0,Yes,6,Month-to-month,No,No internet service,No,Yes,Electronic check,86.14,477.28,No
CUST02213,Male,0,No,14,Two year,No,Yes,No,Yes,Credit card,78.4,1064.42,No
CUST02214,Male,1,No,3,One year,Fiber optic,No,No,Yes,Bank transfer,43.44,129.01,Yes
CUST02215,Male,0,Yes,18,Month-to-month,Fiber optic,Yes,Yes,Yes,Mailed check,50.33,871.66,No
CUST02216,Female,0,No,16,Two year,Fiber optic,No,No,Yes,Bank transfer,97.35,1522.65,Yes
CUST02217,Female,0,No,25,Month-to-month,Fiber optic,No,No internet service,No,Electronic check,45.61,1049.51,No
CUST02218,Male,0,Yes,55,Two year,DSL,Yes,Yes,No,Mailed check,68.12,3400.02,No
CUST02219,Female,0,No,48,Month-to-month,DSL,Yes,No,Yes,Credit card,45.44,2042.7,No
CUST02220,Male,0,No,58,One year,DSL,No,Yes,No,Credit card,57.15,3218.24,No
CUST02221,Female,0,Yes,5,Month-to-month,DSL,No,Yes,Yes,Electronic check,63.85,309.23,Yes
CUST02222,Male,0,Yes,2,Month-to-month,DSL,Yes,Yes,No,Mailed check,45.43,90.45,Yes
CUST02223,Female,0,No,7,Month-to-month,Fiber optic,No internet service,Yes,Yes,Bank transfer,40.99,276.31,Yes
CUST02224,Male,0,Yes,45,Month-to-month,Fiber optic,No,Yes,Yes,Electronic check,72.16,3056.03,Yes
CUST02225,Male,0,Yes,71,Month-to-month,Fiber optic,Yes,No,Yes,Electronic check,43.88,3052.28,Yes
CUST02226,Female,0,Yes,39,Month-to-month,DSL,No internet service,Yes,Yes,Mailed check,44.73,1596.73,No
CUST02227,Female,0,No,2,One year,DSL,Yes,No,No,Bank transfer,41.52,81.49,Yes
CUST02228,Female,0,No,58,Month-to-month,Fiber optic,Yes,No,Yes,Electronic check,63.05,3425.03,Yes
CUST02229,Female,0,Yes,11,Month-to-month,DSL,No internet service,No,Yes,Electronic check,88.59,892.05,Yes
CUST02230,Female,1,No,0,One year,Fiber optic,Yes,No internet service,No,Electronic check,102.66,0.0,Yes
CUST02231,Male,0,No,11,Month-to-month,No,No internet service,No,No,Electronic check,46.85,514.5,Yes
CUST02232,Female,0,No,0,Two year,DSL,No internet service,No,Yes,Mailed check,118.76,0.0,No
CUST02233,Male,0,No,15,Two year,DSL,No,Yes,Yes,Electronic check,39.88,548.8,No
CUST02234,Female,0,No,8,One year,Fiber optic,Yes,No internet service,No,Electronic check,92.09,682.83,No
CUST02235,Male,0,Yes,12,One year,No,Yes,No internet service,Yes,Credit card,46.96,528.14,No
CUST02236,Female,1,Yes,18,Two year,Fiber optic,Yes,Yes,No,Electronic check,43.23,704.68,No
CUST02237,Female,1,Yes,40,Month-to-month,No,No internet service,No,No,Mailed check,46.38,1689.79,Yes
CUST02238,Male,0,No,21,Month-to-month,DSL,No,No,Yes,Credit card,63.69,1305.62,Yes
CUST02239,Female,0,No,11,Month-to-month,No,Yes,No,No,Bank transfer,79.5,855.86,No
CUST02240,Female,0,Yes,34,One year,DSL,No,No,Yes,Bank transfer,81.75,2776.23,No
CUST02241,Male,0,Yes,47,Month-to-month,DSL,Yes,Yes,No,Mailed check,41.4,1764.37,Yes
CUST02242,Male,0,No,2,One year,No,Yes,Yes,Yes,Electronic check,40.26,79.63,No
CUST02243,Male,0,Yes,15,Two year,No,Yes,Yes,No,Bank transfer,42.08,588.1,No
CUST02244,Male,0,Yes,6,Two year,DSL,No,No,No,Bank transfer,62.22,348.23,No
CUST02245,Male,1,Yes,0,Month-to-month,DSL,Yes,No,Yes,Electronic check,59.75,0.0,Yes
CUST02246,Male,0,No,22,Month-to-month,DSL,No,No internet service,No,Mailed check,41.25,906.26,Yes
CUST02247,Male,0,Yes,39,Two year,DSL,Yes,No,Yes,Credit card,71.74,2792.54,No
CUST02248,Male,0,No,3,One year,DSL,No,Yes,No,Electronic check,120.0,355.13,No
CUST02249,Female,0,Yes,33,Month-to-month,No,No,Yes,No,Mailed check,52.38,1571.38,No
CUST02250,Male,0,No,38,Month-to-month,Fiber optic,Yes,No internet service,No,Mailed check,54.16,2025.49,Yes
CUST02251,Female,0,Yes,49,Two year,Fiber optic,No,No,No,Credit card,78.99,3729.09,No
CUST02252,Female,0,Yes,6,One year,Fiber optic,No,No,Yes,Credit card,51.03,279.5,Yes
CUST02253,Male,0,Yes,46,Two year,Fiber optic,Yes,Yes,Yes,Bank transfer,81.72,3481.61,No
CUST02254,Female,0,Yes,7,Two year,Fiber optic,No,No,No,Mailed check,47.04,319.05,No
CUST02255,Female,0,No,16,One year,Fiber optic,No,No,No,Electronic check,110.8,1737.95,No
CUST02256,Female,0,Yes,1,Month-to-month,DSL,No,Yes,Yes,Electronic check,73.62,72.5,No
CUST02257,Female,0,No,0,Month-to-month,Fiber optic,No,No,Yes,Bank transfer,49.5,0.0,No
CUST02258,Female,0,Yes,25,Month-to-month,Fiber optic,No internet service,No,Yes,Bank transfer,50.28,1198.5,No
CUST02259,Female,0,Yes,11,Month-to-month,No,No,No,No,Credit card,52.16,555.64,No
CUST02260,Male,1,No,5,One year,No,Yes,No internet service,No,Mailed check,99.32,485.56,No
CUST02261,Female,0,Yes,4,One year,Fiber optic,No internet service,No,Yes,Bank transfer,33.28,122.08,No
CUST02262,Female,0,Yes,22,Two year,Fiber optic,No,Yes,Yes,Mailed check,48.3,1034.96,No
CUST02263,Female,0,Yes,0,Month-to-month,DSL,No internet service,No internet service,No,Electronic check,50.96,0.0,Yes
CUST02264,Male,0,No,32,One year,Fiber optic,Yes,Yes,No,Mailed check,64.61,1940.11,Yes
CUST02265,Female,0,No,1,One year,Fiber optic,No,No internet service,Yes,Mailed check,58.22,52.85,Yes
CUST02266,Male,0,Yes,4,One year,DSL,No,No internet service,No,Credit card,27.72,106.32,No
CUST02267,Male,0,No,9,One year,Fiber optic,No,Yes,Yes,Mailed check,55.0,450.12,No
CUST02268,Female,0,No,13,Month-to-month,Fiber optic,No internet service,No,No,Credit card,62.51,805.57,No
CUST02269,Female,0,No,8,Month-to-month,DSL,No,Yes,No,Mailed check,49.3,379.45,No
CUST02270,Male,0,Yes,7,Month-to-month,No,No,No,No,Electronic check,82.17,574.63,Yes
CUST02271,Male,0,No,66,Month-to-month,DSL,No,No,No,Electronic check,87.99,5369.26,Yes
CUST02272,Female,0,Yes,20,Month-to-month,No,No,Yes,Yes,Electronic check,63.04,1220.4,No
CUST02273,Male,1,Yes,0,One year,Fiber optic,No,Yes,No,Mailed check,70.76,0.0,Yes
CUST02274,Male,0,Yes,11,Two year,DSL,Yes,No,No,Electronic check,18.0,184.11,No
CUST02275,Male,0,No,41,One year,Fiber optic,Yes,No,Yes,Mailed check,54.47,2031.45,Yes
CUST02276,Female,0,No,7,One year,Fiber optic,Yes,No,Yes,Credit card,90.12,607.75,No
CUST02277,Female,0,No,1,Month-to-month,Fiber optic,No,No,Yes,Bank transfer,54.41,50.96,No
CUST02278,Female,1,No,28,One year,Fiber optic,No,No,No,Bank transfer,46.57,1209.17,No
CUST02279,Female,0,No,18,Month-to-month,Fiber optic,No,No internet service,No,Electronic check,120.0,2158.61,Yes
CUST02280,Female,0,No,16,Month-to-month,Fiber optic,No,Yes,Yes,Mailed check,110.48,1724.21,Yes
CUST02281,Male,0,Yes,1,Month-to-month,No,No,No,Yes,Electronic check,76.69,72.74,No
CUST02282,Female,0,Yes,3,Month-to-month,DSL,Yes,No,Yes,Credit card,93.47,253.77,No
CUST02283,Male,0,Yes,19,Month-to-month,Fiber optic,No internet service,No internet service,Yes,Electronic check,18.0,314.35,Yes
CUST02284,Female,0,Yes,4,Month-to-month,DSL,Yes,No,Yes,Mailed check,45.31,168.53,Yes
CUST02285,Male,0,No,14,Month-to-month,Fiber optic,No internet service,No internet service,No,Bank transfer,53.25,707.27,No
CUST02286,Male,1,No,15,Two year,Fiber optic,No,No,No,Mailed check,59.1,841.93,Yes
CUST02287,Female,0,No,6,Month-to-month,DSL,Yes,No,Yes,Credit card,52.75,285.63,No
CUST02288,Female,0,Yes,59,Month-to-month,DSL,No,No,No,Electronic check,18.0,1055.98,Yes
CUST02289,Male,0,No,36,Month-to-month,DSL,Yes,No,Yes,Mailed check,74.65,2564.53,No
CUST02290,Female,0,Yes,25,One year,Fiber optic,Yes,No,Yes,Credit card,78.59,1772.15,No
CUST02291,Male,0,No,1,Month-to-month,Fiber optic,No,No,No,Mailed check,105.05,101.91,No
CUST02292,Male,1,Yes,2,Month-to-month,No,No,No internet service,Yes,Mailed check,45.29,82.17,Yes
CUST02293,Male,0,No,13,Month-to-month,Fiber optic,Yes,No,Yes,Electronic check,43.25,546.57,Yes
CUST02294,Female,1,No,3,Month-to-month,DSL,No,No internet service,No,Bank transfer,18.0,52.39,No
CUST02295,Male,0,No,72,Month-to-month,No,No internet service,No,Yes,Credit card,57.66,4145.26,Yes
CUST02296,Male,0,Yes,3,Month-to-month,Fiber optic,No,Yes,Yes,Bank transfer,87.53,245.31,Yes
CUST02297,Female,0,Yes,13,Month-to-month,Fiber optic,No,No,Yes,Credit card,49.71,590.93,Yes
CUST02298,Male,0,Yes,9,Month-to-month,DSL,Yes,No,Yes,Mailed check,118.59,970.38,Yes
CUST02299,Male,1,Yes,20,Month-to-month,Fiber optic,Yes,No internet service,Yes,Electronic check,58.59,1063.02,Yes
CUST02300,Male,0,No,2,Two year,No,No,No,No,Electronic check,68.67,134.74,Yes
CUST02301,Female,0,No,11,One year,Fiber optic,No,Yes,No,Bank transfer,30.92,330.55,No
CUST02302,Female,0,Yes,6,Month-to-month,DSL,No,No,No,Mailed check,72.18,432.04,No
CUST02303,Female,0,No,43,Month-to-month,Fiber optic,Yes,No,No,Credit card,18.0,720.53,No
CUST02304,Male,0,No,0,Two year,No,Yes,No,No,Bank transfer,82.34,0.0,No
CUST02305,Female,0,Yes,49,Month-to-month,DSL,No internet service,No,Yes,Credit card,83.11,3703.03,No
CUST02306,Female,1,No,35,Month-to-month,Fiber optic,No,Yes,No,Mailed check,98.98,3431.0,Yes
CUST02307,Female,0,No,7,One year,No,No internet service,Yes,Yes,Mailed check,39.5,250.28,No
CUST02308,Female,0,No,31,Month-to-month,DSL,No internet service,No,Yes,Electronic check,69.01,2093.93,Yes
CUST02309,Male,0,No,0,Month-to-month,Fiber optic,No internet service,Yes,No,Mailed check,79.1,0.0,No
CUST02310,Female,1,Yes,68,Month-to-month,Fiber optic,Yes,No,No,Credit card,76.06,4748.59,No
CUST02311,Male,0,Yes,14,Two year,Fiber optic,Yes,No,Yes,Electronic check,43.37,589.24,Yes
CUST02312,Male,0,No,7,Month-to-month,Fiber optic,Yes,No internet service,Yes,Credit card,18.0,124.69,Yes
CUST02313,Female,0,Yes,9,One year,DSL,No internet service,No internet service,Yes,Credit card,73.67,647.39,No
CUST02314,Female,0,Yes,1,Two year,Fiber optic,No,No,No,Bank transfer,61.19,56.99,Yes
CUST02315,Female,0,No,72,Month-to-month,DSL,No,No,No,Electronic check,50.83,3423.18,No
CUST02316,Male,0,No,0,Month-to-month,Fiber optic,No internet service,No,No,Electronic check,84.1,0.0,Yes
CUST02317,Male,0,No,21,Month-to-month,DSL,No internet service,Yes,No,Electronic check,63.88,1317.88,No
CUST02318,Male,0,Yes,11,Month-to-month,DSL,No,Yes,Yes,Electronic check,32.02,320.77,No
CUST02319,Female,0,Yes,59,Month-to-month,No,Yes,No,Yes,Mailed check,18.0,1051.72,No
CUST02320,Female,0,No,5,Two year,Fiber optic,Yes,No internet service,No,Electronic check,36.78,176.56,No
CUST02321,Male,0,No,15,One year,No,No,Yes,Yes,Bank transfer,120.0,1725.99,No
CUST02322,Male,0,No,13,One year,DSL,No internet service,No,Yes,Mailed check,83.07,1062.4,No
CUST02323,Female,0,No,24,Month-to-month,Fiber optic,No internet service,No,No,Electronic check,69.72,1617.65,No
CUST02324,Female,0,No,1,Two year,DSL,Yes,No internet service,No,Mailed check,60.46,56.25,No
CUST02325,Male,0,No,4,Two year,Fiber optic,Yes,Yes,Yes,Credit card,58.82,219.98,No
CUST02326,Male,0,Yes,4,Two year,Fiber optic,No,Yes,No,Bank transfer,94.18,345.57,No
CUST02327,Male,0,No,26,Month-to-month,DSL,No,No internet service,Yes,Mailed check,52.74,1297.75,No
CUST02328,Female,0,No,4,One year,No,Yes,Yes,Yes,Credit card,79.42,289.41,No
CUST02329,Female,1,Yes,17,Month-to-month,DSL,No,No,Yes,Bank transfer,56.29,923.73,No
CUST02330,Male,1,No,4,Month-to-month,Fiber optic,No internet service,No,No,Credit card,113.5,416.28,Yes
CUST02331,Female,0,Yes,39,Month-to-month,No,No internet service,No,Yes,Electronic check,83.56,3214.5,Yes
CUST02332,Male,0,No,57,One year,No,No,No,No,Credit card,96.14,5315.83,No
CUST02333,Male,0,Yes,14,One year,No,No,No internet service,Yes,Electronic check,50.39,697.81,No
CUST02334,Male,0,No,8,Month-to-month,DSL,Yes,Yes,Yes,Credit card,91.45,664.81,No
CUST02335,Male,0,No,5,Month-to-month,DSL,No,Yes,Yes,Electronic check,57.19,280.19,No
CUST02336,Male,0,Yes,1,Month-to-month,DSL,Yes,No,Yes,Credit card,67.75,66.94,Yes
CUST02337,Male,0,No,6,Month-to-month,Fiber optic,Yes,No,Yes,Credit card,105.88,574.58,No
CUST02338,Male,0,Yes,21,Month-to-month,Fiber optic,Yes,No,Yes,Electronic check,38.93,817.45,No
CUST02339,Female,0,No,15,Month-to-month,DSL,No,No internet service,No,Credit card,70.08,977.68,No
CUST02340,Male,0,No,57,One year,Fiber optic,No internet service,No internet service,No,Electronic check,75.95,3987.89,No
CUST02341,Female,0,No,10,Month-to-month,DSL,No internet service,Yes,Yes,Electronic check,78.0,734.36,No
CUST02342,Male,0,No,23,Month-to-month,DSL,No,No,Yes,Mailed check,53.73,1113.28,No
CUST02343,Male,0,No,13,Month-to-month,Fiber optic,No,Yes,Yes,Credit card,117.16,1505.7,No
CUST02344,Male,0,Yes,14,Two year,Fiber optic,Yes,No internet service,Yes,Mailed check,32.63,423.4,No
CUST02345,Male,0,Yes,6,One year,No,No,No,No,Bank transfer,101.47,579.69,No
CUST02346,Male,0,No,12,One year,DSL,No,No,Yes,Bank transfer,95.38,1101.47,Yes
CUST02347,Male,0,No,12,Month-to-month,Fiber optic,No,No internet service,No,Credit card,112.52,1322.03,Yes
CUST02348,Female,0,No,24,One year,DSL,Yes,No,No,Credit card,25.29,561.45,Yes
CUST02349,Male,1,Yes,56,Month-to-month,DSL,No,Yes,Yes,Electronic check,43.28,2355.13,Yes
CUST02350,Male,0,Yes,7,One year,Fiber optic,Yes,No,No,Electronic check,102.3,652.92,Yes
CUST02351,Female,0,No,0,Two year,No,Yes,No,Yes,Electronic check,18.07,0.0,Yes
CUST02352,Female,0,Yes,13,One year,DSL,No,No,Yes,Bank transfer,24.84,320.31,No
CUST02353,Female,0,No,15,Two year,DSL,Yes,No,No,Electronic check,52.79,719.4,No
CUST02354,Male,0,No,3,One year,Fiber optic,No,Yes,No,Electronic check,69.8,190.9,No
CUST02355,Male,0,No,28,Month-to-month,DSL,No,No,Yes,Credit card,104.81,2804.74,No
CUST02356,Female,0,Yes,72,Two year,No,Yes,No,No,Electronic check,60.37,3932.14,No
CUST02357,Female,0,No,58,Month-to-month,Fiber optic,No internet service,No internet service,No,Bank transfer,49.79,2653.15,Yes
CUST02358,Male,0,Yes,4,Month-to-month,DSL,No internet service,Yes,No,Mailed check,72.78,267.54,Yes
CUST02359,Female,0,Yes,41,Month-to-month,Fiber optic,Yes,Yes,Yes,Electronic check,76.74,2983.12,No
CUST02360,Male,0,No,24,Month-to-month,Fiber optic,No,No,No,Mailed check,76.03,1687.59,No
CUST02361,Female,0,Yes,12,Month-to-month,DSL,No,No,No,Mailed check,60.55,688.49,No
CUST02362,Male,0,Yes,15,Month-to-month,Fiber optic,No,Yes,No,Credit card,18.0,257.07,No
CUST02363,Male,0,Yes,37,Month-to-month,DSL,No internet service,No,Yes,Electronic check,42.06,1514.3,No
CUST02364,Female,0,No,13,One year,Fiber optic,Yes,No internet service,Yes,Mailed check,100.51,1299.57,Yes
CUST02365,Male,0,No,9,Month-to-month,DSL,No,No,Yes,Credit card,69.68,596.0,Yes
CUST02366,Female,0,No,13,Month-to-month,No,No internet service,No,Yes,Bank transfer,56.94,692.48,No
CUST02367,Male,0,No,17,One year,Fiber optic,No,No internet service,No,Credit card,92.95,1463.01,No
CUST02368,Female,0,Yes,4,Month-to-month,DSL,Yes,Yes,No,Credit card,36.75,141.63,Yes
CUST02369,Female,0,Yes,46,One year,No,Yes,No,Yes,Credit card,59.37,2715.43,No
CUST02370,Female,0,Yes,22,One year,DSL,Yes,No,No,Mailed check,68.44,1470.24,No
CUST02371,Female,0,No,20,Two year,Fiber optic,Yes,No,No,Credit card,53.97,993.71,Yes
CUST02372,Female,0,Yes,2,One year,Fiber optic,No,No internet service,Yes,Mailed check,67.52,133.6,No
CUST02373,Male,0,No,18,Month-to-month,DSL,No,No,Yes,Electronic check,60.31,1056.87,No
CUST02374,Female,0,Yes,2,One year,No,Yes,Yes,Yes,Electronic check,30.02,54.8,Yes
CUST02375,Male,1,No,1,Month-to-month,Fiber optic,No,No internet service,Yes,Electronic check,69.54,67.54,No
CUST02376,Male,0,No,14,Month-to-month,DSL,No internet service,Yes,Yes,Electronic check,31.79,413.43,No
CUST02377,Female,0,Yes,10,One year,Fiber optic,No internet service,No,Yes,Electronic check,69.14,656.24,No
CUST02378,Male,0,No,17,Month-to-month,Fiber optic,Yes,No,No,Electronic check,99.35,1570.76,No
CUST02379,Male,0,Yes,1,One year,No,No,No internet service,Yes,Credit card,57.97,52.66,No
CUST02380,Male,0,Yes,11,Two year,DSL,No internet service,No,Yes,Credit card,35.71,383.72,No
CUST02381,Female,0,Yes,3,Two year,Fiber optic,No internet service,No,No,Bank transfer,61.83,182.31,No
CUST02382,Male,0,No,72,Two year,Fiber optic,No internet service,No,No,Credit card,44.2,2937.98,No
CUST02383,Male,0,Yes,16,Month-to-month,Fiber optic,No,No internet service,No,Electronic check,79.86,1180.6,No
CUST02384,Male,1,Yes,23,Month-to-month,Fiber optic,No,No internet service,Yes,Credit card,61.3,1329.53,No
CUST02385,Female,0,No,7,One year,DSL,Yes,Yes,No,Mailed check,107.74,739.96,No
CUST02386,Female,0,Yes,1,Month-to-month,Fiber optic,No,No internet service,Yes,Electronic check,94.07,85.39,No
CUST02387,Female,0,Yes,72,One year,Fiber optic,Yes,No internet service,No,Electronic check,61.17,4319.99,Yes
CUST02388,Female,0,No,6,One year,No,No internet service,No,Yes,Electronic check,82.89,493.5,Yes
CUST02389,Female,0,Yes,11,One year,DSL,No,No,Yes,Electronic check,55.17,580.26,Yes
CUST02390,Female,0,Yes,20,Month-to-month,Fiber optic,No internet service,No,No,Electronic check,65.85,1193.25,No
CUST02391,Female,0,No,0,Month-to-month,No,No,No,Yes,Electronic check,55.96,0.0,Yes
CUST02392,Female,0,Yes,33,Month-to-month,Fiber optic,No,No,Yes,Electronic check,84.16,2530.49,No
CUST02393,Female,0,Yes,15,Month-to-month,No,Yes,Yes,Yes,Electronic check,100.82,1400.28,Yes
CUST02394,Female,1,Yes,6,Two year,No,Yes,Yes,Yes,Credit card,84.97,500.22,No
CUST02395,Male,0,No,1,Month-to-month,Fiber optic,No,Yes,Yes,Electronic check,88.05,79.74,Yes
CUST02396,Female,0,Yes,3,Month-to-month,Fiber optic,No internet service,No internet service,No,Electronic check,88.08,245.32,Yes
CUST02397,Male,0,Yes,45,Month-to-month,DSL,No internet service,No,Yes,Bank transfer,78.78,3373.85,No
CUST02398,Male,0,Yes,23,One year,Fiber optic,Yes,No,Yes,Credit card,36.52,829.38,Yes
CUST02399,Male,0,Yes,5,One year,DSL,Yes,No internet service,No,Mailed check,107.52,497.28,No
CUST02400,Male,0,No,1,Month-to-month,Fiber optic,Yes,No,No,Credit card,110.11,107.67,Yes
CUST02401,Male,0,Yes,23,Month-to-month,Fiber optic,Yes,No internet service,No,Electronic check,59.15,1303.8,No
CUST02402,Male,1,No,16,Month-to-month,Fiber optic,No internet service,Yes,Yes,Electronic check,55.73,862.82,Yes
CUST02403,Female,0,No,10,Month-to-month,DSL,Yes,No,Yes,Electronic check,80.31,792.0,No
CUST02404,Male,0,Yes,9,One year,No,No,No,Yes,Bank transfer,78.77,639.91,No
CUST02405,Male,0,Yes,4,One year,DSL,No,Yes,No,Mailed check,59.95,228.52,No
CUST02406,Female,0,Yes,22,Month-to-month,DSL,No,No,Yes,Bank transfer,33.75,723.73,Yes
CUST02407,Male,0,Yes,70,Month-to-month,DSL,No,No,No,Electronic check,72.64,5026.12,No
CUST02408,Male,0,No,3,Two year,No,No,No,No,Bank transfer,78.79,215.87,No
CUST02409,Female,0,No,18,Month-to-month,No,No,No,Yes,Electronic check,83.15,1398.14,No
CUST02410,Male,1,Yes,11,One year,Fiber optic,No,No,Yes,Mailed check,73.73,736.3,Yes
CUST02411,Female,0,No,11,Month-to-month,No,Yes,No,Yes,Bank transfer,58.22,629.85,No
CUST02412,Female,0,No,5,Month-to-month,DSL,No,Yes,Yes,Bank transfer,89.85,442.84,No
CUST02413,Male,1,Yes,34,Month-to-month,No,No internet service,No internet service,No,Electronic check,66.65,2149.08,Yes
CUST02414,Male,0,No,13,Month-to-month,DSL,No,No,Yes,Credit card,53.38,625.99,Yes
CUST02415,Male,0,No,15,Two year,DSL,No,No,No,Bank transfer,60.48,825.75,No
CUST02416,Male,0,Yes,7,Month-to-month,DSL,No,Yes,Yes,Electronic check,21.35,143.84,No
CUST02417,Female,0,No,4,Month-to-month,Fiber optic,No internet service,No,Yes,Credit card,60.44,241.34,Yes
CUST02418,Female,0,No,1,Month-to-month,Fiber optic,No,No internet service,Yes,Bank transfer,82.21,80.89,No
CUST02419,Female,1,Yes,25,Month-to-month,Fiber optic,No,No internet service,Yes,Mailed check,73.49,1800.12,Yes
CUST02420,Male,0,No,4,Month-to-month,No,No,No,Yes,Electronic check,103.02,388.1,Yes
CUST02421,Male,1,Yes,23,Month-to-month,Fiber optic,No internet service,Yes,No,Mailed check,58.43,1341.9,Yes
CUST02422,Male,0,Yes,9,One year,DSL,No,No,No,Electronic check,77.18,682.46,No
CUST02423,Male,0,No,10,Month-to-month,Fiber optic,No internet service,No,No,Mailed check,84.82,791.85,No
CUST02424,Male,0,Yes,12,Month-to-month,Fiber optic,No,No,No,Mailed check,120.0,1403.78,No
CUST02425,Female,0,No,9,Two year,No,No,No,Yes,Bank transfer,68.62,582.53,Yes
CUST02426,Female,0,Yes,2,Month-to-month,Fiber optic,No,No,No,Electronic check,38.9,75.16,No
CUST02427,Female,0,No,7,Two year,Fiber optic,No,No,Yes,Credit card,86.2,601.59,Yes
CUST02428,Female,0,No,21,Month-to-month,DSL,Yes,Yes,Yes,Electronic check,111.64,2167.78,No
CUST02429,Female,1,Yes,21,Two year,Fiber optic,Yes,No,Yes,Mailed check,56.94,1171.23,No
CUST02430,Male,0,Yes,6,One year,No,No,No internet service,Yes,Bank transfer,86.03,495.04,No
CUST02431,Female,0,Yes,12,Two year,DSL,No,No,No,Bank transfer,95.72,1142.89,Yes
CUST02432,Female,0,Yes,4,Two year,No,No,No internet service,Yes,Electronic check,90.43,330.41,No
CUST02433,Female,0,No,4,Month-to-month,Fiber optic,Yes,No,Yes,Mailed check,68.14,264.92,Yes
CUST02434,Male,0,Yes,0,Two year,DSL,No,No,Yes,Electronic check,47.54,0.0,No
CUST02435,Male,0,No,45,Month-to-month,No,Yes,No internet service,No,Bank transfer,62.97,2620.15,No
CUST02436,Female,1,Yes,4,Month-to-month,Fiber optic,Yes,No,Yes,Electronic check,76.47,285.11,No
CUST02437,Male,0,No,5,Month-to-month,DSL,Yes,No,Yes,Bank transfer,87.71,413.65,Yes
CUST02438,Male,0,No,6,Month-to-month,DSL,No,No,No,Bank transfer,73.35,438.57,No
CUST02439,Female,1,Yes,2,Month-to-month,DSL,Yes,No internet service,Yes,Electronic check,55.5,100.65,No
CUST02440,Male,1,No,20,One year,No,Yes,Yes,No,Electronic check,78.88,1446.5,No
CUST02441,Male,1,Yes,1,Month-to-month,Fiber optic,No,No,No,Electronic check,86.5,79.61,No
CUST02442,Male,0,No,2,One year,No,Yes,No,Yes,Mailed check,74.49,140.4,No
CUST02443,Female,0,No,20,Two year,DSL,No,No,No,Mailed check,44.1,799.15,No
CUST02444,Female,0,No,8,Month-to-month,DSL,No,No,No,Mailed check,60.46,482.01,No
CUST02445,Female,0,No,24,Month-to-month,DSL,No internet service,No,Yes,Bank transfer,88.7,2035.1,No
CUST02446,Male,1,No,16,Month-to-month,Fiber optic,No,Yes,Yes,Electronic check,30.42,477.63,No
CUST02447,Female,0,No,5,Month-to-month,No,No internet service,No internet service,No,Credit card,18.0,87.95,No
CUST02448,Male,0,Yes,21,Month-to-month,Fiber optic,No,No,Yes,Electronic check,102.7,2083.55,No
CUST02449,Male,0,No,2,Month-to-month,DSL,No,No internet service,Yes,Electronic check,77.79,154.09,No
CUST02450,Female,0,Yes,15,Month-to-month,No,No internet service,Yes,No,Bank transfer,80.17,1190.81,No
CUST02451,Female,0,No,11,Two year,Fiber optic,No,No,Yes,Credit card,38.08,382.34,Yes
CUST02452,Male,0,No,6,One year,DSL,No,No,No,Mailed check,83.44,495.73,No
CUST02453,Male,1,No,18,Month-to-month,No,No,No,Yes,Bank transfer,71.88,1232.24,Yes
CUST02454,Female,0,No,41,One year,DSL,No,No internet service,No,Credit card,25.39,964.8,No
CUST02455,Female,0,No,72,Month-to-month,DSL,Yes,Yes,Yes,Bank transfer,100.61,6960.32,No
CUST02456,Male,0,Yes,18,Month-to-month,DSL,No,No,Yes,Electronic check,68.97,1152.19,No
CUST02457,Male,0,Yes,10,One year,Fiber optic,No internet service,No,Yes,Credit card,55.1,522.29,Yes
CUST02458,Female,0,No,5,Month-to-month,Fiber optic,Yes,No,Yes,Bank transfer,55.55,272.65,Yes
CUST02459,Male,1,Yes,5,Month-to-month,DSL,No internet service,No,Yes,Bank transfer,18.0,81.29,No
CUST02460,Male,0,No,13,Two year,DSL,Yes,Yes,Yes,Bank transfer,79.83,953.01,No
CUST02461,Male,0,Yes,9,Two year,Fiber optic,Yes,No,No,Credit card,71.55,641.15,No
CUST02462,Male,0,Yes,49,One year,No,No,No,Yes,Mailed check,60.15,2783.8,No
CUST02463,Female,0,No,9,One year,Fiber optic,Yes,No,Yes,Electronic check,96.96,811.85,No
CUST02464,Female,0,No,9,One year,DSL,No,No,Yes,Mailed check,30.4,271.5,No
CUST02465,Female,0,Yes,9,Month-to-month,DSL,Yes,No,No,Electronic check,50.08,446.72,No
CUST02466,Male,0,Yes,36,Month-to-month,DSL,No,No,No,Electronic check,43.75,1424.47,No
CUST02467,Male,0,Yes,21,Month-to-month,DSL,No,No internet service,No,Bank transfer,58.03,1140.94,No
CUST02468,Female,0,Yes,19,Month-to-month,Fiber optic,No internet service,No,Yes,Electronic check,66.69,1256.06,No
CUST02469,Male,0,Yes,8,Month-to-month,Fiber optic,No,No,Yes,Bank transfer,75.75,556.29,No
CUST02470,Male,0,No,34,Month-to-month,Fiber optic,Yes,No,Yes,Credit card,56.33,1834.44,No
CUST02471,Male,0,No,0,Two year,Fiber optic,No,No,No,Mailed check,43.07,0.0,No
CUST02472,Female,0,Yes,40,Two year,DSL,No internet service,No,Yes,Credit card,107.15,4173.09,No
CUST02473,Male,0,Yes,14,One year,DSL,No,No,No,Electronic check,120.0,1538.59,No
CUST02474,Male,0,No,10,Month-to-month,Fiber optic,No,No,Yes,Credit card,68.58,658.1,No
CUST02475,Female,0,No,13,Two year,DSL,No,No,Yes,Credit card,46.08,539.14,No
CUST02476,Female,0,Yes,22,Month-to-month,DSL,No,Yes,Yes,Electronic check,101.89,2074.04,No
CUST02477,Female,0,Yes,0,One year,Fiber optic,No,Yes,Yes,Electronic check,28.83,0.0,Yes
CUST02478,Male,1,Yes,41,Month-to-month,DSL,No,No,Yes,Electronic check,56.63,2138.37,No
CUST02479,Female,0,Yes,11,One year,DSL,Yes,Yes,Yes,Credit card,47.6,516.29,No
CUST02480,Male,0,No,8,Month-to-month,No,No internet service,No,Yes,Credit card,36.01,285.63,No
CUST02481,Female,0,No,2,Two year,No,Yes,Yes,No,Electronic check,58.0,113.16,No
CUST02482,Female,0,No,11,Two year,DSL,No,No,Yes,Bank transfer,43.4,457.83,No
CUST02483,Female,0,No,13,Month-to-month,DSL,Yes,Yes,Yes,Electronic check,65.32,783.85,No
CUST02484,Female,0,Yes,10,Month-to-month,Fiber optic,No,No,Yes,Mailed check,65.68,609.16,Yes
CUST02485,Male,0,No,22,Two year,DSL,No,No internet service,Yes,Credit card,49.47,1013.23,No
CUST02486,Male,0,Yes,10,Month-to-month,Fiber optic,Yes,No,Yes,Electronic check,55.74,544.97,Yes
CUST02487,Male,0,Yes,65,Two year,DSL,No internet service,No,Yes,Credit card,59.23,3562.31,No
CUST02488,Female,0,No,18,One year,DSL,No,No,Yes,Credit card,85.25,1530.42,No
CUST02489,Male,0,Yes,32,Month-to-month,Fiber optic,No,Yes,Yes,Credit card,61.29,1921.36,Yes
CUST02490,Female,0,Yes,2,Month-to-month,No,No,Yes,No,Electronic check,85.62,171.24,Yes
CUST02491,Female,0,No,10,Month-to-month,DSL,Yes,Yes,Yes,Electronic check,79.65,753.42,No
CUST02492,Male,0,Yes,8,One year,DSL,No,Yes,Yes,Electronic check,79.29,608.27,No
CUST02493,Female,0,No,16,Month-to-month,DSL,No,Yes,Yes,Bank transfer,99.7,1480.41,No
CUST02494,Female,0,Yes,39,Month-to-month,DSL,No,No,Yes,Bank transfer,37.02,1386.57,No
CUST02495,Female,0,No,1,Month-to-month,No,No internet service,Yes,Yes,Electronic check,53.17,53.03,Yes
CUST02496,Female,0,Yes,1,One year,Fiber optic,Yes,No internet service,Yes,Credit card,109.08,98.5,No
CUST02497,Female,0,No,37,Two year,Fiber optic,No,No internet service,Yes,Electronic check,58.57,2013.07,Yes
CUST02498,Male,0,Yes,4,Two year,Fiber optic,Yes,No internet service,No,Electronic check,18.0,66.83,No
CUST02499,Male,1,No,22,Month-to-month,No,No,Yes,Yes,Mailed check,59.93,1316.14,No
CUST02500,Female,0,No,15,Two year,No,No,No internet service,No,Electronic check,68.37,936.6,No
CUST02501,Female,1,Yes,35,One year,DSL,Yes,No internet service,No,Electronic check,18.0,618.18,No
CUST02502,Male,1,Yes,2,One year,DSL,No,No internet service,No,Mailed check,98.35,182.43,No
CUST02503,Female,0,Yes,2,Two year,Fiber optic,No,No,No,Credit card,47.16,93.01,Yes
CUST02504,Male,0,No,16,Month-to-month,Fiber optic,No internet service,No,Yes,Credit card,73.21,1111.36,No
CUST02505,Male,0,No,58,Month-to-month,No,No,Yes,Yes,Mailed check,59.35,3181.46,No
CUST02506,Female,0,Yes,10,Two year,Fiber optic,Yes,Yes,No,Bank transfer,32.79,318.38,No
CUST02507,Female,0,No,7,Month-to-month,No,Yes,Yes,Yes,Bank transfer,38.24,263.44,No
CUST02508,Female,0,No,18,Two year,DSL,Yes,No internet service,No,Electronic check,41.62,709.46,No
CUST02509,Male,0,Yes,53,Two year,No,Yes,Yes,Yes,Bank transfer,92.14,4743.75,No
CUST02510,Male,0,Yes,36,Month-to-month,DSL,No,Yes,Yes,Bank transfer,61.31,2026.52,No
CUST02511,Female,0,No,72,Two year,No,No internet service,No internet service,Yes,Bank transfer,51.95,3717.06,No
CUST02512,Female,0,No,0,Month-to-month,DSL,Yes,Yes,Yes,Bank transfer,41.63,0.0,No
CUST02513,Male,0,Yes,2,Month-to-month,Fiber optic,No,No internet service,Yes,Bank transfer,94.9,175.03,No
CUST02514,Male,1,Yes,18,One year,Fiber optic,No,No,No,Mailed check,101.61,1698.82,Yes
CUST02515,Male,1,Yes,34,Two year,Fiber optic,No,Yes,Yes,Credit card,94.62,2944.51,No
CUST02516,Male,0,No,6,Month-to-month,Fiber optic,Yes,Yes,Yes,Electronic check,77.31,436.34,Yes
CUST02517,Female,0,No,5,Month-to-month,No,No internet service,No,Yes,Credit card,72.25,341.66,Yes
CUST02518,Male,1,Yes,30,One year,Fiber optic,No,No internet service,Yes,Electronic check,34.6,988.03,No
CUST02519,Female,0,Yes,1,One year,Fiber optic,No internet service,No internet service,Yes,Electronic check,58.85,53.21,No
CUST02520,Male,1,Yes,9,One year,DSL,Yes,No,Yes,Bank transfer,47.9,397.44,Yes
CUST02521,Male,0,No,14,Month-to-month,No,No,No,Yes,Mailed check,19.36,265.83,No
CUST02522,Male,0,Yes,16,Month-to-month,Fiber optic,No,No,No,Credit card,91.43,1435.17,No
CUST02523,Male,0,No,26,Month-to-month,Fiber optic,No,No,No,Mailed check,47.6,1154.68,Yes
CUST02524,Female,0,No,8,Two year,DSL,Yes,No,No,Bank transfer,94.9,718.29,No
CUST02525,Female,0,No,18,Month-to-month,Fiber optic,No internet service,Yes,Yes,Electronic check,87.04,1438.79,No
CUST02526,Female,0,No,17,Month-to-month,DSL,No internet service,No,Yes,Electronic check,78.92,1317.78,Yes
CUST02527,Male,0,Yes,15,Two year,DSL,Yes,No,No,Mailed check,80.32,1199.58,No
CUST02528,Female,0,No,20,Month-to-month,Fiber optic,No,Yes,No,Bank transfer,49.62,922.07,Yes
CUST02529,Female,0,No,6,Two year,DSL,No,No,Yes,Bank transfer,111.45,654.12,No
CUST02530,Female,0,No,1,One year,DSL,No internet service,No,Yes,Bank transfer,66.08,61.8,No
CUST02531,Female,0,Yes,2,Two year,Fiber optic,No,No,Yes,Credit card,72.55,130.63,No
CUST02532,Male,0,Yes,5,Month-to-month,DSL,Yes,No,Yes,Bank transfer,48.77,234.09,Yes
CUST02533,Male,0,No,13,Month-to-month,DSL,Yes,No,No,Credit card,41.72,510.38,Yes
CUST02534,Male,0,No,36,One year,DSL,No,No,Yes,Electronic check,76.93,2702.58,Yes
CUST02535,Male,0,No,24,Two year,Fiber optic,Yes,No internet service,Yes,Electronic check,70.44,1648.09,No
CUST02536,Female,0,No,31,One year,Fiber optic,Yes,No,No,Electronic check,45.27,1395.8,No
CUST02537,Male,0,No,8,Month-to-month,Fiber optic,No,No,Yes,Electronic check,29.04,219.26,Yes
CUST02538,Male,1,Yes,10,One year,DSL,No,No,No,Mailed check,33.25,315.29,No
CUST02539,Male,0,No,10,One year,DSL,No,No,No,Mailed check,94.9,892.1,No
CUST02540,Female,0,No,4,One year,DSL,No,Yes,Yes,Bank transfer,49.67,184.71,No
CUST02541,Male,0,No,1,One year,Fiber optic,Yes,No,No,Bank transfer,56.53,54.48,No
CUST02542,Male,0,No,17,Two year,No,No,No,Yes,Credit card,101.26,1691.82,No
CUST02543,Male,0,Yes,72,One year,DSL,No,No,Yes,Credit card,36.95,2436.34,No
CUST02544,Male,0,Yes,3,Month-to-month,DSL,No,No,No,Electronic check,46.83,140.23,Yes
CUST02545,Female,1,No,0,Month-to-month,DSL,No,No,No,Electronic check,45.78,0.0,Yes
CUST02546,Female,0,Yes,30,Month-to-month,Fiber optic,Yes,Yes,No,Electronic check,105.45,3093.94,No
CUST02547,Female,0,No,5,Month-to-month,Fiber optic,No,No,No,Electronic check,114.83,574.08,Yes
CUST02548,Male,0,No,35,Month-to-month,Fiber optic,No internet service,No,Yes,Mailed check,83.79,2787.2,No
CUST02549,Male,0,Yes,24,Month-to-month,No,No,No,No,Bank transfer,84.58,1841.4,No
CUST02550,Female,0,No,58,Month-to-month,Fiber optic,Yes,No,No,Electronic check,50.49,2867.01,No
CUST02551,Male,0,Yes,10,Month-to-month,DSL,No internet service,Yes,Yes,Bank transfer,113.68,1122.11,No
CUST02552,Female,0,No,21,Two year,DSL,Yes,No,No,Bank transfer,71.69,1379.39,Yes
CUST02553,Female,0,Yes,12,Two year,Fiber optic,No,No,Yes,Electronic check,86.33,934.86,No
CUST02554,Male,0,No,19,Month-to-month,Fiber optic,Yes,No,No,Mailed check,62.36,1082.45,No
CUST02555,Female,0,No,11,Two year,Fiber optic,No internet service,No,No,Credit card,58.3,597.95,No
CUST02556,Female,0,No,4,Month-to-month,Fiber optic,No,No,Yes,Mailed check,106.58,423.09,Yes
CUST02557,Male,0,No,14,Month-to-month,Fiber optic,No,No,Yes,Electronic check,78.49,989.25,No
CUST02558,Male,0,No,15,Month-to-month,No,No,No,Yes,Electronic check,101.28,1489.39,No
CUST02559,Male,0,No,33,Month-to-month,Fiber optic,No,Yes,Yes,Electronic check,71.38,2321.35,No
CUST02560,Female,1,No,26,One year,Fiber optic,Yes,Yes,Yes,Electronic check,43.79,1117.03,Yes
CUST02561,Male,0,Yes,21,One year,DSL,No,Yes,Yes,Credit card,50.42,961.64,No
CUST02562,Male,0,No,2,Month-to-month,Fiber optic,No,No internet service,Yes,Electronic check,67.57,130.8,Yes
CUST02563,Male,0,Yes,25,Month-to-month,No,No,No internet service,Yes,Electronic check,49.34,1227.81,No
CUST02564,Male,0,No,13,Month-to-month,Fiber optic,Yes,Yes,Yes,Electronic check,37.31,442.36,No
CUST02565,Male,0,Yes,44,Month-to-month,Fiber optic,Yes,No,Yes,Credit card,95.04,3776.83,No
CUST02566,Male,0,Yes,50,Month-to-month,Fiber optic,No,No internet service,No,Electronic check,51.38,2536.54,Yes
CUST02567,Male,0,Yes,1,Month-to-month,DSL,No,No,No,Electronic check,68.45,66.02,No
CUST02568,Male,0,Yes,34,Two year,Fiber optic,Yes,No,Yes,Bank transfer,72.4,2374.57,No
CUST02569,Male,0,No,0,Two year,DSL,Yes,Yes,Yes,Mailed check,50.3,0.0,No
CUST02570,Male,0,Yes,9,Month-to-month,No,No,Yes,No,Electronic check,101.27,890.45,No
CUST02571,Female,0,No,15,Two year,No,Yes,No,Yes,Electronic check,37.07,522.54,No
CUST02572,Female,0,Yes,3,Month-to-month,DSL,No,No,No,Credit card,71.54,202.51,No
CUST02573,Female,0,No,27,Month-to-month,DSL,No,No,Yes,Credit card,71.15,1756.74,No
CUST02574,Female,0,No,0,Month-to-month,Fiber optic,No,Yes,Yes,Electronic check,63.64,0.0,Yes
CUST02575,Male,0,Yes,3,One year,DSL,No internet service,No internet service,No,Electronic check,32.58,92.32,No
CUST02576,Male,0,Yes,17,Two year,DSL,Yes,No internet service,No,Electronic check,86.77,1366.09,Yes
CUST02577,Female,0,Yes,25,One year,Fiber optic,No internet service,Yes,No,Bank transfer,83.59,2072.17,No
CUST02578,Male,0,Yes,49,Month-to-month,Fiber optic,No,Yes,No,Bank transfer,48.11,2124.43,No
CUST02579,Male,0,Yes,24,One year,DSL,No,No,Yes,Credit card,82.69,1902.6,Yes
CUST02580,Male,0,Yes,22,Month-to-month,No,No internet service,Yes,Yes,Bank transfer,74.37,1598.77,No
CUST02581,Male,1,Yes,10,Two year,No,No,Yes,Yes,Credit card,32.98,320.96,No
CUST02582,Male,0,No,0,Month-to-month,Fiber optic,No internet service,Yes,Yes,Credit card,43.65,0.0,Yes
CUST02583,Female,0,Yes,2,Month-to-month,No,No,No internet service,No,Credit card,93.46,175.9,No
CUST02584,Female,0,No,15,One year,DSL,No,No internet service,Yes,Mailed check,72.74,1082.21,Yes
CUST02585,Female,0,No,22,One year,DSL,No,Yes,Yes,Electronic check,50.89,1044.45,No
CUST02586,Female,0,Yes,10,Month-to-month,DSL,Yes,No internet service,Yes,Mailed check,43.54,424.52,No
CUST02587,Female,0,Yes,26,One year,Fiber optic,No internet service,No,Yes,Mailed check,52.12,1345.18,No
CUST02588,Female,1,Yes,14,Month-to-month,No,No,No,Yes,Bank transfer,53.89,688.7,Yes
CUST02589,Female,0,Yes,1,One year,Fiber optic,No,No internet service,Yes,Electronic check,43.85,43.62,No
CUST02590,Female,0,No,4,Two year,No,No internet service,No,Yes,Bank transfer,21.46,83.92,No
CUST02591,Female,0,Yes,36,Two year,Fiber optic,No internet service,No internet service,No,Mailed check,93.5,3236.94,No
CUST02592,Male,0,Yes,25,One year,Fiber optic,Yes,No,Yes,Bank transfer,89.27,2091.91,No
CUST02593,Male,0,Yes,45,Month-to-month,Fiber optic,No,No,Yes,Electronic check,33.17,1478.36,No
CUST02594,Male,0,No,2,Month-to-month,DSL,No,No,No,Mailed check,68.41,123.74,Yes
CUST02595,Female,1,No,72,One year,DSL,No,No,No,Electronic check,42.44,2882.07,No
CUST02596,Female,0,No,4,Month-to-month,Fiber optic,No internet service,No,Yes,Credit card,58.46,228.15,Yes
CUST02597,Female,0,No,0,Month-to-month,Fiber optic,No internet service,No internet service,Yes,Mailed check,56.38,0.0,No
CUST02598,Female,0,Yes,72,Month-to-month,Fiber optic,No,No,No,Electronic check,54.3,3597.72,No
CUST02599,Female,1,Yes,6,Month-to-month,Fiber optic,No,Yes,Yes,Electronic check,115.07,624.66,Yes
CUST02600,Female,0,Yes,22,One year,DSL,No,Yes,Yes,Bank transfer,53.99,1164.36,No
CUST02601,Female,1,No,3,Month-to-month,Fiber optic,No,No internet service,Yes,Electronic check,44.79,126.6,No
CUST02602,Male,0,No,17,One year,Fiber optic,Yes,No,No,Credit card,45.94,714.09,No
CUST02603,Male,0,Yes,46,Month-to-month,Fiber optic,No,No,No,Mailed check,91.09,3806.98,No
CUST02604,Female,0,Yes,7,Month-to-month,No,Yes,No internet service,No,Electronic check,23.7,159.94,No
CUST02605,Female,0,Yes,22,Month-to-month,Fiber optic,No,No internet service,Yes,Bank transfer,45.93,968.31,No
CUST02606,Male,0,No,4,Month-to-month,Fiber optic,No,No,Yes,Electronic check,101.17,398.77,Yes
CUST02607,Female,0,No,19,Month-to-month,No,Yes,Yes,No,Credit card,71.1,1220.07,No
CUST02608,Male,0,Yes,8,One year,No,No,No,Yes,Electronic check,69.8,551.05,No
CUST02609,Female,0,Yes,4,Month-to-month,No,Yes,No,Yes,Credit card,118.3,467.86,No
CUST02610,Male,0,Yes,7,Two year,DSL,No,No internet service,Yes,Bank transfer,71.16,470.54,No
CUST02611,Male,1,No,3,Month-to-month,DSL,No,No internet service,Yes,Credit card,47.3,128.8,Yes
CUST02612,Female,0,No,46,Month-to-month,DSL,No,No,No,Electronic check,57.95,2651.5,No
CUST02613,Female,0,Yes,10,One year,DSL,No,No internet service,Yes,Electronic check,36.61,332.13,No
CUST02614,Female,0,Yes,5,Month-to-month,No,No,Yes,Yes,Bank transfer,96.4,462.27,Yes
CUST02615,Female,0,Yes,11,Month-to-month,Fiber optic,Yes,Yes,Yes,Bank transfer,79.36,828.71,Yes
CUST02616,Male,0,No,7,Month-to-month,DSL,No,No,No,Electronic check,93.11,641.02,No
CUST02617,Male,0,No,27,Month-to-month,DSL,No,No internet service,No,Mailed check,95.32,2445.63,No
CUST02618,Male,1,No,70,Two year,DSL,No,Yes,No,Electronic check,54.64,3621.75,Yes
CUST02619,Female,0,No,11,Month-to-month,Fiber optic,Yes,No,Yes,Bank transfer,41.38,449.75,No
CUST02620,Male,0,Yes,39,One year,Fiber optic,Yes,No internet service,No,Electronic check,63.71,2475.75,No
CUST02621,Male,0,No,16,Two year,No,No,No,Yes,Electronic check,43.18,659.74,No
CUST02622,Female,0,Yes,3,Month-to-month,No,No,Yes,Yes,Electronic check,69.12,196.05,Yes
CUST02623,Female,1,Yes,23,Two year,DSL,No,No,Yes,Mailed check,93.3,2109.65,No
CUST02624,Male,0,No,14,Month-to-month,DSL,No,No,Yes,Electronic check,60.8,836.82,No
CUST02625,Male,0,No,21,Two year,DSL,No,No,No,Credit card,68.75,1345.49,No
CUST02626,Male,0,No,44,Month-to-month,Fiber optic,No internet service,No internet service,No,Electronic check,62.65,2639.78,No
CUST02627,Female,0,No,11,One year,No,No,Yes,No,Credit card,85.07,856.61,No
CUST02628,Male,0,No,46,Month-to-month,Fiber optic,No,No internet service,No,Mailed check,48.31,2141.27,Yes
CUST02629,Female,0,Yes,27,Month-to-month,Fiber optic,Yes,No,Yes,Mailed check,18.0,477.93,No
CUST02630,Female,0,No,13,One year,Fiber optic,No,No,Yes,Electronic check,76.77,916.92,No
CUST02631,Female,1,No,18,One year,DSL,No,No internet service,No,Bank transfer,89.7,1505.3,No
CUST02632,Male,0,No,7,Month-to-month,DSL,No,Yes,No,Bank transfer,76.16,503.74,No
CUST02633,Female,0,No,72,Month-to-month,Fiber optic,No internet service,Yes,No,Mailed check,48.99,3472.64,No
CUST02634,Male,0,No,22,One year,Fiber optic,No,No internet service,Yes,Electronic check,36.62,784.0,No
CUST02635,Female,0,No,0,One year,DSL,No internet service,Yes,No,Credit card,77.36,0.0,No
CUST02636,Male,0,Yes,7,Two year,Fiber optic,Yes,Yes,No,Credit card,68.54,443.46,Yes
CUST02637,Male,0,No,19,One year,No,No,No,Yes,Mailed check,61.86,1139.57,No
CUST02638,Male,0,No,1,Two year,Fiber optic,No,Yes,No,Bank transfer,110.56,104.81,No
CUST02639,Male,0,Yes,0,One year,Fiber optic,No,No internet service,Yes,Mailed check,41.33,0.0,Yes
CUST02640,Female,0,No,11,Month-to-month,Fiber optic,No,No internet service,Yes,Electronic check,109.38,1160.91,No
CUST02641,Male,0,Yes,8,Month-to-month,Fiber optic,No,No,No,Electronic check,65.79,503.09,No
CUST02642,Female,1,Yes,11,One year,Fiber optic,No,No,No,Mailed check,19.11,202.08,No
CUST02643,Female,0,No,6,One year,No,Yes,No,Yes,Credit card,60.52,359.04,No
CUST02644,Female,0,No,3,Month-to-month,DSL,No,Yes,No,Electronic check,88.99,263.45,Yes
CUST02645,Female,0,Yes,23,Month-to-month,Fiber optic,Yes,No,Yes,Bank transfer,55.87,1175.66,No
CUST02646,Female,0,No,14,Two year,DSL,Yes,Yes,Yes,Credit card,28.13,377.54,No
CUST02647,Male,0,No,4,Month-to-month,DSL,Yes,No,Yes,Electronic check,60.89,229.9,No
CUST02648,Female,0,No,7,Month-to-month,Fiber optic,Yes,No,No,Electronic check,43.57,283.2,Yes
CUST02649,Male,0,No,17,Month-to-month,No,No,No internet service,No,Bank transfer,77.3,1265.63,No
CUST02650,Male,0,No,1,Month-to-month,Fiber optic,No,No,Yes,Electronic check,84.33,80.21,Yes
CUST02651,Male,0,No,3,Month-to-month,DSL,Yes,No,No,Electronic check,38.59,113.16,No
CUST02652,Male,0,No,1,Month-to-month,DSL,No,No,No,Mailed check,47.35,43.06,Yes
CUST02653,Female,0,Yes,33,Month-to-month,Fiber optic,No internet service,No internet service,Yes,Mailed check,83.92,2576.25,Yes
CUST02654,Female,0,Yes,27,One year,DSL,No,No internet service,No,Credit card,43.53,1060.81,No
CUST02655,Female,0,Yes,27,Month-to-month,DSL,No internet service,No internet service,No,Bank transfer,37.95,998.62,Yes
CUST02656,Male,0,No,25,Two year,Fiber optic,No,Yes,Yes,Mailed check,35.53,880.47,No
CUST02657,Male,0,Yes,22,Two year,DSL,No internet service,No,Yes,Mailed check,73.8,1556.61,No
CUST02658,Female,1,Yes,12,Month-to-month,Fiber optic,Yes,No,Yes,Credit card,72.73,839.33,No
CUST02659,Female,0,No,20,One year,Fiber optic,Yes,No,No,Electronic check,47.9,866.65,No
CUST02660,Male,0,No,0,Month-to-month,DSL,No,No internet service,No,Electronic check,65.13,0.0,Yes
CUST02661,Female,0,No,19,Two year,Fiber optic,No internet service,No,Yes,Credit card,103.18,1867.67,Yes
CUST02662,Male,0,Yes,30,Month-to-month,Fiber optic,No internet service,Yes,No,Credit card,40.65,1102.3,No
CUST02663,Male,0,Yes,13,One year,Fiber optic,No,No,Yes,Electronic check,18.0,228.91,No
CUST02664,Female,0,Yes,8,One year,Fiber optic,Yes,No,Yes,Electronic check,76.38,566.94,No
CUST02665,Female,0,Yes,6,Month-to-month,DSL,No,No internet service,No,Mailed check,62.24,363.11,Yes
CUST02666,Male,0,Yes,20,Month-to-month,No,Yes,No,Yes,Electronic check,47.25,888.58,Yes
CUST02667,Male,0,Yes,23,One year,Fiber optic,No,No,Yes,Bank transfer,81.3,1869.09,No
CUST02668,Female,0,Yes,40,One year,DSL,Yes,No,Yes,Electronic check,85.98,3168.26,Yes
CUST02669,Female,0,No,8,Month-to-month,DSL,No,Yes,Yes,Electronic check,18.0,130.44,No
CUST02670,Female,0,Yes,29,One year,DSL,No internet service,No,No,Mailed check,48.69,1409.17,No
CUST02671,Female,0,Yes,16,Month-to-month,DSL,Yes,No,Yes,Credit card,120.0,1774.82,Yes
CUST02672,Male,0,No,42,One year,Fiber optic,No,No,No,Mailed check,79.59,3220.88,No
CUST02673,Male,0,No,15,Month-to-month,DSL,Yes,No internet service,No,Mailed check,81.9,1151.67,No
CUST02674,Male,0,No,14,Two year,DSL,No,No,Yes,Credit card,94.32,1272.89,No
CUST02675,Male,1,No,17,Month-to-month,Fiber optic,No,No,No,Mailed check,65.43,1067.38,No
CUST02676,Male,0,No,27,Month-to-month,DSL,Yes,No internet service,No,Mailed check,84.92,2225.72,No
CUST02677,Female,0,No,66,Month-to-month,Fiber optic,No internet service,No,Yes,Mailed check,82.95,4937.33,No
CUST02678,Male,0,No,1,Month-to-month,Fiber optic,No,No,Yes,Electronic check,78.48,77.19,Yes
CUST02679,Male,0,Yes,1,Month-to-month,DSL,Yes,Yes,No,Mailed check,56.95,53.98,No
CUST02680,Female,0,Yes,55,Month-to-month,Fiber optic,No,No,Yes,Mailed check,69.3,3628.11,No
CUST02681,Male,0,No,15,Two year,Fiber optic,Yes,No internet service,Yes,Electronic check,50.29,709.92,Yes
CUST02682,Female,0,No,19,Month-to-month,Fiber optic,Yes,No,Yes,Electronic check,65.32,1239.76,No
CUST02683,Female,0,No,13,Month-to-month,DSL,Yes,No,Yes,Electronic check,35.79,456.04,No
CUST02684,Male,0,No,1,Month-to-month,Fiber optic,Yes,No,Yes,Mailed check,45.23,42.12,Yes
CUST02685,Male,1,No,29,Month-to-month,No,No,No,Yes,Electronic check,57.94,1643.81,No
CUST02686,Male,0,No,27,Month-to-month,Fiber optic,No,Yes,Yes,Electronic check,41.41,1055.12,Yes
CUST02687,Male,0,No,7,Month-to-month,DSL,No,No internet service,Yes,Credit card,52.37,361.82,No
CUST02688,Female,0,Yes,7,Month-to-month,Fiber optic,No,No internet service,No,Mailed check,60.9,384.98,Yes
CUST02689,Female,0,Yes,36,Month-to-month,Fiber optic,No,No,No,Electronic check,75.06,2527.98,No
CUST02690,Female,0,No,1,Month-to-month,Fiber optic,Yes,Yes,Yes,Bank transfer,88.73,83.67,Yes
CUST02691,Male,0,No,42,One year,Fiber optic,No,No,Yes,Electronic check,53.41,2185.85,No
CUST02692,Female,0,Yes,5,Month-to-month,Fiber optic,No,Yes,No,Bank transfer,98.38,451.68,Yes
CUST02693,Male,0,No,17,Month-to-month,No,Yes,No,Yes,Bank transfer,88.47,1396.65,Yes
CUST02694,Female,0,No,54,Two year,Fiber optic,No,Yes,No,Bank transfer,77.6,4074.69,No
CUST02695,Female,0,Yes,22,Month-to-month,Fiber optic,No,No,Yes,Bank transfer,68.84,1374.67,No
CUST02696,Male,0,No,10,One year,DSL,No internet service,No,Yes,Electronic check,72.98,671.5,No
CUST02697,Female,0,No,23,Month-to-month,No,Yes,No internet service,Yes,Bank transfer,94.68,2123.93,No
CUST02698,Male,0,No,8,One year,No,Yes,No,No,Electronic check,95.59,755.2,No
CUST02699,Female,1,No,6,One year,DSL,Yes,No internet service,Yes,Electronic check,98.37,574.21,No
CUST02700,Female,0,Yes,72,Month-to-month,Fiber optic,No internet service,Yes,No,Credit card,66.03,4529.35,No
CUST02701,Male,1,No,27,Two year,DSL,No,Yes,Yes,Mailed check,78.87,1937.64,No
CUST02702,Female,0,No,20,Month-to-month,Fiber optic,No internet service,No,Yes,Credit card,98.59,1937.73,No
CUST02703,Female,0,No,8,Month-to-month,Fiber optic,No,Yes,Yes,Electronic check,49.41,360.66,No
CUST02704,Female,0,Yes,1,One year,DSL,No,Yes,Yes,Mailed check,57.04,53.53,No
CUST02705,Male,0,No,0,Two year,No,No,No,Yes,Electronic check,65.4,0.0,No
CUST02706,Male,0,No,16,Month-to-month,DSL,No internet service,No,Yes,Bank transfer,87.49,1359.2,No
CUST02707,Male,0,Yes,28,Month-to-month,Fiber optic,No internet service,Yes,Yes,Electronic check,87.88,2338.47,Yes
CUST02708,Male,0,Yes,15,Month-to-month,Fiber optic,No,No,Yes,Electronic check,59.23,880.24,Yes
CUST02709,Female,0,Yes,36,Month-to-month,DSL,No,No,No,Electronic check,27.28,897.5,Yes
CUST02710,Female,0,No,0,One year,DSL,No,Yes,No,Bank transfer,71.15,0.0,No
CUST02711,Male,1,No,9,Month-to-month,DSL,Yes,No internet service,Yes,Electronic check,42.04,359.85,Yes
CUST02712,Male,0,No,5,Month-to-month,Fiber optic,No internet service,Yes,Yes,Credit card,27.75,129.95,Yes
CUST02713,Female,0,Yes,11,Month-to-month,Fiber optic,No,Yes,Yes,Electronic check,33.4,354.3,No
CUST02714,Male,1,No,1,Month-to-month,DSL,No,Yes,Yes,Electronic check,73.16,71.63,No
CUST02715,Male,0,No,61,Month-to-month,DSL,No,Yes,Yes,Mailed check,99.03,5702.72,Yes
CUST02716,Male,0,Yes,5,One year,DSL,No,No internet service,Yes,Credit card,65.97,304.54,No
CUST02717,Male,0,No,51,Two year,Fiber optic,Yes,Yes,No,Electronic check,70.28,3554.1,No
CUST02718,Female,1,No,11,Two year,Fiber optic,No internet service,No,No,Electronic check,94.57,968.8,Yes
CUST02719,Female,0,Yes,72,Month-to-month,DSL,No internet service,No,Yes,Bank transfer,26.39,1899.74,No
CUST02720,Male,0,Yes,16,Two year,Fiber optic,No,No,No,Electronic check,78.0,1218.96,Yes
CUST02721,Male,0,No,53,One year,DSL,No,No internet service,Yes,Bank transfer,64.71,3322.56,No
CUST02722,Female,1,Yes,0,One year,No,No,No internet service,Yes,Electronic check,79.15,0.0,No
CUST02723,Female,1,Yes,27,Month-to-month,No,No,Yes,No,Mailed check,52.91,1349.79,No
CUST02724,Male,0,No,46,Month-to-month,Fiber optic,No internet service,No internet service,Yes,Electronic check,44.55,1947.34,No
CUST02725,Female,1,No,3,Month-to-month,No,Yes,No,No,Mailed check,68.51,192.71,Yes
CUST02726,Female,0,No,2,Month-to-month,No,Yes,No,Yes,Bank transfer,106.23,194.4,Yes
CUST02727,Female,0,Yes,11,Month-to-month,No,No internet service,No,No,Bank transfer,86.52,891.52,No
CUST02728,Female,1,No,54,Month-to-month,Fiber optic,Yes,No internet service,Yes,Mailed check,52.31,2563.44,No
CUST02729,Female,0,No,15,Month-to-month,DSL,No,Yes,No,Credit card,31.48,438.72,No
CUST02730,Female,0,No,14,One year,DSL,Yes,No,Yes,Electronic check,22.95,291.86,Yes
CUST02731,Male,0,Yes,3,Month-to-month,DSL,No internet service,Yes,Yes,Electronic check,97.9,286.43,Yes
CUST02732,Female,0,No,0,Month-to-month,Fiber optic,No,No,No,Bank transfer,41.12,0.0,Yes
CUST02733,Female,0,No,33,Two year,DSL,No internet service,No internet service,No,Bank transfer,56.86,1865.11,No
CUST02734,Male,1,No,1,Two year,DSL,No internet service,No,No,Electronic check,98.03,91.95,No
CUST02735,Male,0,No,20,One year,Fiber optic,Yes,Yes,Yes,Bank transfer,24.65,482.46,Yes
CUST02736,Male,1,Yes,49,Two year,DSL,No,No,Yes,Mailed check,102.31,4806.45,No
CUST02737,Male,0,No,4,Month-to-month,Fiber optic,No,No,Yes,Bank transfer,58.66,226.34,Yes
CUST02738,Male,0,No,21,Two year,No,No internet service,No,Yes,Credit card,36.29,727.6,No
CUST02739,Male,0,No,1,Month-to-month,Fiber optic,Yes,Yes,No,Bank transfer,58.82,57.52,No
CUST02740,Male,0,Yes,18,Month-to-month,Fiber optic,No internet service,No,No,Electronic check,46.94,763.98,No
CUST02741,Male,0,No,3,Month-to-month,Fiber optic,Yes,No internet service,No,Bank transfer,76.02,207.09,No
CUST02742,Male,0,No,26,Month-to-month,Fiber optic,No internet service,No,Yes,Bank transfer,48.8,1154.09,Yes
CUST02743,Female,0,No,7,Month-to-month,DSL,No,No,Yes,Electronic check,18.0,117.04,Yes
CUST02744,Male,0,No,12,One year,No,No,No,No,Mailed check,59.49,684.69,No
CUST02745,Male,0,Yes,18,One year,DSL,No,Yes,No,Credit card,31.09,539.79,No
CUST02746,Female,0,No,3,One year,DSL,Yes,No,No,Electronic check,70.11,204.29,Yes
CUST02747,Female,0,No,27,Month-to-month,Fiber optic,No,No,No,Electronic check,35.32,885.05,No
CUST02748,Male,0,No,7,Two year,DSL,No,Yes,No,Electronic check,52.8,356.67,No
CUST02749,Male,0,Yes,21,One year,Fiber optic,No,Yes,Yes,Bank transfer,69.56,1331.88,No
CUST02750,Female,0,Yes,3,Month-to-month,DSL,No,No,No,Credit card,59.69,161.34,No
CUST02751,Male,0,No,23,One year,DSL,No,Yes,Yes,Bank transfer,71.26,1588.94,No
CUST02752,Male,1,Yes,2,Month-to-month,DSL,No,No,No,Electronic check,82.01,159.36,No
CUST02753,Male,0,No,11,Month-to-month,DSL,No internet service,Yes,No,Bank transfer,36.05,381.57,No
CUST02754,Male,0,Yes,5,Two year,Fiber optic,No,Yes,Yes,Bank transfer,63.39,293.46,Yes
CUST02755,Male,1,No,27,Month-to-month,No,Yes,No,No,Bank transfer,18.0,482.47,No
CUST02756,Male,0,No,6,Month-to-month,Fiber optic,No internet service,No,Yes,Electronic check,71.18,421.77,Yes
CUST02757,Male,1,Yes,42,Two year,No,No internet service,Yes,Yes,Bank transfer,57.48,2297.2,No
CUST02758,Male,0,No,44,One year,DSL,No internet service,Yes,Yes,Mailed check,40.41,1776.11,No
CUST02759,Female,0,Yes,4,Month-to-month,DSL,No internet service,No,Yes,Electronic check,72.89,271.11,Yes
CUST02760,Female,0,Yes,19,Month-to-month,DSL,No,No,Yes,Mailed check,94.32,1700.89,No
CUST02761,Male,0,Yes,1,Month-to-month,Fiber optic,Yes,No,Yes,Credit card,53.1,52.72,No
CUST02762,Male,1,No,9,One year,Fiber optic,No,Yes,Yes,Electronic check,41.38,352.39,No
CUST02763,Male,1,Yes,24,Month-to-month,Fiber optic,No,No internet service,Yes,Credit card,69.13,1571.35,Yes
CUST02764,Male,1,Yes,21,Month-to-month,Fiber optic,Yes,No,Yes,Electronic check,31.61,602.7,Yes
CUST02765,Male,1,No,19,Two year,Fiber optic,Yes,No,No,Bank transfer,48.49,848.65,No
CUST02766,Male,1,Yes,6,Month-to-month,Fiber optic,No,Yes,No,Electronic check,95.56,525.08,No
CUST02767,Female,0,Yes,9,Month-to-month,No,No,Yes,No,Electronic check,66.55,572.91,No
CUST02768,Female,0,Yes,2,Month-to-month,DSL,No,No,Yes,Bank transfer,18.01,33.57,No
CUST02769,Female,0,Yes,25,One year,Fiber optic,No,Yes,No,Bank transfer,20.08,455.67,No
CUST02770,Male,0,Yes,14,Month-to-month,Fiber optic,No internet service,Yes,Yes,Credit card,69.05,919.33,No
CUST02771,Male,0,Yes,24,Month-to-month,Fiber optic,No,No,Yes,Bank transfer,86.56,2008.72,No
CUST02772,Male,1,Yes,5,Two year,DSL,No internet service,No,Yes,Bank transfer,24.56,119.56,Yes
CUST02773,Female,0,Yes,7,Month-to-month,Fiber optic,No,No,Yes,Credit card,76.24,525.01,No
CUST02774,Female,0,Yes,8,Month-to-month,Fiber optic,Yes,No,Yes,Mailed check,98.26,745.36,No
CUST02775,Female,0,No,0,Month-to-month,Fiber optic,Yes,No,No,Electronic check,112.2,0.0,Yes
CUST02776,Male,0,No,8,Month-to-month,DSL,No,No,No,Electronic check,73.28,567.72,Yes
CUST02777,Female,1,Yes,32,Month-to-month,No,Yes,No internet service,No,Mailed check,77.67,2240.22,No
CUST02778,Female,0,No,45,Month-to-month,Fiber optic,No internet service,No,No,Bank transfer,18.0,780.32,No
CUST02779,Female,1,No,14,Month-to-month,Fiber optic,No,No,No,Electronic check,117.49,1547.1,No
CUST02780,Female,0,No,12,Month-to-month,Fiber optic,No internet service,Yes,Yes,Electronic check,50.61,574.09,Yes
CUST02781,Male,0,Yes,0,Two year,No,No,No internet service,No,Electronic check,41.66,0.0,Yes
CUST02782,Male,1,No,42,Two year,DSL,No,Yes,No,Bank transfer,58.62,2247.17,Yes
CUST02783,Male,0,Yes,0,One year,DSL,Yes,No,Yes,Electronic check,102.79,0.0,No
CUST02784,Female,0,No,57,Two year,Fiber optic,No,No,No,Electronic check,120.0,6366.81,No
CUST02785,Female,0,Yes,13,Month-to-month,Fiber optic,No,No,Yes,Bank transfer,68.14,882.29,Yes
CUST02786,Female,0,Yes,8,Two year,DSL,No,No,No,Bank transfer,89.95,715.54,Yes
CUST02787,Male,0,No,51,Month-to-month,No,No internet service,No,No,Electronic check,66.08,3250.08,No
CUST02788,Male,0,No,0,Two year,Fiber optic,No,Yes,No,Bank transfer,39.06,0.0,No
CUST02789,Male,1,No,17,Two year,Fiber optic,No internet service,No,No,Electronic check,101.92,1689.54,No
CUST02790,Male,0,Yes,15,One year,DSL,No,No internet service,No,Credit card,49.45,693.23,No
CUST02791,Female,0,Yes,4,Two year,DSL,No,Yes,Yes,Electronic check,103.39,397.18,No
CUST02792,Female,1,No,11,One year,Fiber optic,No,Yes,Yes,Credit card,97.46,988.47,No
CUST02793,Male,1,No,21,Month-to-month,No,Yes,No,Yes,Credit card,80.35,1634.57,Yes
CUST02794,Female,0,No,25,Month-to-month,Fiber optic,No,No internet service,No,Credit card,110.72,2503.6,Yes
CUST02795,Male,0,No,0,One year,No,No,Yes,Yes,Electronic check,120.0,0.0,Yes
CUST02796,Male,0,Yes,55,Month-to-month,No,Yes,Yes,No,Mailed check,60.62,3195.14,No
CUST02797,Male,0,Yes,3,One year,Fiber optic,No,No,Yes,Electronic check,44.78,121.69,Yes
CUST02798,Male,0,Yes,5,Two year,Fiber optic,No,Yes,No,Credit card,18.39,90.77,No
CUST02799,Male,0,No,6,Month-to-month,Fiber optic,Yes,No,Yes,Credit card,120.0,711.19,No
CUST02800,Male,0,No,0,One year,Fiber optic,No internet service,No internet service,Yes,Credit card,54.01,0.0,Yes
CUST02801,Female,0,Yes,2,Two year,DSL,No,Yes,Yes,Bank transfer,93.38,182.54,No
CUST02802,Male,0,Yes,72,Two year,Fiber optic,No,No,Yes,Mailed check,46.47,3238.08,No
CUST02803,Female,0,Yes,7,Two year,DSL,No,No,Yes,Mailed check,103.46,680.54,Yes
CUST02804,Male,0,Yes,2,Month-to-month,No,No,No internet service,No,Mailed check,47.5,86.8,Yes
CUST02805,Male,0,No,2,Two year,No,Yes,No internet service,Yes,Mailed check,35.21,65.41,Yes
CUST02806,Male,0,Yes,25,One year,DSL,No,No,No,Bank transfer,59.79,1397.15,No
CUST02807,Male,0,No,38,Month-to-month,DSL,No,No,No,Credit card,51.71,1838.84,No
CUST02808,Female,0,No,5,Month-to-month,Fiber optic,No internet service,No,No,Bank transfer,79.91,382.19,No
CUST02809,Male,0,Yes,0,One year,Fiber optic,No,No,Yes,Credit card,63.72,0.0,No
CUST02810,Female,0,Yes,5,Month-to-month,DSL,Yes,Yes,No,Credit card,80.69,370.76,Yes
CUST02811,Male,0,No,1,One year,Fiber optic,No,No internet service,Yes,Mailed check,57.72,56.09,Yes
CUST02812,Male,0,Yes,2,One year,DSL,No,No,Yes,Electronic check,48.37,87.14,Yes
CUST02813,Female,1,No,11,Month-to-month,DSL,Yes,Yes,Yes,Bank transfer,50.41,507.35,No
CUST02814,Female,0,No,5,One year,DSL,No internet service,No internet service,Yes,Mailed check,116.12,547.79,Yes
CUST02815,Female,0,Yes,14,One year,DSL,Yes,No,No,Electronic check,70.63,904.68,Yes
CUST02816,Female,0,No,5,Month-to-month,Fiber optic,Yes,Yes,Yes,Mailed check,18.0,89.64,No
CUST02817,Male,0,No,56,Month-to-month,No,Yes,Yes,Yes,Credit card,51.99,2815.39,No
CUST02818,Female,0,Yes,47,Month-to-month,Fiber optic,No,No,Yes,Electronic check,67.42,2989.0,Yes
CUST02819,Female,0,No,16,Month-to-month,Fiber optic,No,No internet service,Yes,Bank transfer,111.13,1620.23,No
CUST02820,Female,0,Yes,8,Two year,DSL,Yes,No internet service,Yes,Credit card,90.72,681.14,Yes
CUST02821,Male,0,No,9,Month-to-month,Fiber optic,No internet service,No,Yes,Bank transfer,41.96,364.45,No
CUST02822,Female,0,No,10,One year,DSL,Yes,No internet service,Yes,Bank transfer,120.0,1196.26,No
CUST02823,Male,0,No,26,Month-to-month,Fiber optic,No,No,No,Bank transfer,64.22,1581.67,Yes
CUST02824,Female,0,Yes,12,Month-to-month,No,Yes,No,No,Mailed check,96.16,1118.43,Yes
CUST02825,Male,0,Yes,38,Two year,DSL,No internet service,No,Yes,Electronic check,36.12,1262.12,No
CUST02826,Female,0,Yes,57,One year,Fiber optic,No,No,No,Credit card,18.0,987.38,No
CUST02827,Female,0,No,8,Month-to-month,DSL,No,No,Yes,Mailed check,29.79,220.19,Yes
CUST02828,Male,1,Yes,16,Month-to-month,Fiber optic,Yes,Yes,No,Bank transfer,18.0,264.91,Yes
CUST02829,Male,0,No,1,Month-to-month,DSL,No,Yes,Yes,Mailed check,117.8,112.02,Yes
CUST02830,Male,0,Yes,4,Month-to-month,Fiber optic,No,No,No,Electronic check,70.36,259.25,No
CUST02831,Male,0,Yes,10,One year,DSL,No,No internet service,Yes,Credit card,41.88,407.13,No
CUST02832,Female,0,Yes,4,Month-to-month,Fiber optic,No,No internet service,Yes,Credit card,76.32,303.37,No
CUST02833,Female,0,No,41,Month-to-month,Fiber optic,No internet service,No internet service,Yes,Electronic check,69.73,2685.57,Yes
CUST02834,Female,0,No,3,Month-to-month,DSL,Yes,Yes,Yes,Credit card,80.52,225.19,Yes
CUST02835,Female,0,Yes,12,Two year,Fiber optic,No,No,No,Bank transfer,95.24,1048.69,Yes
CUST02836,Female,0,No,18,Two year,No,No,No,No,Mailed check,57.75,976.13,No
CUST02837,Female,0,Yes,23,Month-to-month,Fiber optic,No,No,Yes,Bank transfer,43.0,945.45,No
CUST02838,Female,0,No,9,One year,DSL,Yes,Yes,Yes,Electronic check,85.69,722.85,No
CUST02839,Male,0,No,40,Month-to-month,DSL,Yes,No,Yes,Bank transfer,85.06,3274.16,No
CUST02840,Male,0,Yes,16,Month-to-month,No,No,Yes,Yes,Electronic check,67.52,1043.85,No
CUST02841,Female,0,Yes,11,One year,Fiber optic,No internet service,No internet service,Yes,Mailed check,119.44,1195.31,Yes
CUST02842,Female,0,Yes,1,Two year,Fiber optic,No internet service,No,Yes,Bank transfer,54.05,52.42,No
CUST02843,Male,1,Yes,12,Two year,DSL,Yes,No,No,Credit card,42.5,504.92,No
CUST02844,Female,1,No,34,One year,Fiber optic,Yes,No,Yes,Bank transfer,75.45,2315.5,Yes
CUST02845,Male,1,No,19,Month-to-month,DSL,No,Yes,No,Electronic check,48.13,873.44,Yes
CUST02846,Female,0,No,35,One year,No,No,Yes,No,Credit card,77.39,2601.35,No
CUST02847,Male,0,No,13,Month-to-month,No,No,No,Yes,Bank transfer,44.17,557.55,No
CUST02848,Male,0,Yes,2,One year,DSL,No,No,Yes,Bank transfer,54.99,103.22,No
CUST02849,Male,0,Yes,0,Month-to-month,Fiber optic,No,Yes,No,Electronic check,112.27,0.0,No
CUST02850,Male,0,No,7,One year,DSL,No,No,Yes,Credit card,54.86,366.35,No
CUST02851,Male,0,No,23,Month-to-month,Fiber optic,Yes,Yes,Yes,Credit card,45.03,974.47,No
CUST02852,Male,0,No,31,Month-to-month,No,No,Yes,No,Bank transfer,94.27,2840.33,No
CUST02853,Male,0,No,7,Two year,Fiber optic,No,Yes,Yes,Credit card,38.72,269.07,No
CUST02854,Male,0,Yes,13,Month-to-month,DSL,No internet service,No,No,Electronic check,47.68,608.19,No
CUST02855,Female,0,Yes,10,Month-to-month,DSL,Yes,No,Yes,Credit card,79.41,788.59,Yes
CUST02856,Male,0,No,10,Month-to-month,No,No,No,No,Mailed check,88.46,819.66,Yes
CUST02857,Male,0,Yes,5,Month-to-month,Fiber optic,No internet service,Yes,No,Electronic check,95.51,435.45,No
CUST02858,Female,0,No,2,Month-to-month,Fiber optic,No,Yes,Yes,Bank transfer,46.32,88.33,Yes
CUST02859,Female,0,Yes,4,Month-to-month,DSL,No internet service,No,No,Bank transfer,79.9,289.06,Yes
CUST02860,Female,0,Yes,1,Two year,DSL,No,Yes,No,Electronic check,53.35,51.61,No
CUST02861,Female,0,Yes,4,Month-to-month,No,No internet service,Yes,Yes,Electronic check,49.86,184.28,No
CUST02862,Female,0,No,0,Two year,Fiber optic,No,No,No,Electronic check,95.08,0.0,Yes
CUST02863,Female,0,No,19,One year,Fiber optic,Yes,No,Yes,Mailed check,51.26,940.39,No
CUST02864,Male,0,Yes,7,Month-to-month,Fiber optic,No internet service,No,No,Electronic check,71.96,477.68,No
CUST02865,Female,1,No,72,One year,Fiber optic,No internet service,Yes,Yes,Electronic check,68.89,4581.16,No
CUST02866,Female,0,No,4,Month-to-month,DSL,No,No,Yes,Mailed check,38.23,151.09,Yes
CUST02867,Female,0,Yes,8,One year,DSL,No,No,Yes,Credit card,89.15,696.41,No
CUST02868,Female,0,Yes,8,Month-to-month,Fiber optic,No internet service,No,Yes,Bank transfer,79.01,606.86,No
CUST02869,Female,0,Yes,0,Month-to-month,Fiber optic,Yes,Yes,No,Electronic check,18.0,0.0,Yes
CUST02870,Male,0,Yes,36,Two year,Fiber optic,No,No,Yes,Credit card,71.94,2438.42,No
CUST02871,Female,0,No,0,Two year,No,Yes,No,Yes,Bank transfer,45.68,0.0,No
CUST02872,Male,0,Yes,56,Two year,Fiber optic,Yes,Yes,Yes,Mailed check,92.43,4741.35,No
CUST02873,Male,0,Yes,44,Month-to-month,DSL,No,No,Yes,Mailed check,28.87,1245.33,No
CUST02874,Male,0,Yes,15,One year,No,No internet service,No,Yes,Mailed check,56.09,789.27,No
CUST02875,Male,0,Yes,15,Month-to-month,Fiber optic,No,No,Yes,Electronic check,74.05,1076.57,Yes
CUST02876,Female,0,No,21,Month-to-month,Fiber optic,No internet service,Yes,No,Mailed check,66.36,1296.0,No
CUST02877,Male,1,Yes,9,Month-to-month,Fiber optic,Yes,Yes,Yes,Mailed check,84.07,741.19,Yes
CUST02878,Female,0,No,20,One year,Fiber optic,No,No,No,Mailed check,27.04,492.41,No
CUST02879,Male,0,Yes,0,Month-to-month,DSL,Yes,No,No,Bank transfer,106.3,0.0,Yes
CUST02880,Female,0,No,1,Month-to-month,Fiber optic,Yes,No,Yes,Mailed check,78.13,76.63,Yes
CUST02881,Female,0,No,12,Two year,No,Yes,No,No,Bank transfer,98.99,1147.52,No
CUST02882,Female,0,Yes,15,Month-to-month,Fiber optic,Yes,No,Yes,Bank transfer,86.86,1263.31,No
CUST02883,Male,1,No,43,Month-to-month,Fiber optic,No,No,Yes,Credit card,64.71,2650.64,Yes
CUST02884,Female,0,Yes,2,Month-to-month,DSL,Yes,Yes,Yes,Mailed check,32.9,62.9,No
CUST02885,Male,0,Yes,34,Two year,DSL,No,No,Yes,Credit card,50.91,1569.25,No
CUST02886,Male,1,Yes,4,Month-to-month,DSL,No internet service,No,Yes,Credit card,104.74,387.57,No
CUST02887,Female,1,Yes,10,Month-to-month,DSL,No,Yes,No,Bank transfer,99.64,968.69,No
CUST02888,Male,0,Yes,7,Two year,No,No internet service,Yes,No,Bank transfer,49.51,344.68,No
CUST02889,Female,0,Yes,10,Two year,Fiber optic,No internet service,Yes,No,Electronic check,18.0,171.75,No
CUST02890,Female,0,Yes,3,Month-to-month,Fiber optic,No,No,Yes,Credit card,59.68,174.13,Yes
CUST02891,Female,0,No,14,One year,Fiber optic,No,No,No,Electronic check,57.81,783.73,No
CUST02892,Male,1,Yes,32,One year,DSL,No,No internet service,No,Bank transfer,58.76,1880.2,No
CUST02893,Female,0,Yes,11,One year,No,Yes,No internet service,Yes,Electronic check,78.21,842.67,No
CUST02894,Female,0,No,13,Month-to-month,Fiber optic,No internet service,No internet service,Yes,Mailed check,86.91,1087.76,Yes
CUST02895,Male,0,Yes,37,Two year,DSL,No,No,Yes,Bank transfer,89.76,3027.25,No
CUST02896,Male,0,Yes,24,Month-to-month,Fiber optic,Yes,No internet service,Yes,Credit card,76.14,1710.9,Yes
CUST02897,Male,0,Yes,13,Month-to-month,No,No,Yes,No,Mailed check,19.98,240.28,No
CUST02898,Male,0,No,5,Month-to-month,No,No,No,No,Credit card,56.47,278.22,Yes
CUST02899,Female,0,Yes,43,Month-to-month,DSL,No,No,Yes,Bank transfer,120.0,4874.23,Yes
CUST02900,Male,0,No,17,Month-to-month,No,Yes,Yes,No,Electronic check,74.36,1205.38,Yes
CUST02901,Male,0,Yes,4,One year,DSL,No,Yes,No,Electronic check,74.2,295.76,No
CUST02902,Male,0,Yes,6,Month-to-month,DSL,No,No,No,Bank transfer,73.99,436.69,Yes
CUST02903,Male,0,Yes,32,Month-to-month,No,No internet service,Yes,Yes,Electronic check,75.38,2361.46,Yes
CUST02904,Female,0,No,0,Month-to-month,No,No internet service,No,Yes,Mailed check,18.0,0.0,No
CUST02905,Male,0,No,72,Month-to-month,Fiber optic,No,No internet service,Yes,Electronic check,59.01,3833.52,No
CUST02906,Male,0,Yes,2,Two year,Fiber optic,Yes,Yes,No,Mailed check,64.05,116.9,No
CUST02907,Female,0,Yes,31,Month-to-month,No,No,No,No,Bank transfer,97.04,2930.11,No
CUST02908,Male,0,No,10,Month-to-month,Fiber optic,No,No,Yes,Mailed check,66.19,622.9,No
CUST02909,Female,0,Yes,13,Month-to-month,No,No,Yes,Yes,Electronic check,23.84,282.57,No
CUST02910,Male,0,No,42,Month-to-month,Fiber optic,Yes,No internet service,No,Electronic check,75.75,3098.47,No
CUST02911,Female,0,No,10,Month-to-month,No,No,No internet service,Yes,Mailed check,44.9,412.84,No
CUST02912,Female,0,Yes,15,One year,No,No,Yes,Yes,Electronic check,34.58,497.38,Yes
CUST02913,Male,0,Yes,1,Two year,DSL,No,Yes,Yes,Bank transfer,44.15,43.01,No
CUST02914,Female,1,No,0,Month-to-month,No,Yes,No internet service,Yes,Bank transfer,78.56,0.0,Yes
CUST02915,Female,0,No,5,One year,Fiber optic,No,No internet service,Yes,Electronic check,96.47,482.04,Yes
CUST02916,Female,0,No,22,One year,Fiber optic,No,No,Yes,Mailed check,77.07,1599.6,No
CUST02917,Female,0,Yes,2,Two year,Fiber optic,No,Yes,No,Mailed check,80.8,150.48,No
CUST02918,Female,0,No,2,Month-to-month,DSL,No,No,No,Electronic check,76.83,141.39,No
CUST02919,Male,0,Yes,10,Month-to-month,Fiber optic,No,No,Yes,Bank transfer,67.53,641.79,No
CUST02920,Male,0,Yes,20,Month-to-month,No,No internet service,No internet service,Yes,Electronic check,82.42,1624.08,Yes
CUST02921,Male,0,No,24,One year,DSL,Yes,No,Yes,Mailed check,18.0,429.71,No
CUST02922,Male,0,No,3,Two year,Fiber optic,Yes,No,Yes,Credit card,67.78,202.77,No
CUST02923,Female,0,Yes,1,Month-to-month,No,No,Yes,No,Electronic check,38.88,37.06,No
CUST02924,Male,0,No,56,Month-to-month,Fiber optic,No internet service,No,Yes,Bank transfer,94.07,5059.97,Yes
CUST02925,Male,1,No,6,Two year,Fiber optic,No,Yes,Yes,Mailed check,61.32,352.52,No
CUST02926,Male,0,Yes,38,Two year,Fiber optic,No,Yes,No,Electronic check,65.77,2365.79,No
CUST02927,Male,0,No,39,Two year,Fiber optic,Yes,No,No,Bank transfer,27.37,976.94,No
CUST02928,Female,0,No,29,One year,Fiber optic,No,No,Yes,Bank transfer,90.42,2377.13,No
CUST02929,Female,0,No,3,Month-to-month,No,No,No,Yes,Mailed check,80.68,228.4,Yes
CUST02930,Male,0,No,34,One year,Fiber optic,No,No internet service,Yes,Bank transfer,78.92,2464.91,No
CUST02931,Male,0,Yes,29,One year,No,No,No,Yes,Credit card,44.67,1280.75,Yes
CUST02932,Female,0,No,18,Month-to-month,Fiber optic,No,No,Yes,Credit card,45.66,802.29,Yes
CUST02933,Male,0,Yes,8,Month-to-month,DSL,Yes,No,No,Bank transfer,70.59,543.17,Yes
CUST02934,Male,0,Yes,6,One year,Fiber optic,Yes,No,Yes,Credit card,47.64,258.61,Yes
CUST02935,Male,0,No,2,Month-to-month,Fiber optic,No,No,No,Electronic check,75.87,146.01,Yes
CUST02936,Male,0,No,14,One year,Fiber optic,No,No,No,Mailed check,18.0,242.45,No
CUST02937,Male,0,Yes,17,One year,DSL,No,No internet service,Yes,Electronic check,52.81,847.42,No
CUST02938,Male,0,Yes,8,Two year,DSL,No,No,Yes,Electronic check,109.92,849.26,No
CUST02939,Female,0,No,12,Month-to-month,DSL,Yes,Yes,No,Mailed check,75.99,898.92,No
CUST02940,Female,1,Yes,9,Month-to-month,DSL,No,Yes,Yes,Bank transfer,69.17,607.46,No
CUST02941,Female,0,Yes,20,One year,Fiber optic,No internet service,No,Yes,Mailed check,114.63,2171.88,No
CUST02942,Male,0,Yes,46,Month-to-month,DSL,No,No,Yes,Bank transfer,18.0,766.92,Yes
CUST02943,Female,0,No,3,One year,Fiber optic,No,No,No,Mailed check,44.62,126.87,No
CUST02944,Male,0,Yes,9,One year,DSL,No,Yes,Yes,Mailed check,54.97,492.06,No
CUST02945,Female,0,No,3,Month-to-month,DSL,No,No internet service,Yes,Electronic check,86.46,254.71,Yes
CUST02946,Female,0,No,19,Month-to-month,Fiber optic,Yes,Yes,No,Mailed check,86.89,1490.28,Yes
CUST02947,Female,0,No,26,Month-to-month,DSL,Yes,No,No,Electronic check,43.35,1102.64,Yes
CUST02948,Female,0,Yes,53,Month-to-month,No,Yes,Yes,No,Bank transfer,89.95,4371.93,No
CUST02949,Female,0,Yes,6,Two year,DSL,No,No,No,Electronic check,54.92,315.39,No
CUST02950,Male,0,Yes,59,Two year,Fiber optic,Yes,No,Yes,Electronic check,95.29,5513.33,No
CUST02951,Female,0,Yes,1,One year,No,No internet service,No,No,Bank transfer,39.18,37.46,No
CUST02952,Male,0,No,18,One year,Fiber optic,No internet service,No,Yes,Mailed check,61.92,1048.12,No
CUST02953,Male,0,Yes,1,Month-to-month,DSL,No,No,No,Mailed check,52.75,49.17,Yes
CUST02954,Female,0,No,44,Two year,Fiber optic,No,No,Yes,Electronic check,91.4,3742.14,Yes
CUST02955,Male,1,No,15,One year,Fiber optic,Yes,No,No,Mailed check,51.93,766.29,No
CUST02956,Male,0,Yes,22,One year,No,No,No internet service,No,Credit card,63.94,1382.07,No
CUST02957,Female,0,Yes,35,Two year,No,No internet service,No internet service,Yes,Credit card,77.67,2670.44,No
CUST02958,Male,0,No,3,Month-to-month,DSL,Yes,No,No,Bank transfer,78.63,218.97,Yes
CUST02959,Female,0,No,0,Two year,No,No,Yes,No,Electronic check,87.17,0.0,No
CUST02960,Female,1,No,42,Month-to-month,DSL,Yes,No internet service,Yes,Bank transfer,70.28,2667.4,No
CUST02961,Female,0,Yes,7,Month-to-month,DSL,No,No internet service,Yes,Electronic check,54.54,351.48,No
CUST02962,Female,0,No,2,Month-to-month,No,Yes,No,No,Electronic check,56.26,107.06,Yes
CUST02963,Female,0,Yes,12,Two year,DSL,No,No,No,Electronic check,65.64,740.95,No
CUST02964,Male,0,Yes,18,Two year,DSL,No,Yes,Yes,Credit card,71.24,1168.44,No
CUST02965,Female,0,Yes,0,One year,DSL,Yes,No,Yes,Bank transfer,61.32,0.0,No
CUST02966,Female,0,Yes,6,One year,Fiber optic,No,No internet service,No,Bank transfer,65.48,377.6,No
CUST02967,Male,0,No,0,One year,Fiber optic,Yes,No,Yes,Bank transfer,27.07,0.0,No
CUST02968,Male,0,Yes,10,Two year,Fiber optic,Yes,No,Yes,Electronic check,81.68,736.42,No
CUST02969,Male,0,No,45,Month-to-month,DSL,Yes,Yes,Yes,Mailed check,69.53,2950.79,No
CUST02970,Female,1,No,72,Month-to-month,Fiber optic,No,No,Yes,Bank transfer,90.05,6034.14,No
CUST02971,Female,0,No,20,Month-to-month,No,No internet service,No,No,Bank transfer,65.0,1244.96,No
CUST02972,Female,0,Yes,3,One year,No,Yes,Yes,Yes,Credit card,21.54,64.17,Yes
CUST02973,Male,1,No,47,One year,DSL,Yes,No,Yes,Electronic check,56.04,2451.58,Yes
CUST02974,Female,0,Yes,14,Month-to-month,No,No internet service,No,Yes,Bank transfer,60.0,839.76,No
CUST02975,Male,0,No,3,Month-to-month,Fiber optic,No,No,Yes,Mailed check,83.57,227.8,Yes
CUST02976,Male,0,No,50,Two year,DSL,Yes,Yes,No,Bank transfer,18.0,817.95,No
CUST02977,Female,0,Yes,28,Month-to-month,DSL,No,No internet service,Yes,Mailed check,66.03,1795.77,No
CUST02978,Female,0,Yes,26,One year,DSL,No internet service,Yes,No,Credit card,77.84,1972.97,No
CUST02979,Male,0,No,24,Two year,Fiber optic,Yes,No,No,Electronic check,48.46,1095.92,No
CUST02980,Female,0,No,4,Month-to-month,DSL,Yes,No,Yes,Bank transfer,66.87,248.38,No
CUST02981,Female,0,Yes,4,Month-to-month,Fiber optic,Yes,No internet service,No,Bank transfer,49.32,193.22,No
CUST02982,Male,0,No,23,One year,DSL,No,No internet service,Yes,Electronic check,46.76,1070.77,No
CUST02983,Male,0,Yes,4,Two year,No,Yes,No,No,Electronic check,54.79,218.94,No
CUST02984,Female,0,No,11,Month-to-month,DSL,No internet service,No,Yes,Credit card,47.23,500.54,No
CUST02985,Female,0,Yes,30,Two year,No,No,No internet service,Yes,Electronic check,82.09,2398.7,No
CUST02986,Male,0,No,30,Month-to-month,No,No,No,No,Electronic check,46.63,1374.03,No
CUST02987,Female,1,No,12,Month-to-month,DSL,Yes,No,Yes,Credit card,42.43,498.92,No
CUST02988,Male,0,No,31,One year,Fiber optic,No internet service,No,Yes,Bank transfer,109.2,3382.96,No
CUST02989,Male,0,No,36,Two year,DSL,No,No,Yes,Electronic check,89.02,3143.97,No
CUST02990,Female,0,Yes,21,Month-to-month,No,No,No,Yes,Bank transfer,18.46,374.58,No
CUST02991,Female,0,Yes,5,Two year,Fiber optic,No internet service,No,Yes,Mailed check,45.88,215.09,No
CUST02992,Male,0,Yes,6,One year,DSL,No internet service,No,Yes,Credit card,71.06,409.22,No
CUST02993,Female,0,Yes,7,Month-to-month,DSL,No,No internet service,No,Bank transfer,73.09,505.51,No
CUST02994,Male,0,Yes,2,Month-to-month,Fiber optic,No,No,Yes,Credit card,27.74,51.63,Yes
CUST02995,Male,1,No,6,Two year,No,Yes,Yes,Yes,Electronic check,93.96,509.11,No
CUST02996,Male,0,No,4,Month-to-month,Fiber optic,No internet service,No,No,Bank transfer,85.63,319.47,Yes
CUST02997,Female,0,Yes,12,Month-to-month,No,No internet service,No,No,Electronic check,77.05,920.92,No
CUST02998,Male,0,Yes,47,Month-to-month,Fiber optic,No,No internet service,Yes,Electronic check,98.92,4553.5,No
CUST02999,Female,0,Yes,2,Two year,DSL,No,No,No,Bank transfer,76.31,140.21,No
CUST03000,Male,0,No,25,One year,No,No,No internet service,Yes,Electronic check,76.21,1717.01,No
CUST03001,Male,0,No,23,One year,DSL,Yes,No internet service,No,Bank transfer,103.94,2311.52,No
CUST03002,Male,1,Yes,2,Month-to-month,No,No,No internet service,Yes,Credit card,92.53,177.27,Yes
CUST03003,Female,0,No,51,One year,Fiber optic,Yes,Yes,Yes,Mailed check,43.96,2036.37,No
CUST03004,Female,0,Yes,16,One year,DSL,No,No,Yes,Electronic check,80.83,1288.88,No
CUST03005,Female,0,Yes,9,Two year,Fiber optic,Yes,No,No,Bank transfer,48.39,418.86,Yes
CUST03006,Female,0,Yes,28,Two year,No,No,No,Yes,Credit card,77.6,2097.08,Yes
CUST03007,Female,0,No,5,Month-to-month,No,No,No,No,Bank transfer,76.92,378.97,No
CUST03008,Female,0,Yes,23,One year,DSL,Yes,No,No,Bank transfer,30.41,653.06,No
CUST03009,Female,0,Yes,0,Month-to-month,DSL,Yes,No,No,Electronic check,61.95,0.0,Yes
CUST03010,Female,0,Yes,36,Month-to-month,Fiber optic,No,No,Yes,Electronic check,71.63,2469.39,Yes
CUST03011,Female,1,Yes,11,Month-to-month,Fiber optic,Yes,No,No,Bank transfer,54.09,593.05,No
CUST03012,Female,0,No,20,Month-to-month,Fiber optic,No,No,Yes,Electronic check,72.87,1330.82,Yes
CUST03013,Female,0,Yes,5,Month-to-month,DSL,No,No internet service,Yes,Credit card,85.15,415.49,No
CUST03014,Male,1,No,22,One year,No,No,No,Yes,Mailed check,64.24,1353.24,No
CUST03015,Male,1,Yes,29,Month-to-month,Fiber optic,No,No internet service,Yes,Mailed check,70.61,2016.03,No
CUST03016,Female,0,Yes,12,One year,No,No,No internet service,No,Bank transfer,99.59,1175.0,No
CUST03017,Male,0,Yes,19,Month-to-month,Fiber optic,Yes,No,No,Credit card,76.83,1315.55,No
CUST03018,Female,0,Yes,12,Month-to-month,Fiber optic,No,Yes,Yes,Bank transfer,70.02,777.76,No
CUST03019,Male,0,Yes,44,One year,No,No,No,Yes,Credit card,41.05,1658.24,No
CUST03020,Male,0,Yes,13,Month-to-month,Fiber optic,No,No,No,Credit card,81.78,1005.91,No
CUST03021,Female,1,No,36,Month-to-month,No,Yes,No,Yes,Credit card,73.25,2612.02,No
CUST03022,Male,0,No,32,One year,No,No,Yes,No,Credit card,97.09,2797.75,No
CUST03023,Male,0,No,10,Month-to-month,Fiber optic,Yes,No,No,Bank transfer,66.17,627.83,No
CUST03024,Female,0,Yes,5,Month-to-month,Fiber optic,Yes,Yes,Yes,Bank transfer,19.59,96.82,No
CUST03025,Male,0,Yes,10,Month-to-month,DSL,No,No internet service,No,Electronic check,22.5,223.34,No
CUST03026,Female,0,Yes,34,Two year,DSL,Yes,No,No,Electronic check,83.39,2738.1,No
CUST03027,Female,0,No,5,One year,DSL,No,No,No,Electronic check,50.75,249.43,Yes
CUST03028,Male,0,No,14,One year,DSL,No internet service,Yes,Yes,Electronic check,75.92,991.04,No
CUST03029,Female,0,No,32,One year,DSL,Yes,No,No,Mailed check,67.86,2016.46,No
CUST03030,Female,0,Yes,8,Month-to-month,DSL,No,No,Yes,Electronic check,60.83,440.37,Yes
CUST03031,Female,0,Yes,20,Month-to-month,Fiber optic,No internet service,No,No,Credit card,62.59,1189.61,No
CUST03032,Male,0,Yes,5,One year,Fiber optic,Yes,No,Yes,Credit card,43.37,205.05,Yes
CUST03033,Male,0,Yes,2,Month-to-month,DSL,No,No,Yes,Electronic check,64.61,121.1,Yes
CUST03034,Male,1,Yes,31,Month-to-month,DSL,Yes,No,No,Electronic check,50.39,1423.58,No
CUST03035,Male,1,Yes,2,Month-to-month,Fiber optic,No,No internet service,Yes,Credit card,55.69,102.81,Yes
CUST03036,Male,0,Yes,6,Month-to-month,Fiber optic,No,No,Yes,Credit card,56.91,314.27,Yes
CUST03037,Female,0,Yes,38,Two year,Fiber optic,No,Yes,Yes,Credit card,59.33,2241.91,No
CUST03038,Female,0,Yes,8,Month-to-month,Fiber optic,No,No,Yes,Credit card,88.05,702.04,No
CUST03039,Male,1,No,72,Month-to-month,No,No,Yes,Yes,Credit card,61.76,4003.57,No
CUST03040,Male,0,Yes,72,Month-to-month,Fiber optic,Yes,No,Yes,Mailed check,90.59,5981.47,Yes
CUST03041,Female,0,Yes,6,Two year,Fiber optic,No internet service,No,Yes,Electronic check,103.45,613.8,No
CUST03042,Male,0,No,0,Month-to-month,No,Yes,Yes,Yes,Bank transfer,86.37,0.0,No
CUST03043,Female,0,No,24,Month-to-month,No,Yes,No internet service,Yes,Electronic check,78.36,1870.01,No
CUST03044,Male,0,Yes,11,One year,Fiber optic,No internet service,No,Yes,Credit card,73.17,754.97,No
CUST03045,Male,0,No,2,One year,Fiber optic,No internet service,No,Yes,Mailed check,86.63,165.27,No
CUST03046,Female,0,Yes,24,Month-to-month,DSL,No,No,Yes,Credit card,67.23,1575.41,Yes
CUST03047,Male,0,Yes,0,Month-to-month,Fiber optic,Yes,No,No,Electronic check,89.61,0.0,No
CUST03048,Female,0,Yes,40,Month-to-month,No,No internet service,Yes,Yes,Mailed check,80.35,2924.96,No
CUST03049,Female,0,Yes,2,Month-to-month,Fiber optic,No,Yes,No,Bank transfer,56.0,109.87,Yes
CUST03050,Female,0,No,2,Month-to-month,No,No,Yes,No,Credit card,87.4,174.53,Yes
CUST03051,Female,0,Yes,3,Month-to-month,Fiber optic,No internet service,No,Yes,Electronic check,67.29,194.98,No
CUST03052,Female,0,Yes,64,Month-to-month,No,Yes,Yes,Yes,Credit card,62.35,3920.66,No
CUST03053,Female,1,No,23,Month-to-month,Fiber optic,No,Yes,Yes,Credit card,53.1,1214.13,No
CUST03054,Male,0,Yes,32,One year,DSL,No,No internet service,Yes,Bank transfer,69.15,2042.1,No
CUST03055,Female,0,No,10,Two year,Fiber optic,No,Yes,Yes,Credit card,89.91,840.69,Yes
CUST03056,Female,0,Yes,8,One year,DSL,Yes,No,No,Bank transfer,87.22,643.27,Yes
CUST03057,Male,1,Yes,5,Month-to-month,DSL,Yes,Yes,Yes,Electronic check,73.83,334.52,No
CUST03058,Female,0,Yes,13,Month-to-month,No,No,Yes,Yes,Electronic check,79.99,1012.03,Yes
CUST03059,Male,0,No,16,Two year,DSL,Yes,No,No,Credit card,96.79,1416.33,No
CUST03060,Female,0,No,19,Month-to-month,Fiber optic,Yes,Yes,No,Bank transfer,61.25,1058.16,No
CUST03061,Female,0,Yes,5,Month-to-month,DSL,No,Yes,Yes,Electronic check,37.11,173.63,Yes
CUST03062,Female,0,Yes,59,One year,DSL,Yes,No,Yes,Bank transfer,97.53,5213.69,No
CUST03063,Female,1,No,3,One year,No,Yes,Yes,No,Mailed check,51.76,142.54,No
CUST03064,Male,0,No,67,One year,Fiber optic,Yes,No,Yes,Electronic check,47.74,2901.09,Yes
CUST03065,Male,1,No,0,Month-to-month,Fiber optic,No internet service,Yes,No,Mailed check,20.1,0.0,No
CUST03066,Male,0,No,13,Month-to-month,Fiber optic,Yes,No,Yes,Electronic check,79.28,1007.94,Yes
CUST03067,Male,1,No,8,Two year,Fiber optic,No,Yes,Yes,Electronic check,24.46,192.93,Yes
CUST03068,Male,0,Yes,11,Month-to-month,No,No,No internet service,Yes,Mailed check,46.24,501.94,No
CUST03069,Male,0,No,16,One year,Fiber optic,No,No,No,Bank transfer,79.71,1268.28,No
CUST03070,Male,0,Yes,11,One year,Fiber optic,Yes,No,No,Electronic check,83.05,839.25,Yes
CUST03071,Male,0,No,10,One year,No,No internet service,No,Yes,Mailed check,48.71,482.23,No
CUST03072,Male,0,Yes,26,Month-to-month,DSL,No,No,Yes,Electronic check,61.65,1526.77,No
CUST03073,Female,0,No,23,Month-to-month,Fiber optic,Yes,No,Yes,Electronic check,43.19,910.55,No
CUST03074,Male,0,No,35,One year,No,No,No,No,Electronic check,51.29,1733.36,Yes
CUST03075,Female,0,No,5,Two year,Fiber optic,Yes,No,Yes,Electronic check,71.66,334.19,Yes
CUST03076,Male,0,No,18,Two year,No,No,No,No,Electronic check,52.46,854.24,No
CUST03077,Female,0,No,17,Month-to-month,Fiber optic,No,No internet service,No,Credit card,58.89,908.89,No
CUST03078,Male,1,No,9,Month-to-month,No,No,No internet service,Yes,Mailed check,28.38,240.7,Yes
CUST03079,Female,1,Yes,13,Two year,No,No,Yes,No,Electronic check,93.32,1192.11,Yes
CUST03080,Male,0,Yes,7,One year,DSL,No internet service,No,Yes,Electronic check,77.75,506.75,No
CUST03081,Male,0,No,3,Two year,DSL,No,No,Yes,Electronic check,84.82,248.51,No
CUST03082,Male,0,No,4,Month-to-month,Fiber optic,No,Yes,No,Credit card,97.26,352.3,No
CUST03083,Female,0,Yes,2,One year,Fiber optic,No,No internet service,Yes,Mailed check,44.37,83.36,Yes
CUST03084,Male,0,No,22,One year,DSL,No,No,No,Electronic check,56.04,1125.3,Yes
CUST03085,Female,0,Yes,21,One year,DSL,No,No,Yes,Mailed check,18.0,372.84,No
CUST03086,Female,0,Yes,60,Month-to-month,DSL,No internet service,Yes,Yes,Bank transfer,120.0,7176.92,No
CUST03087,Female,0,No,26,Month-to-month,No,No internet service,Yes,No,Electronic check,61.26,1485.35,No
CUST03088,Male,0,No,1,One year,Fiber optic,No,Yes,No,Bank transfer,90.97,90.87,Yes
CUST03089,Female,1,No,43,Month-to-month,Fiber optic,Yes,Yes,No,Mailed check,34.05,1427.88,No
CUST03090,Female,0,No,39,Month-to-month,DSL,No,No,Yes,Electronic check,89.91,3156.27,Yes
CUST03091,Female,0,Yes,11,Two year,Fiber optic,No,No internet service,Yes,Bank transfer,111.44,1162.74,No
CUST03092,Female,0,Yes,17,Month-to-month,DSL,No,No,No,Bank transfer,63.49,1061.42,Yes
CUST03093,Female,0,No,72,Two year,DSL,Yes,Yes,Yes,Bank transfer,39.73,2727.22,No
CUST03094,Female,0,No,15,Month-to-month,No,No,Yes,No,Electronic check,61.53,881.41,No
CUST03095,Female,0,Yes,47,One year,No,No,No,Yes,Mailed check,18.0,799.28,Yes
CUST03096,Female,0,No,1,Two year,DSL,Yes,No,Yes,Mailed check,64.05,60.18,No
CUST03097,Female,0,No,4,Month-to-month,DSL,No internet service,No internet service,Yes,Bank transfer,85.52,308.81,No
CUST03098,Male,0,No,11,Month-to-month,DSL,No internet service,No,Yes,Bank transfer,64.11,678.53,No
CUST03099,Female,0,No,17,Month-to-month,Fiber optic,No,No internet service,No,Electronic check,57.9,961.34,No
CUST03100,Female,0,Yes,33,Month-to-month,DSL,No,Yes,No,Bank transfer,78.19,2526.13,Yes
CUST03101,Female,0,Yes,72,One year,DSL,No,No,Yes,Bank transfer,80.1,5550.72,No
CUST03102,Female,0,No,9,Two year,DSL,No,Yes,Yes,Mailed check,23.5,197.57,No
CUST03103,Male,0,No,0,Month-to-month,Fiber optic,No,No,No,Credit card,67.22,0.0,No
CUST03104,Male,0,Yes,32,Month-to-month,Fiber optic,No,No,No,Credit card,120.0,3799.98,No
CUST03105,Male,0,No,18,Month-to-month,Fiber optic,Yes,No,Yes,Electronic check,31.62,536.66,Yes
CUST03106,Female,0,No,4,One year,Fiber optic,No,Yes,Yes,Credit card,62.86,241.41,Yes
CUST03107,Male,0,Yes,13,Month-to-month,No,No internet service,No,Yes,Mailed check,113.54,1357.13,No
CUST03108,Male,0,No,27,One year,No,Yes,Yes,No,Bank transfer,92.6,2285.67,No
CUST03109,Female,0,Yes,29,One year,DSL,No,Yes,Yes,Credit card,52.17,1374.77,No
CUST03110,Female,0,Yes,13,One year,DSL,No,No,No,Mailed check,70.15,893.6,No
CUST03111,Female,0,No,7,Month-to-month,Fiber optic,No,No internet service,Yes,Mailed check,64.95,438.58,Yes
CUST03112,Female,0,Yes,72,One year,DSL,Yes,No,No,Credit card,46.3,3207.31,No
CUST03113,Male,0,Yes,21,Month-to-month,Fiber optic,No internet service,No,Yes,Electronic check,63.14,1315.25,No
CUST03114,Female,0,No,10,Month-to-month,Fiber optic,Yes,Yes,Yes,Electronic check,58.0,531.21,No
CUST03115,Female,0,No,6,Two year,Fiber optic,No internet service,Yes,No,Mailed check,67.82,373.16,No
CUST03116,Male,0,No,26,One year,DSL,Yes,Yes,No,Credit card,46.29,1105.99,No
CUST03117,Male,0,Yes,5,Month-to-month,Fiber optic,Yes,No internet service,Yes,Credit card,33.08,155.86,No
CUST03118,Female,0,Yes,3,Month-to-month,No,No internet service,No,No,Electronic check,63.97,189.5,Yes
CUST03119,Male,1,No,15,Month-to-month,DSL,No internet service,No internet service,No,Credit card,107.88,1599.02,Yes
CUST03120,Female,0,Yes,6,Month-to-month,Fiber optic,No internet service,No,Yes,Electronic check,67.06,385.89,No
CUST03121,Female,0,No,19,Month-to-month,DSL,Yes,No,No,Credit card,56.71,1040.66,No
CUST03122,Female,1,Yes,2,Month-to-month,DSL,No,No internet service,No,Bank transfer,83.85,165.99,Yes
CUST03123,Female,0,Yes,21,Month-to-month,Fiber optic,Yes,Yes,No,Electronic check,61.04,1233.67,No
CUST03124,Female,0,Yes,6,One year,DSL,Yes,No,No,Electronic check,111.7,618.58,Yes
CUST03125,Male,0,Yes,0,One year,DSL,Yes,No internet service,No,Electronic check,64.9,0.0,No
CUST03126,Male,0,No,2,One year,DSL,Yes,No,Yes,Electronic check,82.51,161.22,No
CUST03127,Male,0,No,54,Month-to-month,Fiber optic,No internet service,Yes,No,Bank transfer,46.13,2400.18,No
CUST03128,Male,0,Yes,40,Two year,Fiber optic,Yes,Yes,No,Electronic check,77.58,2877.77,Yes
CUST03129,Male,0,No,5,Two year,DSL,No,No,Yes,Credit card,71.88,337.83,No
CUST03130,Female,0,No,30,Two year,Fiber optic,No,Yes,Yes,Bank transfer,63.59,1806.7,No
CUST03131,Female,0,Yes,18,Two year,DSL,Yes,No internet service,No,Bank transfer,52.46,863.57,No
CUST03132,Female,0,Yes,70,Two year,Fiber optic,No internet service,Yes,Yes,Electronic check,49.05,3245.42,Yes
CUST03133,Male,0,Yes,9,Month-to-month,Fiber optic,No,No,No,Credit card,72.06,594.14,Yes
CUST03134,Male,0,No,22,Month-to-month,Fiber optic,No internet service,No,Yes,Bank transfer,80.72,1686.95,No
CUST03135,Male,0,No,1,One year,No,No internet service,No,No,Credit card,61.82,55.95,No
CUST03136,Male,0,No,10,One year,No,No internet service,No,Yes,Credit card,72.18,718.09,No
CUST03137,Female,0,No,66,One year,DSL,No,No internet service,No,Electronic check,64.05,3908.71,No
CUST03138,Female,0,No,15,Month-to-month,No,Yes,No,Yes,Electronic check,67.46,957.97,No
CUST03139,Male,1,No,6,Month-to-month,DSL,Yes,No,No,Credit card,59.99,325.12,Yes
CUST03140,Male,1,No,2,Month-to-month,No,No,Yes,Yes,Credit card,65.45,120.33,No
CUST03141,Female,0,Yes,24,Two year,DSL,No,Yes,No,Bank transfer,120.0,2791.65,Yes
CUST03142,Male,0,Yes,20,One year,Fiber optic,No internet service,Yes,Yes,Mailed check,72.79,1326.5,No
CUST03143,Female,0,No,9,Month-to-month,DSL,No,Yes,Yes,Bank transfer,81.13,703.02,No
CUST03144,Male,1,No,60,Month-to-month,DSL,Yes,No,Yes,Electronic check,75.95,4102.24,No
CUST03145,Male,1,Yes,0,Month-to-month,Fiber optic,Yes,No,No,Electronic check,58.43,0.0,Yes
CUST03146,Male,0,No,7,Two year,No,Yes,No,No,Mailed check,97.35,662.46,No
CUST03147,Male,0,No,50,One year,Fiber optic,No,Yes,Yes,Electronic check,57.72,2864.73,No
CUST03148,Male,0,No,7,One year,Fiber optic,Yes,No,No,Mailed check,91.38,607.22,Yes
CUST03149,Male,0,Yes,5,Month-to-month,Fiber optic,No,No internet service,No,Credit card,56.64,278.68,Yes
CUST03150,Female,1,No,15,One year,DSL,No,No internet service,Yes,Credit card,41.0,602.86,No
CUST03151,Female,0,Yes,34,Month-to-month,DSL,Yes,No internet service,No,Credit card,74.13,2342.92,No
CUST03152,Male,0,Yes,2,One year,DSL,No,No internet service,Yes,Credit card,37.38,73.82,No
CUST03153,Male,0,No,57,Month-to-month,Fiber optic,No,No,Yes,Mailed check,78.39,4307.5,No
CUST03154,Female,1,No,31,Month-to-month,DSL,No,No internet service,No,Credit card,35.15,992.04,No
CUST03155,Female,0,Yes,3,One year,DSL,No internet service,No,Yes,Credit card,57.02,170.02,Yes
CUST03156,Female,0,No,24,Two year,DSL,Yes,No internet service,Yes,Credit card,29.21,643.32,No
CUST03157,Male,0,Yes,9,Month-to-month,DSL,No,Yes,No,Bank transfer,120.0,1022.8,No
CUST03158,Male,1,No,10,Two year,No,No internet service,No internet service,No,Electronic check,23.65,223.88,No
CUST03159,Female,0,No,30,Month-to-month,DSL,No,No,Yes,Electronic check,65.25,1884.14,No
CUST03160,Male,1,Yes,65,Month-to-month,Fiber optic,No,Yes,Yes,Electronic check,93.58,5878.9,Yes
CUST03161,Female,0,Yes,2,Month-to-month,Fiber optic,No,Yes,No,Credit card,90.91,167.87,Yes
CUST03162,Male,0,No,10,Month-to-month,Fiber optic,No,No internet service,No,Mailed check,86.28,806.93,Yes
CUST03163,Female,0,Yes,13,Month-to-month,DSL,Yes,No,No,Credit card,57.07,678.45,No
CUST03164,Male,0,Yes,9,Month-to-month,DSL,No,No internet service,Yes,Mailed check,98.78,811.32,Yes
CUST03165,Female,0,Yes,9,Month-to-month,DSL,No,Yes,No,Bank transfer,87.83,776.64,Yes
CUST03166,Female,0,Yes,1,Two year,Fiber optic,No,No,Yes,Electronic check,70.31,68.56,No
CUST03167,Male,0,No,23,Month-to-month,DSL,No,No,No,Electronic check,71.01,1542.21,No
CUST03168,Female,0,Yes,11,One year,Fiber optic,No,No,Yes,Mailed check,57.4,574.32,Yes
CUST03169,Female,0,No,4,Month-to-month,Fiber optic,No,No,No,Bank transfer,42.26,159.74,No
CUST03170,Female,0,Yes,33,One year,Fiber optic,Yes,No,Yes,Electronic check,95.93,2942.34,No
CUST03171,Female,0,No,32,Month-to-month,Fiber optic,Yes,Yes,No,Bank transfer,97.81,3060.41,Yes
CUST03172,Male,0,No,13,Month-to-month,Fiber optic,No,Yes,Yes,Mailed check,42.9,507.32,No
CUST03173,Female,0,Yes,7,Month-to-month,No,Yes,Yes,Yes,Credit card,61.16,404.63,No
CUST03174,Male,1,No,20,Month-to-month,DSL,No,No internet service,No,Electronic check,61.41,1178.01,No
CUST03175,Female,0,Yes,6,Month-to-month,Fiber optic,No,No,Yes,Bank transfer,64.18,384.53,Yes
CUST03176,Female,0,No,5,One year,Fiber optic,Yes,No,Yes,Electronic check,66.61,302.73,Yes
CUST03177,Male,0,No,26,Two year,Fiber optic,No internet service,No,Yes,Credit card,88.67,2101.15,Yes
CUST03178,Female,0,No,0,Two year,DSL,No,No internet service,Yes,Mailed check,46.32,0.0,No
CUST03179,Male,0,No,1,One year,Fiber optic,Yes,Yes,Yes,Bank transfer,43.84,41.23,No
CUST03180,Female,0,Yes,0,Month-to-month,DSL,Yes,Yes,Yes,Credit card,95.92,0.0,No
CUST03181,Female,0,Yes,3,Month-to-month,DSL,No,No,No,Electronic check,53.43,156.82,No
CUST03182,Female,0,Yes,1,Month-to-month,DSL,No,No internet service,No,Electronic check,33.42,31.13,No
CUST03183,Female,0,No,72,Month-to-month,DSL,No internet service,No,Yes,Bank transfer,52.87,3507.55,No
CUST03184,Male,0,No,6,Month-to-month,Fiber optic,No,Yes,Yes,Bank transfer,56.75,315.85,No
CUST03185,Female,1,Yes,3,Month-to-month,No,No internet service,No,No,Electronic check,103.87,304.27,Yes
CUST03186,Female,0,Yes,5,Month-to-month,DSL,Yes,No internet service,Yes,Mailed check,88.12,433.57,Yes
CUST03187,Female,0,Yes,55,Month-to-month,No,No,No,Yes,Electronic check,93.69,4998.11,Yes
CUST03188,Female,0,Yes,14,Two year,No,No internet service,No,Yes,Electronic check,85.5,1130.11,No
CUST03189,Male,0,Yes,9,One year,No,No,No,Yes,Mailed check,88.66,739.1,Yes
CUST03190,Female,0,No,41,Month-to-month,No,Yes,No internet service,Yes,Credit card,47.8,1847.16,No
CUST03191,Male,0,No,10,Two year,Fiber optic,No,No,No,Mailed check,60.03,595.17,No
CUST03192,Female,0,No,8,Two year,DSL,No internet service,No,Yes,Bank transfer,40.25,317.59,No
CUST03193,Male,0,No,4,Month-to-month,Fiber optic,No,Yes,No,Credit card,59.74,222.79,Yes
CUST03194,Female,0,No,9,Month-to-month,Fiber optic,No,No,No,Electronic check,82.1,689.24,Yes
CUST03195,Male,1,No,7,Month-to-month,No,No,No,No,Bank transfer,68.36,467.99,Yes
CUST03196,Female,1,Yes,22,Two year,No,Yes,Yes,Yes,Credit card,97.79,2028.01,No
CUST03197,Male,0,Yes,6,Two year,Fiber optic,No,No internet service,Yes,Electronic check,36.46,209.41,Yes
CUST03198,Male,0,Yes,17,Month-to-month,DSL,Yes,No,Yes,Mailed check,77.51,1241.55,Yes
CUST03199,Female,0,No,1,Month-to-month,DSL,No,Yes,Yes,Credit card,33.79,31.23,Yes
CUST03200,Female,0,No,4,One year,DSL,No internet service,No internet service,No,Credit card,67.35,247.55,No
CUST03201,Female,0,No,10,Month-to-month,Fiber optic,No,Yes,Yes,Electronic check,83.51,763.24,Yes
CUST03202,Male,0,No,55,Month-to-month,Fiber optic,No internet service,No,No,Electronic check,59.64,2955.93,No
CUST03203,Male,1,Yes,9,Two year,No,Yes,No,No,Electronic check,78.78,658.01,No
CUST03204,Female,0,No,21,One year,Fiber optic,No,No internet service,No,Mailed check,41.01,789.85,Yes
CUST03205,Male,0,No,5,Two year,No,No internet service,No internet service,Yes,Mailed check,23.41,108.36,No
CUST03206,Female,0,No,2,Two year,Fiber optic,Yes,No,No,Bank transfer,78.93,143.27,Yes
CUST03207,Male,0,No,1,One year,No,Yes,No,No,Credit card,108.6,101.45,No
CUST03208,Female,1,No,7,Month-to-month,DSL,No,No,Yes,Electronic check,40.1,267.23,Yes
CUST03209,Male,0,Yes,3,One year,No,No,No internet service,Yes,Credit card,95.55,285.06,Yes
CUST03210,Female,0,Yes,3,Month-to-month,Fiber optic,No internet service,Yes,Yes,Electronic check,66.09,185.32,Yes
CUST03211,Male,0,No,28,One year,DSL,No,No,Yes,Electronic check,31.61,799.32,No
CUST03212,Female,1,No,0,Month-to-month,DSL,No internet service,Yes,Yes,Mailed check,36.71,0.0,Yes
CUST03213,Male,0,Yes,16,One year,No,No internet service,Yes,Yes,Electronic check,65.39,1027.12,No
CUST03214,Female,0,No,9,Month-to-month,DSL,Yes,Yes,Yes,Mailed check,54.89,461.41,No
CUST03215,Male,0,No,14,Month-to-month,Fiber optic,No,Yes,No,Credit card,32.18,418.61,No
CUST03216,Female,0,Yes,16,Month-to-month,DSL,Yes,No internet service,Yes,Electronic check,22.65,359.46,No
CUST03217,Female,1,Yes,7,Month-to-month,Fiber optic,Yes,No internet service,No,Bank transfer,43.83,285.25,No
CUST03218,Male,0,Yes,6,One year,No,No internet service,No,Yes,Electronic check,69.85,417.85,No
CUST03219,Female,0,Yes,26,One year,Fiber optic,No,No,No,Electronic check,64.84,1657.63,No
CUST03220,Male,0,Yes,41,Month-to-month,Fiber optic,No,No,Yes,Bank transfer,52.47,2083.34,No
CUST03221,Female,1,Yes,4,Month-to-month,No,No,No internet service,No,Credit card,70.05,268.95,No
CUST03222,Male,0,Yes,2,Month-to-month,Fiber optic,Yes,No internet service,Yes,Mailed check,91.0,167.89,Yes
CUST03223,Female,0,No,45,Month-to-month,No,No,Yes,Yes,Bank transfer,74.85,3277.44,No
CUST03224,Male,0,No,8,Month-to-month,Fiber optic,No,No,No,Credit card,61.97,463.39,Yes
CUST03225,Female,1,No,16,Two year,DSL,No,No,No,Credit card,88.2,1338.61,No
CUST03226,Female,1,No,8,Month-to-month,Fiber optic,No internet service,No internet service,Yes,Electronic check,41.0,298.61,No
CUST03227,Male,0,No,2,Month-to-month,Fiber optic,No,No,No,Bank transfer,59.38,110.4,No
CUST03228,Male,0,No,17,Month-to-month,DSL,Yes,No internet service,Yes,Mailed check,59.97,971.48,No
CUST03229,Female,0,No,14,Month-to-month,DSL,Yes,No internet service,Yes,Bank transfer,34.08,451.74,No
CUST03230,Female,0,Yes,4,Month-to-month,DSL,No,No,No,Mailed check,54.5,203.69,No
CUST03231,Male,0,No,12,One year,Fiber optic,No,No internet service,Yes,Electronic check,18.0,204.59,No
CUST03232,Male,0,No,31,Month-to-month,No,No internet service,No,Yes,Bank transfer,112.8,3407.61,Yes
CUST03233,Male,0,Yes,17,Month-to-month,DSL,No,No,Yes,Mailed check,41.56,668.32,No
CUST03234,Female,0,Yes,2,Month-to-month,Fiber optic,Yes,No,Yes,Mailed check,104.65,198.96,No
CUST03235,Male,0,No,15,Month-to-month,No,Yes,Yes,Yes,Credit card,65.95,959.69,No
CUST03236,Male,1,Yes,24,Month-to-month,DSL,No,No,Yes,Credit card,79.12,1868.8,Yes
CUST03237,Male,1,Yes,31,Two year,Fiber optic,No,No,No,Mailed check,52.78,1558.77,No
CUST03238,Female,0,No,19,One year,No,Yes,No,Yes,Mailed check,70.2,1326.89,No
CUST03239,Male,0,No,3,One year,No,No,No internet service,Yes,Mailed check,81.26,228.02,Yes
CUST03240,Male,0,No,24,Month-to-month,DSL,No internet service,No internet service,No,Mailed check,81.61,1812.24,No
CUST03241,Male,0,No,22,Month-to-month,DSL,No,No,Yes,Credit card,84.37,1799.17,No
CUST03242,Male,0,No,0,Month-to-month,DSL,No,No,Yes,Bank transfer,55.79,0.0,Yes
CUST03243,Female,0,Yes,10,One year,Fiber optic,No,No,No,Electronic check,52.99,524.6,No
CUST03244,Female,0,No,8,One year,Fiber optic,Yes,No,No,Mailed check,25.15,188.86,No
CUST03245,Male,0,Yes,22,Month-to-month,Fiber optic,Yes,Yes,Yes,Bank transfer,78.08,1665.91,No
CUST03246,Male,0,No,4,Month-to-month,DSL,Yes,No,No,Bank transfer,92.06,352.41,No
CUST03247,Female,0,Yes,17,Month-to-month,DSL,Yes,No,No,Bank transfer,105.4,1622.37,No
CUST03248,Female,0,Yes,48,Two year,Fiber optic,No internet service,Yes,No,Electronic check,72.63,3384.82,No
CUST03249,Female,0,Yes,31,One year,Fiber optic,Yes,No internet service,Yes,Electronic check,45.84,1391.2,Yes
CUST03250,Female,0,No,50,Month-to-month,Fiber optic,No,No,Yes,Electronic check,22.57,1126.52,No
CUST03251,Female,0,No,72,Month-to-month,Fiber optic,No,Yes,Yes,Mailed check,91.04,6172.16,No
CUST03252,Female,0,Yes,0,One year,DSL,No,No,No,Electronic check,20.09,0.0,No
CUST03253,Male,0,Yes,19,Month-to-month,DSL,No,Yes,No,Credit card,56.48,1059.69,Yes
CUST03254,Male,0,No,10,Month-to-month,DSL,No,Yes,No,Electronic check,59.39,550.5,Yes
CUST03255,Male,0,No,39,Month-to-month,DSL,No,No internet service,Yes,Credit card,63.26,2267.09,No
CUST03256,Male,0,No,5,One year,DSL,No internet service,No internet service,Yes,Electronic check,65.9,300.93,No
CUST03257,Female,0,Yes,72,Month-to-month,DSL,Yes,Yes,Yes,Electronic check,68.45,4917.68,No
CUST03258,Male,0,Yes,19,Month-to-month,DSL,Yes,No internet service,No,Mailed check,18.0,317.05,Yes
CUST03259,Female,0,No,31,Two year,DSL,No,Yes,Yes,Electronic check,65.37,1977.31,No
CUST03260,Female,0,Yes,1,Month-to-month,Fiber optic,No,Yes,No,Credit card,18.0,17.01,No
CUST03261,Female,1,Yes,4,Month-to-month,DSL,No,Yes,No,Electronic check,83.31,307.93,No
CUST03262,Male,1,Yes,28,Month-to-month,Fiber optic,No internet service,Yes,Yes,Mailed check,51.12,1418.95,Yes
CUST03263,Female,0,No,0,Month-to-month,Fiber optic,No,No,Yes,Credit card,18.0,0.0,No
CUST03264,Male,0,No,33,One year,Fiber optic,No internet service,No internet service,Yes,Mailed check,44.64,1409.18,No
CUST03265,Female,0,No,0,Month-to-month,No,No,Yes,No,Electronic check,50.75,0.0,No
CUST03266,Male,0,No,21,Month-to-month,DSL,Yes,No,Yes,Electronic check,94.77,1855.66,No
CUST03267,Female,1,No,9,One year,Fiber optic,No,No,Yes,Mailed check,69.92,613.4,Yes
CUST03268,Male,0,Yes,18,One year,No,No internet service,No,No,Electronic check,73.61,1237.93,Yes
CUST03269,Female,0,No,23,One year,No,No,No,Yes,Mailed check,94.53,2066.78,Yes
CUST03270,Female,0,Yes,8,Month-to-month,DSL,No internet service,No,Yes,Credit card,62.6,456.45,No
CUST03271,Male,0,No,2,Month-to-month,DSL,No internet service,Yes,No,Credit card,83.85,165.19,Yes
CUST03272,Female,0,No,1,One year,DSL,No,No,No,Electronic check,82.1,79.95,No
CUST03273,Male,1,No,17,Month-to-month,Fiber optic,Yes,Yes,Yes,Electronic check,32.84,544.92,Yes
CUST03274,Male,0,No,14,Two year,Fiber optic,No,No,Yes,Electronic check,101.82,1308.33,Yes
CUST03275,Female,1,No,27,Two year,DSL,No internet service,No,No,Bank transfer,29.49,756.03,No
CUST03276,Male,0,No,14,Two year,Fiber optic,No,No,No,Mailed check,87.93,1111.31,No
CUST03277,Male,0,Yes,10,Month-to-month,Fiber optic,No,No,Yes,Credit card,27.07,252.16,No
CUST03278,Male,0,No,10,Month-to-month,Fiber optic,No,No,No,Bank transfer,80.03,748.12,No
CUST03279,Female,0,Yes,0,One year,No,Yes,No,No,Electronic check,111.55,0.0,Yes
CUST03280,Female,0,No,8,Month-to-month,Fiber optic,No,No,Yes,Bank transfer,59.68,477.1,No
CUST03281,Male,1,Yes,72,Month-to-month,DSL,No,No,Yes,Electronic check,58.59,4057.23,Yes
CUST03282,Male,0,Yes,41,Two year,Fiber optic,No internet service,No internet service,No,Electronic check,80.26,3131.65,Yes
CUST03283,Female,0,No,7,Two year,DSL,No,No internet service,Yes,Electronic check,56.77,375.14,Yes
CUST03284,Female,0,Yes,17,Month-to-month,Fiber optic,No internet service,No,No,Electronic check,110.46,1693.47,Yes
CUST03285,Male,0,Yes,37,Month-to-month,No,Yes,Yes,No,Bank transfer,69.8,2530.98,No
CUST03286,Female,0,No,11,Month-to-month,No,Yes,No,No,Bank transfer,57.0,606.42,No
CUST03287,Male,0,No,0,Two year,Fiber optic,No internet service,Yes,Yes,Electronic check,51.49,0.0,No
CUST03288,Male,1,Yes,1,Two year,DSL,No,No,No,Credit card,41.68,40.88,No
CUST03289,Female,0,No,14,Month-to-month,DSL,Yes,Yes,Yes,Mailed check,49.31,685.37,No
CUST03290,Male,0,No,69,Month-to-month,Fiber optic,Yes,No,Yes,Electronic check,56.23,3643.02,Yes
CUST03291,Male,0,No,23,Two year,DSL,No,Yes,Yes,Electronic check,52.81,1144.96,No
CUST03292,Female,0,No,1,Month-to-month,Fiber optic,Yes,No internet service,No,Bank transfer,48.55,48.43,Yes
CUST03293,Female,0,Yes,4,Month-to-month,DSL,No,Yes,Yes,Credit card,117.47,454.11,Yes
CUST03294,Female,0,Yes,29,Two year,DSL,No,No,No,Bank transfer,39.25,1121.33,No
CUST03295,Male,0,Yes,36,Month-to-month,DSL,No,No internet service,Yes,Credit card,68.67,2279.68,Yes
CUST03296,Female,0,Yes,19,One year,No,No internet service,Yes,No,Mailed check,79.81,1412.83,No
CUST03297,Male,0,Yes,20,Month-to-month,Fiber optic,Yes,No internet service,Yes,Mailed check,80.75,1516.74,Yes
CUST03298,Male,0,Yes,0,Month-to-month,DSL,No,No,Yes,Mailed check,63.53,0.0,No
CUST03299,Male,1,No,35,Two year,DSL,Yes,No internet service,No,Bank transfer,58.98,2040.41,Yes
CUST03300,Male,1,No,31,Month-to-month,Fiber optic,No internet service,No internet service,Yes,Mailed check,76.29,2249.46,Yes
CUST03301,Female,0,No,5,Two year,DSL,No internet service,Yes,Yes,Credit card,71.66,356.64,No
CUST03302,Female,0,Yes,24,One year,Fiber optic,No,No internet service,No,Electronic check,58.53,1309.38,Yes
CUST03303,Male,1,Yes,4,Month-to-month,No,No,Yes,No,Mailed check,25.95,93.81,No
CUST03304,Male,0,No,0,Month-to-month,Fiber optic,Yes,Yes,Yes,Mailed check,53.3,0.0,No
CUST03305,Female,0,Yes,4,Month-to-month,Fiber optic,No internet service,Yes,No,Bank transfer,36.34,133.98,No
CUST03306,Male,0,No,3,Month-to-month,Fiber optic,No,Yes,No,Electronic check,48.32,139.74,No
CUST03307,Male,0,No,8,Month-to-month,No,No internet service,No,Yes,Mailed check,65.83,483.51,Yes
CUST03308,Male,0,No,10,Month-to-month,No,Yes,No,Yes,Mailed check,73.97,693.95,No
CUST03309,Male,0,Yes,14,Month-to-month,Fiber optic,No,No,Yes,Bank transfer,109.51,1501.77,No
CUST03310,Male,1,Yes,12,One year,DSL,No,No,Yes,Bank transfer,51.56,564.57,No
CUST03311,Female,0,Yes,6,One year,Fiber optic,No internet service,No internet service,Yes,Bank transfer,84.37,459.67,No
CUST03312,Female,0,Yes,0,One year,DSL,No,Yes,Yes,Electronic check,72.65,0.0,No
CUST03313,Female,0,Yes,18,Month-to-month,Fiber optic,No,Yes,Yes,Credit card,97.4,1700.27,Yes
CUST03314,Female,0,No,10,Month-to-month,Fiber optic,No internet service,No,Yes,Credit card,79.41,787.03,No
CUST03315,Male,0,Yes,7,One year,DSL,Yes,No internet service,Yes,Electronic check,39.79,269.12,No
CUST03316,Female,0,No,40,Month-to-month,DSL,No,No,Yes,Electronic check,21.92,872.08,No
CUST03317,Male,0,Yes,27,Month-to-month,Fiber optic,No,No,No,Electronic check,72.78,1816.6,No
CUST03318,Male,0,Yes,39,Two year,No,Yes,Yes,No,Mailed check,51.79,1886.87,No
CUST03319,Female,1,Yes,13,One year,Fiber optic,No,Yes,Yes,Credit card,40.49,517.91,No
CUST03320,Female,0,Yes,2,Month-to-month,Fiber optic,No,No,Yes,Credit card,33.31,65.36,Yes
CUST03321,Male,0,Yes,23,Month-to-month,DSL,No,No,No,Credit card,69.02,1534.26,No
CUST03322,Female,1,Yes,4,One year,Fiber optic,No,No,No,Electronic check,102.69,390.47,Yes
CUST03323,Male,0,Yes,11,One year,Fiber optic,No,No,Yes,Bank transfer,54.78,543.39,No
CUST03324,Male,0,Yes,1,One year,Fiber optic,No internet service,No,Yes,Electronic check,79.76,74.02,No
CUST03325,Male,0,No,34,One year,DSL,No,No,Yes,Electronic check,62.44,1944.28,No
CUST03326,Female,0,No,2,Two year,Fiber optic,No internet service,Yes,No,Bank transfer,32.77,59.32,No
CUST03327,Male,0,Yes,46,Month-to-month,DSL,No internet service,No,No,Electronic check,83.37,3749.15,No
CUST03328,Female,1,Yes,39,Month-to-month,DSL,No internet service,Yes,No,Bank transfer,37.63,1340.08,No
CUST03329,Female,0,No,12,One year,No,No internet service,Yes,Yes,Bank transfer,65.54,735.94,No
CUST03330,Female,1,No,27,One year,DSL,No,No,No,Credit card,56.46,1520.98,No
CUST03331,Male,0,No,19,One year,DSL,No,No,Yes,Electronic check,87.33,1561.23,No
CUST03332,Male,0,Yes,32,Month-to-month,Fiber optic,No,No,No,Credit card,38.55,1127.7,No
CUST03333,Male,0,Yes,11,Month-to-month,No,No internet service,Yes,Yes,Credit card,74.77,796.95,No
CUST03334,Female,0,No,30,Two year,Fiber optic,No,No internet service,Yes,Credit card,44.01,1295.21,No
CUST03335,Male,0,No,12,One year,Fiber optic,No,Yes,Yes,Bank transfer,52.22,581.47,Yes
CUST03336,Male,0,Yes,56,Two year,No,Yes,No internet service,No,Bank transfer,18.0,988.78,No
CUST03337,Female,1,No,13,One year,DSL,No internet service,No,No,Mailed check,117.3,1413.81,No
CUST03338,Male,0,Yes,12,One year,Fiber optic,No,Yes,Yes,Bank transfer,78.76,916.12,No
CUST03339,Male,0,Yes,30,One year,Fiber optic,Yes,Yes,Yes,Bank transfer,45.82,1254.3,Yes
CUST03340,Female,1,No,34,Two year,No,No,Yes,Yes,Bank transfer,36.88,1182.17,No
CUST03341,Male,0,Yes,16,One year,DSL,No,No,Yes,Credit card,52.61,801.4,No
CUST03342,Male,0,No,3,One year,DSL,Yes,No internet service,Yes,Mailed check,82.92,241.93,No
CUST03343,Male,0,No,12,Month-to-month,Fiber optic,Yes,No,Yes,Electronic check,18.0,208.44,No
CUST03344,Male,0,No,68,Month-to-month,Fiber optic,Yes,No,Yes,Bank transfer,61.46,4117.99,Yes
CUST03345,Male,0,Yes,27,One year,Fiber optic,Yes,No internet service,No,Electronic check,109.27,2709.63,No
CUST03346,Female,1,Yes,33,Month-to-month,Fiber optic,No,No,No,Mailed check,36.65,1168.48,No
CUST03347,Male,1,Yes,0,Month-to-month,DSL,No internet service,No,Yes,Electronic check,67.01,0.0,Yes
CUST03348,Male,0,Yes,12,Month-to-month,Fiber optic,No,No internet service,Yes,Mailed check,120.0,1364.84,Yes
CUST03349,Male,0,No,20,Month-to-month,Fiber optic,No,Yes,Yes,Credit card,80.8,1539.17,No
CUST03350,Male,0,Yes,35,Month-to-month,No,No internet service,No,Yes,Mailed check,68.15,2153.23,No
CUST03351,Male,0,No,1,Month-to-month,DSL,No,No,No,Electronic check,77.67,70.45,Yes
CUST03352,Male,0,No,38,Two year,No,No,Yes,No,Mailed check,54.98,2055.66,No
CUST03353,Female,0,Yes,15,Month-to-month,Fiber optic,No,No,Yes,Electronic check,97.49,1358.05,Yes
CUST03354,Female,0,No,4,Month-to-month,DSL,No,Yes,No,Mailed check,55.02,205.69,Yes
CUST03355,Female,0,Yes,7,Month-to-month,Fiber optic,Yes,Yes,No,Mailed check,18.0,121.47,No
CUST03356,Male,1,No,6,One year,DSL,No internet service,Yes,Yes,Credit card,55.22,305.5,No
CUST03357,Male,0,No,15,Month-to-month,No,Yes,No internet service,No,Electronic check,40.83,563.02,No
CUST03358,Male,0,Yes,1,Two year,No,No,No internet service,Yes,Bank transfer,57.97,54.62,Yes
CUST03359,Female,0,No,3,One year,DSL,Yes,Yes,Yes,Credit card,58.52,159.04,Yes
CUST03360,Female,0,No,33,One year,DSL,No,Yes,No,Credit card,94.94,3107.01,Yes
CUST03361,Female,0,Yes,2,Month-to-month,Fiber optic,No,No,No,Electronic check,82.38,163.77,Yes
CUST03362,Female,1,No,5,One year,Fiber optic,No,No,Yes,Mailed check,71.58,338.15,No
CUST03363,Female,0,Yes,12,Month-to-month,Fiber optic,Yes,No internet service,Yes,Electronic check,64.93,717.55,No
CUST03364,Male,0,No,14,Two year,DSL,Yes,No internet service,No,Mailed check,38.53,510.86,No
CUST03365,Female,0,No,28,One year,Fiber optic,No,No,Yes,Electronic check,18.0,458.64,No
CUST03366,Female,0,No,11,Month-to-month,DSL,Yes,No,No,Credit card,67.83,701.2,No
CUST03367,Female,0,Yes,31,Month-to-month,No,No,Yes,Yes,Electronic check,84.87,2387.25,No
CUST03368,Female,0,Yes,19,Month-to-month,No,No,Yes,Yes,Mailed check,62.29,1148.73,No
CUST03369,Female,0,Yes,2,One year,Fiber optic,Yes,No,Yes,Mailed check,51.63,95.78,Yes
CUST03370,Male,0,No,3,Month-to-month,No,Yes,No,No,Credit card,76.61,218.81,Yes
CUST03371,Male,0,No,11,One year,DSL,No internet service,No internet service,Yes,Bank transfer,62.92,623.85,No
CUST03372,Female,0,Yes,10,Month-to-month,DSL,No,No,Yes,Electronic check,107.14,1020.47,No
CUST03373,Male,0,No,27,One year,Fiber optic,Yes,Yes,Yes,Electronic check,95.82,2329.27,Yes
CUST03374,Female,0,Yes,17,Two year,Fiber optic,No,No,Yes,Electronic check,88.99,1501.51,No
CUST03375,Male,0,No,9,One year,Fiber optic,No internet service,No internet service,Yes,Bank transfer,83.94,717.77,No
CUST03376,Female,1,No,3,One year,No,No,No,Yes,Bank transfer,32.75,89.41,No
CUST03377,Female,1,No,5,Month-to-month,No,No,Yes,Yes,Bank transfer,81.57,380.97,Yes
CUST03378,Female,0,Yes,17,Month-to-month,Fiber optic,No,No internet service,Yes,Electronic check,74.41,1144.3,No
CUST03379,Male,0,Yes,11,One year,Fiber optic,Yes,No,No,Bank transfer,80.16,840.4,Yes
CUST03380,Female,0,No,14,Month-to-month,DSL,No,No,Yes,Bank transfer,77.32,987.48,No
CUST03381,Male,0,Yes,3,Month-to-month,DSL,No,No,Yes,Credit card,76.32,216.9,Yes
CUST03382,Female,1,No,21,Month-to-month,Fiber optic,No,No,Yes,Bank transfer,120.0,2344.99,Yes
CUST03383,Female,0,No,38,Month-to-month,Fiber optic,No,No,Yes,Electronic check,63.1,2340.63,No
CUST03384,Male,1,Yes,5,Month-to-month,Fiber optic,No,No,No,Mailed check,88.41,419.16,Yes
CUST03385,Female,0,No,13,Two year,DSL,No,No,No,Electronic check,53.23,681.48,No
CUST03386,Male,0,No,72,Month-to-month,Fiber optic,No,Yes,Yes,Bank transfer,84.77,6067.64,Yes
CUST03387,Female,0,No,8,One year,DSL,No,Yes,No,Bank transfer,88.48,705.68,No
CUST03388,Male,1,No,18,Month-to-month,Fiber optic,Yes,No internet service,No,Electronic check,74.11,1235.29,Yes
CUST03389,Male,0,No,1,One year,DSL,No internet service,No,No,Electronic check,106.73,104.25,Yes
CUST03390,Female,0,Yes,18,Month-to-month,DSL,Yes,No,No,Electronic check,42.89,728.64,No
CUST03391,Female,0,No,1,Two year,DSL,No,Yes,Yes,Credit card,52.82,49.79,No
CUST03392,Female,1,Yes,63,Two year,DSL,No,Yes,No,Electronic check,70.31,4371.16,Yes
CUST03393,Female,0,No,25,Month-to-month,No,No,No,No,Electronic check,87.02,1989.64,Yes
CUST03394,Male,0,Yes,31,Two year,DSL,No internet service,Yes,Yes,Electronic check,69.49,2041.7,No
CUST03395,Male,0,Yes,24,Two year,DSL,Yes,No,Yes,Mailed check,97.14,2236.45,No
CUST03396,Male,1,Yes,17,Two year,Fiber optic,No,No internet service,No,Bank transfer,48.46,746.89,No
CUST03397,Male,0,Yes,11,Two year,Fiber optic,Yes,Yes,Yes,Credit card,36.49,395.95,No
CUST03398,Male,0,Yes,39,Month-to-month,DSL,Yes,No internet service,No,Electronic check,72.7,2640.89,No
CUST03399,Female,0,No,62,One year,DSL,No internet service,No,Yes,Bank transfer,63.07,3776.14,No
CUST03400,Female,0,Yes,13,Month-to-month,No,Yes,Yes,Yes,Mailed check,78.57,1014.06,No
CUST03401,Male,0,No,53,Month-to-month,Fiber optic,Yes,No,No,Credit card,64.31,3312.91,No
CUST03402,Female,0,Yes,17,Two year,Fiber optic,Yes,Yes,No,Electronic check,56.5,949.55,No
CUST03403,Male,0,Yes,15,Month-to-month,Fiber optic,No,No,Yes,Electronic check,63.13,858.84,No
CUST03404,Male,0,Yes,12,One year,DSL,No internet service,Yes,No,Mailed check,65.72,748.64,No
CUST03405,Female,0,Yes,4,Two year,DSL,Yes,No,Yes,Electronic check,57.38,219.53,Yes
CUST03406,Male,0,Yes,0,Two year,Fiber optic,No,No,Yes,Electronic check,59.92,0.0,Yes
CUST03407,Female,1,No,5,Two year,No,No,Yes,Yes,Bank transfer,54.91,250.3,No
CUST03408,Female,0,Yes,14,Month-to-month,DSL,No,Yes,Yes,Bank transfer,86.42,1168.36,No
CUST03409,Male,0,No,9,Month-to-month,No,No,No,Yes,Mailed check,69.85,574.96,No
CUST03410,Male,0,Yes,11,Month-to-month,DSL,No,No,No,Bank transfer,120.0,1196.92,Yes
CUST03411,Male,0,No,72,Month-to-month,DSL,No,No internet service,No,Mailed check,69.02,4705.72,No
CUST03412,Female,0,Yes,8,Month-to-month,DSL,No internet service,Yes,Yes,Bank transfer,51.23,393.46,No
CUST03413,Male,1,No,12,Month-to-month,DSL,Yes,No,No,Bank transfer,120.0,1433.97,No
CUST03414,Male,0,Yes,2,One year,No,Yes,No,No,Bank transfer,75.34,146.14,No
CUST03415,Female,0,Yes,0,One year,Fiber optic,No internet service,No,Yes,Electronic check,89.75,0.0,Yes
CUST03416,Female,0,No,29,Month-to-month,DSL,No,No,Yes,Electronic check,79.8,2132.43,No
CUST03417,Female,0,No,16,One year,No,No internet service,Yes,No,Mailed check,80.58,1179.95,No
CUST03418,Female,0,Yes,28,Month-to-month,No,No,No,No,Mailed check,78.39,2108.72,No
CUST03419,Female,1,Yes,3,Month-to-month,Fiber optic,No,No,No,Bank transfer,37.45,103.62,No
CUST03420,Female,0,No,16,One year,No,No,Yes,Yes,Mailed check,74.19,1152.21,Yes
CUST03421,Male,0,Yes,5,One year,DSL,Yes,No,No,Electronic check,31.88,145.28,No
CUST03422,Female,1,No,5,One year,No,No,No,No,Electronic check,60.64,283.18,No
CUST03423,Female,0,No,0,Month-to-month,Fiber optic,No,No,No,Electronic check,46.86,0.0,No
CUST03424,Male,0,No,2,Two year,No,No internet service,Yes,No,Bank transfer,73.94,145.38,No
CUST03425,Female,0,Yes,7,One year,Fiber optic,No,Yes,Yes,Mailed check,73.35,479.83,No
CUST03426,Male,1,No,2,One year,DSL,Yes,No,Yes,Bank transfer,77.03,141.84,Yes
CUST03427,Male,0,Yes,72,One year,Fiber optic,No,Yes,Yes,Mailed check,72.18,5175.24,No
CUST03428,Male,1,Yes,7,Two year,DSL,Yes,No,Yes,Credit card,49.83,340.48,No
CUST03429,Male,0,No,2,One year,DSL,No,No,No,Credit card,58.47,114.68,No
CUST03430,Female,0,No,4,One year,DSL,No,No internet service,No,Bank transfer,88.01,324.68,Yes
CUST03431,Female,0,Yes,17,Two year,No,No,No,Yes,Credit card,91.7,1469.18,No
CUST03432,Female,0,Yes,1,One year,DSL,No internet service,No,No,Mailed check,36.33,32.94,No
CUST03433,Female,0,No,39,Month-to-month,Fiber optic,No internet service,No,Yes,Credit card,26.73,949.63,No
CUST03434,Female,0,Yes,65,One year,Fiber optic,No internet service,No internet service,Yes,Credit card,46.83,2806.81,No
CUST03435,Male,0,No,5,Month-to-month,No,Yes,Yes,Yes,Credit card,91.13,423.9,Yes
CUST03436,Female,0,No,11,Month-to-month,DSL,No,Yes,No,Bank transfer,95.37,1048.77,Yes
CUST03437,Female,1,No,0,One year,Fiber optic,No internet service,Yes,No,Credit card,41.88,0.0,No
CUST03438,Female,1,Yes,20,Two year,No,No,No,Yes,Mailed check,72.68,1409.68,No
CUST03439,Female,0,No,10,Two year,Fiber optic,Yes,Yes,No,Electronic check,110.86,1098.01,No
CUST03440,Male,1,No,6,Month-to-month,Fiber optic,No internet service,Yes,Yes,Mailed check,75.38,418.18,No
CUST03441,Male,0,Yes,4,Month-to-month,Fiber optic,No internet service,No,No,Credit card,100.54,367.76,No
CUST03442,Male,0,Yes,21,Month-to-month,No,No,No internet service,No,Electronic check,89.97,1746.39,Yes
CUST03443,Male,0,Yes,10,Two year,Fiber optic,No,No internet service,No,Bank transfer,42.25,417.53,No
CUST03444,Male,1,Yes,3,Two year,DSL,Yes,No,Yes,Mailed check,60.25,174.71,No
CUST03445,Male,0,No,23,One year,No,No,No,Yes,Mailed check,65.87,1431.89,Yes
CUST03446,Male,0,No,16,Two year,Fiber optic,No,No internet service,Yes,Credit card,67.6,1062.16,No
CUST03447,Female,0,Yes,39,One year,Fiber optic,No,No internet service,No,Credit card,87.91,3166.8,No
CUST03448,Female,0,No,2,One year,No,Yes,No internet service,Yes,Bank transfer,75.22,138.99,No
CUST03449,Female,0,No,30,Month-to-month,DSL,Yes,No,Yes,Electronic check,18.0,516.63,No
CUST03450,Male,0,No,22,Month-to-month,Fiber optic,No,Yes,Yes,Mailed check,32.18,693.1,Yes
CUST03451,Female,0,Yes,2,One year,Fiber optic,Yes,Yes,Yes,Mailed check,18.0,33.33,No
CUST03452,Female,1,Yes,23,One year,No,No,No internet service,Yes,Mailed check,69.38,1469.68,Yes
CUST03453,Male,0,Yes,11,Month-to-month,DSL,No,Yes,Yes,Electronic check,71.01,740.02,No
CUST03454,Female,0,No,58,Two year,Fiber optic,No,No,No,Mailed check,72.08,3818.68,Yes
CUST03455,Female,0,Yes,3,Month-to-month,No,No,No,Yes,Electronic check,41.03,119.99,No
CUST03456,Male,0,Yes,20,Month-to-month,DSL,Yes,Yes,No,Bank transfer,81.85,1567.81,No
CUST03457,Male,0,No,9,One year,DSL,No internet service,No internet service,No,Electronic check,82.91,709.82,No
CUST03458,Male,0,No,62,One year,No,No,Yes,Yes,Mailed check,33.62,2057.81,No
CUST03459,Female,0,No,8,One year,DSL,No,Yes,Yes,Electronic check,28.35,220.73,No
CUST03460,Male,0,No,65,Month-to-month,No,No internet service,No internet service,Yes,Credit card,65.0,3865.57,No
CUST03461,Female,0,No,46,Month-to-month,DSL,Yes,No,No,Mailed check,109.79,4757.64,No
CUST03462,Female,0,No,6,One year,Fiber optic,No,No internet service,Yes,Electronic check,107.49,601.17,Yes
CUST03463,Female,1,No,32,One year,Fiber optic,Yes,No,Yes,Mailed check,79.09,2480.79,No
CUST03464,Female,0,No,72,Month-to-month,Fiber optic,No,No,No,Credit card,46.75,3271.43,No
CUST03465,Female,0,No,5,One year,Fiber optic,No,Yes,No,Bank transfer,87.17,412.84,Yes
CUST03466,Female,0,Yes,11,Month-to-month,Fiber optic,No,No,No,Bank transfer,53.69,580.17,Yes
CUST03467,Male,0,Yes,14,One year,No,Yes,Yes,Yes,Electronic check,45.81,603.51,No
CUST03468,Female,0,Yes,6,Two year,DSL,Yes,No internet service,Yes,Bank transfer,18.0,105.88,Yes
CUST03469,Female,0,No,0,Month-to-month,Fiber optic,No,Yes,No,Bank transfer,67.56,0.0,No
CUST03470,Female,1,No,4,Month-to-month,DSL,Yes,Yes,Yes,Bank transfer,49.25,179.95,No
CUST03471,Male,0,No,6,One year,Fiber optic,No,No internet service,Yes,Credit card,67.41,394.59,Yes
CUST03472,Female,0,No,11,One year,DSL,No,No,No,Electronic check,18.0,180.46,Yes
CUST03473,Male,0,Yes,3,One year,DSL,No,No,No,Electronic check,69.25,201.18,No
CUST03474,Male,0,No,41,Two year,Fiber optic,Yes,No,No,Credit card,18.0,717.6,Yes
CUST03475,Male,0,Yes,24,Two year,DSL,Yes,Yes,Yes,Bank transfer,92.2,2138.05,No
CUST03476,Female,0,Yes,1,Two year,DSL,No,Yes,No,Electronic check,78.05,76.63,No
CUST03477,Female,0,No,21,Month-to-month,Fiber optic,No internet service,No internet service,Yes,Mailed check,58.03,1159.11,Yes
CUST03478,Male,0,No,21,Month-to-month,Fiber optic,No,Yes,Yes,Credit card,79.07,1643.37,Yes
CUST03479,Male,0,No,62,Month-to-month,No,No internet service,No,No,Electronic check,40.55,2405.87,No
CUST03480,Male,0,Yes,0,Month-to-month,Fiber optic,No internet service,No,No,Electronic check,66.81,0.0,No
CUST03481,Male,0,No,5,One year,DSL,Yes,Yes,Yes,Electronic check,84.87,403.53,Yes
CUST03482,Female,0,Yes,52,Month-to-month,Fiber optic,No internet service,No,No,Credit card,18.0,927.77,No
CUST03483,Male,0,No,53,Two year,DSL,No,No,Yes,Credit card,53.82,2636.73,No
CUST03484,Female,0,Yes,25,One year,Fiber optic,No internet service,No internet service,Yes,Mailed check,64.43,1561.63,No
CUST03485,Male,0,No,29,One year,No,No,Yes,No,Bank transfer,60.09,1610.63,No
CUST03486,Male,0,Yes,1,Month-to-month,Fiber optic,Yes,Yes,Yes,Electronic check,101.43,92.22,Yes
CUST03487,Female,0,Yes,14,Month-to-month,Fiber optic,No internet service,No internet service,No,Electronic check,36.9,514.21,No
CUST03488,Male,0,No,5,Month-to-month,DSL,Yes,No,Yes,Credit card,49.47,225.82,No
CUST03489,Male,0,No,3,Month-to-month,Fiber optic,No internet service,No,Yes,Electronic check,18.0,52.31,No
CUST03490,Female,0,No,33,Month-to-month,No,Yes,No,Yes,Mailed check,102.76,3195.94,No
CUST03491,Female,0,No,2,One year,DSL,No,No,Yes,Bank transfer,58.84,115.76,Yes
CUST03492,Female,0,No,12,Two year,DSL,No,No,Yes,Electronic check,54.04,633.77,No
CUST03493,Male,0,No,55,Two year,Fiber optic,No internet service,Yes,Yes,Mailed check,63.69,3203.02,No
CUST03494,Female,0,Yes,4,One year,Fiber optic,Yes,No,Yes,Bank transfer,80.91,306.42,Yes
CUST03495,Female,0,Yes,72,Month-to-month,Fiber optic,No,Yes,No,Bank transfer,73.68,4789.07,No
CUST03496,Female,1,No,72,Two year,No,No,No internet service,Yes,Electronic check,120.0,8147.11,No
CUST03497,Male,0,Yes,16,Two year,DSL,No internet service,Yes,Yes,Electronic check,76.35,1184.98,No
CUST03498,Female,0,Yes,3,Month-to-month,Fiber optic,No,No internet service,Yes,Bank transfer,53.37,147.82,Yes
CUST03499,Male,0,Yes,7,One year,Fiber optic,No,No,Yes,Credit card,50.97,350.01,No
CUST03500,Female,0,Yes,11,Month-to-month,DSL,No,Yes,No,Electronic check,55.18,549.51,No
CUST03501,Male,0,No,7,Two year,Fiber optic,Yes,No,No,Credit card,27.45,173.6,No
CUST03502,Male,0,Yes,6,Two year,DSL,No internet service,Yes,Yes,Bank transfer,66.0,357.49,No
CUST03503,Female,0,Yes,71,Month-to-month,DSL,Yes,Yes,Yes,Credit card,84.59,5573.48,No
CUST03504,Male,0,No,3,Two year,DSL,No,Yes,Yes,Electronic check,49.67,141.07,No
CUST03505,Female,0,No,26,One year,No,No,No internet service,Yes,Electronic check,44.82,1061.31,Yes
CUST03506,Male,0,No,0,Two year,Fiber optic,Yes,Yes,Yes,Electronic check,102.9,0.0,Yes
CUST03507,Male,1,Yes,18,Month-to-month,Fiber optic,No,No internet service,Yes,Mailed check,29.34,528.1,Yes
CUST03508,Male,0,Yes,49,Two year,DSL,No internet service,Yes,No,Credit card,18.0,839.65,No
CUST03509,Male,0,Yes,6,Month-to-month,Fiber optic,No,No,Yes,Electronic check,36.18,207.7,No
CUST03510,Male,0,Yes,4,Month-to-month,Fiber optic,Yes,No internet service,No,Bank transfer,26.49,105.18,No
CUST03511,Male,0,Yes,21,Month-to-month,No,Yes,No internet service,Yes,Electronic check,74.66,1531.77,No
CUST03512,Female,0,No,24,Two year,Fiber optic,No,Yes,No,Bank transfer,55.98,1231.73,No
CUST03513,Female,1,No,23,Two year,Fiber optic,No,No,Yes,Electronic check,59.51,1340.33,Yes
CUST03514,Female,0,No,7,Two year,DSL,No internet service,Yes,Yes,Electronic check,93.82,606.23,No
CUST03515,Male,1,No,5,Two year,Fiber optic,No,No,Yes,Electronic check,47.72,225.01,Yes
CUST03516,Male,0,No,62,Month-to-month,Fiber optic,No,No,Yes,Bank transfer,84.38,4986.99,No
CUST03517,Female,0,No,51,Month-to-month,No,No,No,Yes,Electronic check,102.78,5093.44,No
CUST03518,Male,0,No,12,Month-to-month,DSL,No,No,Yes,Electronic check,53.61,588.65,No
CUST03519,Female,0,No,37,Month-to-month,DSL,No internet service,Yes,Yes,Electronic check,83.43,2801.73,No
CUST03520,Female,0,Yes,12,Month-to-month,Fiber optic,No,Yes,Yes,Credit card,58.95,697.93,Yes
CUST03521,Female,0,Yes,11,Month-to-month,DSL,Yes,Yes,Yes,Bank transfer,88.1,952.31,No
CUST03522,Male,1,No,3,Month-to-month,DSL,No,No internet service,Yes,Bank transfer,25.71,73.45,No
CUST03523,Female,0,Yes,11,Month-to-month,No,No,Yes,No,Bank transfer,23.86,253.6,No
CUST03524,Male,0,No,15,Month-to-month,Fiber optic,No,No,Yes,Electronic check,55.22,805.05,No
CUST03525,Female,0,No,0,Month-to-month,No,No internet service,No,No,Bank transfer,42.78,0.0,No
CUST03526,Male,0,No,11,Two year,No,No,No,Yes,Electronic check,52.08,530.33,No
CUST03527,Male,0,Yes,30,One year,DSL,No,No,No,Mailed check,59.51,1692.71,No
CUST03528,Female,0,No,22,Two year,Fiber optic,No,No,Yes,Bank transfer,83.0,1817.02,No
CUST03529,Male,0,Yes,20,Month-to-month,DSL,No internet service,No,Yes,Bank transfer,54.81,1078.42,No
CUST03530,Male,0,No,48,Month-to-month,No,No internet service,No,Yes,Electronic check,44.4,2017.3,No
CUST03531,Female,1,Yes,0,One year,Fiber optic,No internet service,No internet service,No,Electronic check,56.21,0.0,No
CUST03532,Female,0,No,16,Month-to-month,Fiber optic,Yes,No internet service,No,Credit card,45.77,724.24,No
CUST03533,Female,0,No,30,Month-to-month,DSL,No,No,No,Bank transfer,41.65,1204.3,No
CUST03534,Male,0,No,15,Month-to-month,Fiber optic,Yes,Yes,No,Electronic check,24.67,348.02,Yes
CUST03535,Female,0,No,7,Month-to-month,DSL,No,No,No,Electronic check,66.74,425.68,No
CUST03536,Male,0,No,2,Month-to-month,Fiber optic,Yes,No,Yes,Credit card,50.78,99.04,Yes
CUST03537,Female,0,Yes,43,Month-to-month,Fiber optic,Yes,No,No,Bank transfer,89.16,3572.02,Yes
CUST03538,Female,0,No,12,One year,No,No,No,Yes,Credit card,28.82,332.22,No
CUST03539,Female,0,Yes,42,Month-to-month,DSL,No,No,No,Electronic check,51.45,2067.9,Yes
CUST03540,Female,0,Yes,17,Month-to-month,Fiber optic,Yes,No,Yes,Mailed check,110.32,1819.11,No
CUST03541,Male,0,Yes,22,Two year,No,Yes,Yes,Yes,Electronic check,41.51,870.99,No
CUST03542,Male,0,No,32,Month-to-month,DSL,No,No,Yes,Bank transfer,59.09,1821.0,No
CUST03543,Male,0,Yes,21,Month-to-month,No,No,Yes,Yes,Electronic check,34.6,659.86,No
CUST03544,Female,0,No,10,Two year,DSL,No,No,No,Electronic check,31.29,302.43,No
CUST03545,Male,0,No,14,Month-to-month,Fiber optic,No,Yes,Yes,Electronic check,103.68,1334.56,Yes
CUST03546,Male,0,No,32,Month-to-month,Fiber optic,No internet service,Yes,No,Bank transfer,69.28,2082.16,No
CUST03547,Male,0,Yes,9,Month-to-month,Fiber optic,Yes,Yes,Yes,Mailed check,68.34,585.08,No
CUST03548,Male,0,No,9,Month-to-month,No,Yes,No internet service,No,Bank transfer,22.59,196.94,No
CUST03549,Male,0,No,2,One year,DSL,No,No,No,Credit card,73.97,144.13,No
CUST03550,Female,0,No,49,Two year,DSL,No internet service,No,Yes,Bank transfer,93.94,4467.23,No
CUST03551,Male,0,No,1,Month-to-month,Fiber optic,Yes,No,No,Mailed check,93.74,85.26,Yes
CUST03552,Male,0,Yes,20,One year,No,Yes,No,Yes,Credit card,81.71,1534.01,No
CUST03553,Female,0,No,10,Month-to-month,DSL,No internet service,No,Yes,Mailed check,36.76,341.16,Yes
CUST03554,Male,0,No,10,Month-to-month,No,Yes,No,Yes,Electronic check,72.83,684.49,No
CUST03555,Female,1,Yes,22,One year,Fiber optic,Yes,Yes,No,Credit card,81.69,1733.72,Yes
CUST03556,Male,0,Yes,1,Month-to-month,DSL,No internet service,Yes,Yes,Electronic check,20.14,18.51,Yes
CUST03557,Male,0,No,18,Month-to-month,Fiber optic,No internet service,Yes,Yes,Mailed check,36.97,632.33,No
CUST03558,Male,0,Yes,29,Month-to-month,DSL,No,No,Yes,Electronic check,87.2,2499.69,Yes
CUST03559,Female,1,No,35,Month-to-month,Fiber optic,No internet service,Yes,Yes,Mailed check,86.9,2959.72,Yes
CUST03560,Male,0,No,3,Month-to-month,DSL,No,No,No,Bank transfer,26.29,76.7,Yes
CUST03561,Female,1,No,45,Two year,Fiber optic,Yes,No,Yes,Electronic check,84.88,3761.82,No
CUST03562,Female,0,No,21,Month-to-month,Fiber optic,No,Yes,Yes,Bank transfer,67.38,1329.97,Yes
CUST03563,Male,1,No,42,Month-to-month,Fiber optic,No,No internet service,Yes,Bank transfer,84.53,3464.87,No
CUST03564,Male,1,Yes,13,Month-to-month,Fiber optic,No,No internet service,Yes,Electronic check,49.14,578.69,No
CUST03565,Male,0,No,15,One year,Fiber optic,No internet service,Yes,No,Mailed check,81.13,1102.12,No
CUST03566,Female,0,No,50,One year,DSL,Yes,No internet service,Yes,Electronic check,86.1,4017.34,Yes
CUST03567,Male,0,Yes,46,One year,Fiber optic,No,No,No,Credit card,56.22,2378.41,No
CUST03568,Female,1,No,11,One year,No,No,No,Yes,Bank transfer,65.44,685.18,No
CUST03569,Female,1,No,6,Two year,No,Yes,Yes,No,Credit card,48.79,268.83,No
CUST03570,Male,0,Yes,9,Month-to-month,DSL,No,Yes,No,Electronic check,106.29,954.27,No
CUST03571,Female,0,No,9,Month-to-month,DSL,No,No internet service,No,Electronic check,61.99,549.6,No
CUST03572,Female,0,No,6,Two year,No,No internet service,No internet service,No,Electronic check,41.95,251.26,No
CUST03573,Male,0,Yes,6,Two year,Fiber optic,No internet service,No,Yes,Electronic check,47.1,277.17,No
CUST03574,Male,1,No,39,Two year,Fiber optic,No,No internet service,Yes,Mailed check,68.17,2645.63,No
CUST03575,Female,0,No,1,Month-to-month,Fiber optic,No,No,No,Credit card,83.83,78.53,Yes
CUST03576,Male,1,No,22,Month-to-month,DSL,No,Yes,Yes,Mailed check,31.6,660.29,No
CUST03577,Female,0,Yes,3,Month-to-month,Fiber optic,No,No,Yes,Credit card,111.19,308.21,No
CUST03578,Female,0,Yes,8,One year,No,Yes,Yes,Yes,Electronic check,72.72,560.57,No
CUST03579,Female,0,Yes,1,Month-to-month,Fiber optic,No,No,Yes,Credit card,76.66,75.04,Yes
CUST03580,Female,1,No,6,Month-to-month,DSL,No,No internet service,Yes,Electronic check,62.57,356.6,No
CUST03581,Female,0,No,29,Two year,DSL,No,No,No,Credit card,65.48,1765.31,No
CUST03582,Male,0,Yes,43,Month-to-month,DSL,No internet service,No,Yes,Electronic check,61.29,2505.72,No
CUST03583,Male,0,Yes,5,Two year,Fiber optic,No,No,No,Credit card,90.44,409.82,No
CUST03584,Female,0,Yes,12,Month-to-month,DSL,No,Yes,Yes,Electronic check,64.8,755.91,No
CUST03585,Male,0,No,12,Month-to-month,DSL,No,No,Yes,Electronic check,84.18,954.76,Yes
CUST03586,Male,0,No,41,Month-to-month,No,No,No,Yes,Mailed check,54.15,2197.56,Yes
CUST03587,Male,0,No,28,One year,DSL,Yes,No,Yes,Mailed check,69.89,1941.9,No
CUST03588,Male,0,Yes,14,Month-to-month,DSL,No,No internet service,Yes,Bank transfer,44.9,573.63,Yes
CUST03589,Female,1,Yes,22,Month-to-month,DSL,Yes,Yes,No,Credit card,95.41,2098.2,No
CUST03590,Female,0,Yes,37,Two year,DSL,No internet service,No,No,Bank transfer,44.16,1628.99,No
CUST03591,Male,0,No,0,Month-to-month,Fiber optic,No internet service,No,Yes,Bank transfer,56.88,0.0,No
CUST03592,Female,0,Yes,10,One year,No,Yes,Yes,Yes,Electronic check,57.13,561.33,Yes
CUST03593,Female,0,Yes,47,One year,No,Yes,No,Yes,Bank transfer,56.15,2380.01,No
CUST03594,Female,0,No,26,Month-to-month,Fiber optic,Yes,Yes,Yes,Mailed check,83.06,2153.16,No
CUST03595,Female,0,No,15,One year,Fiber optic,Yes,No,No,Credit card,57.08,809.65,No
CUST03596,Female,0,No,15,Month-to-month,Fiber optic,Yes,No,No,Mailed check,99.85,1484.23,Yes
CUST03597,Male,0,No,8,One year,DSL,Yes,Yes,Yes,Bank transfer,44.54,334.41,No
CUST03598,Female,0,No,14,Month-to-month,DSL,No,No internet service,No,Electronic check,69.23,948.69,No
CUST03599,Female,1,No,21,One year,No,No,No,Yes,Electronic check,45.61,902.06,Yes
CUST03600,Female,0,No,10,Month-to-month,DSL,No,Yes,Yes,Mailed check,75.52,707.07,No
CUST03601,Male,0,No,25,One year,DSL,No,No,Yes,Electronic check,64.6,1606.4,Yes
CUST03602,Male,0,No,39,Month-to-month,Fiber optic,No internet service,No internet service,Yes,Electronic check,61.12,2311.96,No
CUST03603,Female,1,Yes,3,Month-to-month,Fiber optic,No internet service,Yes,No,Electronic check,94.71,279.59,Yes
CUST03604,Female,0,Yes,12,Month-to-month,DSL,No,No,Yes,Credit card,48.64,557.03,Yes
CUST03605,Male,1,Yes,10,Month-to-month,DSL,Yes,No,Yes,Electronic check,79.66,790.1,Yes
CUST03606,Female,0,No,23,Two year,Fiber optic,Yes,No,Yes,Credit card,45.78,1025.56,No
CUST03607,Male,0,No,5,Month-to-month,Fiber optic,Yes,Yes,Yes,Electronic check,67.82,307.64,No
CUST03608,Female,0,No,20,Two year,DSL,No,No,Yes,Electronic check,35.11,685.83,No
CUST03609,Female,0,Yes,41,Two year,Fiber optic,No,No internet service,No,Bank transfer,48.44,1791.15,No
CUST03610,Female,0,Yes,10,One year,Fiber optic,No,No internet service,No,Mailed check,62.95,618.74,No
CUST03611,Female,0,No,48,Month-to-month,No,Yes,Yes,No,Mailed check,110.37,4943.8,No
CUST03612,Male,0,Yes,72,Month-to-month,DSL,No,No,Yes,Bank transfer,67.52,4666.15,Yes
CUST03613,Female,0,Yes,2,One year,DSL,Yes,Yes,Yes,Electronic check,106.37,207.41,No
CUST03614,Male,1,No,5,Month-to-month,Fiber optic,Yes,No,No,Bank transfer,70.51,339.75,Yes
CUST03615,Male,0,Yes,60,Month-to-month,Fiber optic,No,Yes,No,Mailed check,55.32,3210.45,No
CUST03616,Male,0,Yes,63,One year,DSL,Yes,Yes,Yes,Electronic check,103.48,6449.27,No
CUST03617,Male,0,Yes,2,Two year,Fiber optic,No,No,Yes,Credit card,75.93,142.35,Yes
CUST03618,Male,0,Yes,0,One year,DSL,No internet service,Yes,Yes,Bank transfer,48.93,0.0,No
CUST03619,Female,0,No,3,Month-to-month,DSL,No internet service,No,Yes,Mailed check,76.76,211.28,No
CUST03620,Male,0,Yes,72,One year,Fiber optic,Yes,No internet service,Yes,Credit card,57.69,3932.51,No
CUST03621,Male,0,Yes,3,Month-to-month,DSL,No,No internet service,No,Credit card,18.0,49.41,No
CUST03622,Female,0,Yes,13,Month-to-month,No,No,Yes,Yes,Mailed check,88.4,1107.09,No
CUST03623,Male,0,No,37,Two year,Fiber optic,No internet service,No,Yes,Electronic check,92.37,3186.74,Yes
CUST03624,Male,0,Yes,0,Month-to-month,Fiber optic,No internet service,No,Yes,Credit card,110.95,0.0,Yes
CUST03625,Female,0,Yes,18,Month-to-month,Fiber optic,Yes,No,Yes,Electronic check,75.55,1270.63,Yes
CUST03626,Male,0,Yes,6,Month-to-month,Fiber optic,No internet service,No internet service,Yes,Electronic check,58.78,327.53,No
CUST03627,Male,1,Yes,39,Two year,DSL,Yes,No,No,Electronic check,85.87,3178.56,No
CUST03628,Female,0,Yes,6,One year,No,No,No,Yes,Bank transfer,86.25,474.82,Yes
CUST03629,Male,0,No,23,One year,No,No,Yes,No,Credit card,105.96,2243.04,Yes
CUST03630,Male,0,No,22,One year,DSL,Yes,No,Yes,Bank transfer,63.88,1374.88,Yes
CUST03631,Female,0,No,5,Month-to-month,DSL,No internet service,No,No,Credit card,60.86,289.0,Yes
CUST03632,Female,0,No,0,Month-to-month,DSL,No,No,No,Electronic check,47.11,0.0,No
CUST03633,Male,0,Yes,10,Month-to-month,Fiber optic,No internet service,Yes,Yes,Electronic check,78.44,708.43,No
CUST03634,Female,1,No,6,Month-to-month,Fiber optic,No internet service,Yes,Yes,Bank transfer,26.29,149.32,No
CUST03635,Male,0,Yes,33,Month-to-month,No,No internet service,Yes,No,Credit card,84.4,2713.52,Yes
CUST03636,Male,0,No,32,Two year,Fiber optic,No,Yes,Yes,Mailed check,79.7,2384.93,Yes
CUST03637,Female,0,Yes,12,Month-to-month,Fiber optic,No,Yes,No,Electronic check,79.63,883.7,Yes
CUST03638,Male,0,No,18,Month-to-month,Fiber optic,No,Yes,Yes,Electronic check,68.46,1157.9,Yes
CUST03639,Female,0,No,18,Month-to-month,Fiber optic,No,No,No,Electronic check,103.32,1852.16,No
CUST03640,Female,0,Yes,35,Month-to-month,Fiber optic,Yes,No,Yes,Electronic check,86.8,2862.76,Yes
CUST03641,Female,0,Yes,11,Two year,Fiber optic,No,No,Yes,Electronic check,49.82,507.45,No
CUST03642,Female,0,No,6,Month-to-month,Fiber optic,No,No internet service,No,Credit card,50.27,288.63,No
CUST03643,Female,1,Yes,6,Month-to-month,Fiber optic,No,No,Yes,Mailed check,43.01,253.18,Yes
CUST03644,Male,1,No,15,One year,Fiber optic,No internet service,No,No,Bank transfer,78.78,1066.17,No
CUST03645,Male,0,Yes,11,Month-to-month,Fiber optic,Yes,No internet service,No,Electronic check,40.0,420.56,No
CUST03646,Male,0,Yes,11,Month-to-month,Fiber optic,No,Yes,Yes,Electronic check,92.08,996.3,Yes
CUST03647,Female,0,No,1,Month-to-month,Fiber optic,No,No,No,Bank transfer,98.07,90.38,No
CUST03648,Female,0,Yes,25,One year,Fiber optic,No,No,Yes,Credit card,43.02,1067.08,No
CUST03649,Female,0,Yes,4,Two year,Fiber optic,No,No,No,Mailed check,60.36,231.24,No
CUST03650,Female,0,No,4,One year,Fiber optic,Yes,Yes,No,Credit card,65.42,249.03,Yes
CUST03651,Female,0,No,10,Month-to-month,DSL,No internet service,No internet service,Yes,Credit card,87.1,867.83,Yes
CUST03652,Male,1,No,5,Two year,DSL,No internet service,Yes,Yes,Electronic check,105.23,480.36,No
CUST03653,Female,0,No,17,Month-to-month,Fiber optic,Yes,No internet service,No,Electronic check,22.86,378.52,Yes
CUST03654,Female,0,Yes,9,Month-to-month,Fiber optic,Yes,No,Yes,Bank transfer,57.05,504.13,No
CUST03655,Female,0,Yes,11,Month-to-month,No,Yes,No,No,Mailed check,58.35,609.02,No
CUST03656,Male,0,Yes,15,Month-to-month,Fiber optic,No,Yes,Yes,Electronic check,29.98,405.02,Yes
CUST03657,Male,0,No,4,Month-to-month,Fiber optic,No,No,No,Mailed check,52.87,201.42,Yes
CUST03658,Male,0,Yes,3,One year,DSL,Yes,Yes,Yes,Mailed check,75.69,207.85,No
CUST03659,Female,0,Yes,42,Two year,DSL,No,Yes,No,Credit card,58.03,2330.65,No
CUST03660,Female,0,No,11,Month-to-month,Fiber optic,Yes,No internet service,Yes,Electronic check,26.38,282.6,No
CUST03661,Female,0,No,10,Month-to-month,DSL,No internet service,No,Yes,Electronic check,120.0,1143.73,Yes
CUST03662,Male,0,No,0,Month-to-month,Fiber optic,No internet service,No,No,Mailed check,71.65,0.0,No
CUST03663,Female,0,Yes,13,Month-to-month,Fiber optic,No internet service,No internet service,Yes,Bank transfer,67.79,802.3,No
CUST03664,Female,1,No,16,One year,Fiber optic,Yes,Yes,No,Bank transfer,37.55,546.55,No
CUST03665,Male,0,Yes,16,Month-to-month,No,No,No,No,Credit card,71.52,1127.26,No
CUST03666,Male,1,No,24,Two year,Fiber optic,Yes,No,No,Credit card,60.89,1322.43,No
CUST03667,Male,0,Yes,3,Month-to-month,DSL,No,No,Yes,Bank transfer,18.0,50.14,No
CUST03668,Male,1,Yes,5,Month-to-month,No,Yes,No internet service,Yes,Electronic check,38.24,190.01,No
CUST03669,Male,0,No,33,Month-to-month,No,No,No internet service,Yes,Mailed check,84.87,2649.15,Yes
CUST03670,Male,0,Yes,58,Month-to-month,DSL,No,No,Yes,Bank transfer,113.6,6374.36,No
CUST03671,Male,0,No,2,Month-to-month,DSL,No,No,Yes,Credit card,74.18,136.81,Yes
CUST03672,Male,0,No,13,One year,DSL,No internet service,No,No,Credit card,92.58,1115.74,Yes
CUST03673,Female,0,No,4,Month-to-month,DSL,No,No,No,Bank transfer,61.11,232.44,No
CUST03674,Male,0,Yes,1,One year,No,Yes,No,Yes,Mailed check,62.84,60.57,No
CUST03675,Female,0,No,7,Month-to-month,Fiber optic,No,Yes,No,Electronic check,92.27,643.34,Yes
CUST03676,Male,0,Yes,3,Month-to-month,Fiber optic,No internet service,Yes,Yes,Electronic check,106.57,306.1,No
CUST03677,Female,0,Yes,24,Month-to-month,No,No,No internet service,Yes,Electronic check,97.53,2129.11,No
CUST03678,Female,0,No,15,Two year,Fiber optic,No,Yes,Yes,Electronic check,38.34,538.69,Yes
CUST03679,Female,0,Yes,3,Month-to-month,DSL,No internet service,No,Yes,Mailed check,63.33,175.63,Yes
CUST03680,Female,0,Yes,0,One year,No,No,No internet service,No,Electronic check,71.94,0.0,No
CUST03681,Male,1,Yes,33,Month-to-month,No,No internet service,No,No,Bank transfer,58.51,1835.33,No
CUST03682,Male,0,No,3,One year,No,Yes,No,Yes,Mailed check,74.7,208.79,No
CUST03683,Female,1,No,18,Month-to-month,Fiber optic,No,Yes,No,Bank transfer,85.51,1429.79,Yes
CUST03684,Female,0,Yes,8,One year,Fiber optic,Yes,No internet service,Yes,Mailed check,90.07,718.26,Yes
CUST03685,Male,1,Yes,17,One year,DSL,No,Yes,No,Electronic check,107.15,1745.77,Yes
CUST03686,Male,0,Yes,7,Two year,Fiber optic,Yes,No,No,Credit card,56.76,367.99,No
CUST03687,Male,0,Yes,1,Month-to-month,No,Yes,No,No,Electronic check,30.9,28.66,Yes
CUST03688,Female,0,Yes,5,Month-to-month,DSL,Yes,No,Yes,Credit card,73.96,362.81,Yes
CUST03689,Female,0,Yes,4,Month-to-month,Fiber optic,No,Yes,Yes,Electronic check,112.1,443.31,No
CUST03690,Male,0,No,11,Two year,Fiber optic,Yes,No,Yes,Mailed check,53.08,565.14,No
CUST03691,Male,0,No,21,Month-to-month,DSL,No internet service,No,Yes,Electronic check,82.17,1627.46,Yes
CUST03692,Female,0,Yes,6,One year,Fiber optic,Yes,No,Yes,Electronic check,82.39,482.7,Yes
CUST03693,Male,0,No,0,Month-to-month,DSL,No,No,Yes,Mailed check,69.79,0.0,Yes
CUST03694,Male,0,No,14,Month-to-month,Fiber optic,Yes,Yes,No,Bank transfer,65.17,836.31,No
CUST03695,Male,0,No,18,Month-to-month,DSL,Yes,No,Yes,Electronic check,41.91,743.95,Yes
CUST03696,Female,0,Yes,65,Two year,No,No internet service,No internet service,No,Bank transfer,18.0,1152.31,No
CUST03697,Female,0,No,17,One year,DSL,No internet service,No internet service,Yes,Electronic check,37.2,592.34,No
CUST03698,Male,0,No,12,Two year,DSL,No internet service,No,No,Mailed check,55.24,615.93,No
CUST03699,Female,0,Yes,17,Month-to-month,DSL,No,No,No,Credit card,92.44,1503.17,Yes
CUST03700,Male,0,No,52,One year,No,Yes,No,Yes,Credit card,62.42,3009.64,No
CUST03701,Female,1,Yes,35,One year,Fiber optic,Yes,No internet service,No,Mailed check,52.02,1665.1,No
CUST03702,Male,0,No,7,Month-to-month,Fiber optic,No,No internet service,No,Electronic check,42.73,297.71,No
CUST03703,Female,0,Yes,5,Two year,Fiber optic,No internet service,No,Yes,Electronic check,81.42,386.39,No
CUST03704,Female,0,No,6,Two year,Fiber optic,No internet service,No internet service,No,Credit card,98.96,562.42,Yes
CUST03705,Female,0,No,14,Two year,DSL,Yes,No internet service,Yes,Electronic check,91.59,1170.2,Yes
CUST03706,Male,0,No,27,One year,Fiber optic,No,No internet service,Yes,Credit card,80.15,2056.75,No
CUST03707,Male,0,Yes,13,Month-to-month,DSL,Yes,No,Yes,Mailed check,28.11,356.03,No
CUST03708,Female,0,Yes,1,Month-to-month,No,No,No internet service,Yes,Credit card,56.21,51.98,No
CUST03709,Male,0,Yes,25,Two year,Fiber optic,Yes,No internet service,Yes,Mailed check,113.68,2662.64,No
CUST03710,Male,0,Yes,32,Month-to-month,Fiber optic,No,Yes,No,Mailed check,93.05,2733.11,No
CUST03711,Female,0,Yes,6,One year,DSL,No internet service,No internet service,No,Bank transfer,26.56,149.08,No
CUST03712,Male,0,No,21,One year,Fiber optic,No,No,No,Credit card,63.61,1317.28,Yes
CUST03713,Female,1,Yes,11,One year,DSL,Yes,No,Yes,Credit card,74.08,752.71,Yes
CUST03714,Male,0,No,43,Two year,DSL,Yes,No,No,Bank transfer,45.95,1784.1,No
CUST03715,Female,0,No,37,Month-to-month,DSL,No,No,Yes,Bank transfer,18.0,635.11,Yes
CUST03716,Female,0,Yes,14,Month-to-month,Fiber optic,No,No internet service,No,Bank transfer,67.47,904.86,No
CUST03717,Female,0,No,23,Month-to-month,Fiber optic,No,No,Yes,Bank transfer,45.31,972.19,Yes
CUST03718,Male,0,No,42,Month-to-month,DSL,Yes,No,No,Credit card,45.4,1838.45,No
CUST03719,Female,0,Yes,13,Month-to-month,DSL,No internet service,Yes,No,Mailed check,56.13,659.49,No
CUST03720,Female,1,No,7,Month-to-month,Fiber optic,No,No,No,Bank transfer,61.66,403.16,Yes
CUST03721,Female,0,No,28,Two year,Fiber optic,No internet service,No,No,Mailed check,64.77,1658.42,No
CUST03722,Female,0,No,4,Two year,DSL,No,No,No,Bank transfer,42.9,158.38,Yes
CUST03723,Male,0,Yes,9,Month-to-month,DSL,Yes,No,No,Credit card,59.49,502.35,No
CUST03724,Male,0,No,40,Month-to-month,No,Yes,Yes,No,Mailed check,21.06,799.72,No
CUST03725,Female,0,Yes,25,Two year,No,No internet service,No,No,Electronic check,72.78,1654.51,No
CUST03726,Male,1,No,10,Month-to-month,No,Yes,Yes,Yes,Mailed check,18.0,163.82,Yes
CUST03727,Male,1,No,4,Month-to-month,No,Yes,No,No,Electronic check,57.76,223.51,Yes
CUST03728,Male,0,No,8,Month-to-month,DSL,Yes,No,Yes,Mailed check,87.98,661.9,No
CUST03729,Male,0,Yes,6,One year,DSL,No,Yes,No,Credit card,38.52,212.09,No
CUST03730,Female,1,Yes,3,Month-to-month,DSL,No internet service,No internet service,Yes,Bank transfer,82.91,229.7,No
CUST03731,Female,0,Yes,27,Two year,DSL,No internet service,No,No,Credit card,93.89,2464.06,No
CUST03732,Male,0,No,5,Month-to-month,No,No,No,Yes,Electronic check,18.0,81.47,Yes
CUST03733,Female,0,Yes,12,Month-to-month,Fiber optic,No internet service,No,Yes,Credit card,61.22,698.55,No
CUST03734,Female,0,Yes,9,Month-to-month,Fiber optic,Yes,No,No,Bank transfer,18.0,151.64,No
CUST03735,Male,0,Yes,72,Month-to-month,DSL,No internet service,No,Yes,Electronic check,62.04,4382.52,Yes
CUST03736,Male,0,No,9,One year,No,No,No,Yes,Bank transfer,64.82,571.14,No
CUST03737,Female,0,Yes,1,One year,No,No,No,No,Credit card,18.0,17.44,No
CUST03738,Male,0,No,1,One year,DSL,Yes,No,Yes,Electronic check,113.12,106.16,No
CUST03739,Female,0,No,17,One year,No,Yes,Yes,Yes,Bank transfer,72.15,1181.32,No
CUST03740,Female,0,No,18,Two year,DSL,No,No internet service,No,Credit card,43.77,759.49,No
CUST03741,Male,0,Yes,10,Two year,DSL,Yes,No internet service,No,Electronic check,101.63,948.43,No
CUST03742,Male,0,Yes,11,One year,Fiber optic,No,No,Yes,Bank transfer,20.11,218.55,No
CUST03743,Male,0,Yes,1,Month-to-month,Fiber optic,Yes,Yes,Yes,Mailed check,34.27,34.22,Yes
CUST03744,Male,0,Yes,14,Month-to-month,DSL,Yes,Yes,Yes,Electronic check,18.0,234.72,No
CUST03745,Female,0,No,14,Month-to-month,DSL,No internet service,No,Yes,Bank transfer,110.03,1509.8,Yes
CUST03746,Male,0,Yes,3,One year,No,No internet service,Yes,Yes,Electronic check,73.31,208.95,No
CUST03747,Female,0,Yes,2,Month-to-month,Fiber optic,No internet service,No,Yes,Bank transfer,81.49,154.24,No
CUST03748,Male,0,No,2,Month-to-month,Fiber optic,No,No internet service,Yes,Electronic check,72.53,136.16,No
CUST03749,Male,0,Yes,2,Two year,DSL,No,No internet service,No,Electronic check,79.34,147.45,No
CUST03750,Male,0,Yes,18,Two year,DSL,No internet service,Yes,Yes,Mailed check,66.95,1195.4,Yes
CUST03751,Male,0,Yes,4,Two year,DSL,No,No internet service,Yes,Mailed check,71.77,279.64,No
CUST03752,Male,0,No,5,Month-to-month,DSL,No,No,No,Electronic check,67.69,319.52,No
CUST03753,Male,0,No,3,One year,DSL,Yes,Yes,Yes,Credit card,49.79,145.66,No
CUST03754,Female,0,No,63,Month-to-month,DSL,Yes,No,No,Credit card,63.83,3908.13,No
CUST03755,Female,0,Yes,38,Month-to-month,Fiber optic,No internet service,No,Yes,Credit card,71.84,2529.91,No
CUST03756,Male,1,Yes,5,Month-to-month,DSL,No,No internet service,Yes,Mailed check,67.76,310.89,Yes
CUST03757,Male,0,No,7,Month-to-month,No,No,Yes,Yes,Credit card,28.06,193.2,No
CUST03758,Male,0,No,4,Month-to-month,DSL,Yes,Yes,Yes,Credit card,31.38,123.15,Yes
CUST03759,Male,0,No,13,Two year,Fiber optic,Yes,No,No,Mailed check,92.07,1196.53,Yes
CUST03760,Female,0,No,0,Month-to-month,DSL,No,No internet service,No,Electronic check,57.33,0.0,No
CUST03761,Female,0,Yes,22,One year,Fiber optic,No,No internet service,Yes,Electronic check,79.62,1671.13,No
CUST03762,Female,0,No,14,Month-to-month,DSL,No,Yes,Yes,Mailed check,37.7,512.04,Yes
CUST03763,Female,0,No,45,Month-to-month,No,No,No,Yes,Credit card,28.17,1214.73,Yes
CUST03764,Female,1,No,3,Month-to-month,Fiber optic,No,No internet service,No,Bank transfer,43.91,127.92,Yes
CUST03765,Male,0,No,32,Month-to-month,Fiber optic,No internet service,No,Yes,Bank transfer,59.44,1737.98,No
CUST03766,Male,1,Yes,31,One year,DSL,No internet service,No internet service,Yes,Electronic check,48.37,1349.75,No
CUST03767,Female,0,No,2,Month-to-month,Fiber optic,Yes,No internet service,Yes,Electronic check,97.35,177.04,Yes
CUST03768,Female,1,No,10,Month-to-month,Fiber optic,No,Yes,Yes,Mailed check,69.49,651.82,Yes
CUST03769,Male,1,Yes,3,Month-to-month,DSL,No,No,Yes,Credit card,111.22,311.27,No
CUST03770,Male,1,Yes,5,Month-to-month,Fiber optic,No,Yes,No,Mailed check,75.11,370.82,No
CUST03771,Male,0,No,6,Two year,No,No,No internet service,No,Credit card,18.0,98.1,No
CUST03772,Female,1,Yes,16,Month-to-month,Fiber optic,Yes,No,No,Electronic check,91.4,1380.9,No
CUST03773,Male,1,No,10,One year,No,No,No internet service,Yes,Bank transfer,27.26,271.45,No
CUST03774,Female,0,Yes,59,One year,No,No,No internet service,Yes,Bank transfer,70.76,3967.31,No
CUST03775,Female,0,No,2,Two year,No,No internet service,Yes,Yes,Credit card,45.63,83.34,No
CUST03776,Female,0,Yes,72,Two year,Fiber optic,Yes,Yes,No,Electronic check,118.57,7931.99,No
CUST03777,Female,0,Yes,5,One year,Fiber optic,Yes,No,Yes,Electronic check,100.99,486.1,Yes
CUST03778,Female,0,No,29,One year,Fiber optic,No,No internet service,Yes,Electronic check,46.45,1213.96,No
CUST03779,Female,0,No,8,Two year,Fiber optic,No,No internet service,No,Credit card,61.82,492.98,No
CUST03780,Female,0,Yes,3,Month-to-month,No,No,No internet service,Yes,Electronic check,71.11,204.09,No
CUST03781,Female,0,Yes,39,Month-to-month,DSL,No internet service,No,Yes,Electronic check,86.59,3277.1,No
CUST03782,Female,0,No,7,Month-to-month,Fiber optic,No,Yes,Yes,Mailed check,65.73,437.06,No
CUST03783,Female,0,No,21,Two year,DSL,No,Yes,Yes,Mailed check,39.38,823.5,No
CUST03784,Male,0,No,16,Two year,DSL,No internet service,Yes,Yes,Credit card,47.06,722.03,Yes
CUST03785,Male,0,No,12,Month-to-month,DSL,No,No,Yes,Credit card,64.89,752.36,No
CUST03786,Male,0,Yes,13,One year,Fiber optic,No,No internet service,Yes,Mailed check,95.86,1228.84,Yes
CUST03787,Male,0,No,26,Month-to-month,DSL,No,No,Yes,Credit card,75.7,1940.95,No
CUST03788,Male,0,No,1,Month-to-month,Fiber optic,No,No internet service,Yes,Bank transfer,45.66,41.22,Yes
CUST03789,Male,0,No,22,Two year,Fiber optic,No,No,No,Electronic check,81.21,1658.57,No
CUST03790,Male,0,No,45,Month-to-month,DSL,No,No,Yes,Credit card,55.33,2302.19,No
CUST03791,Female,0,No,1,Month-to-month,DSL,No,No,Yes,Bank transfer,87.26,78.59,Yes
CUST03792,Female,0,No,3,One year,Fiber optic,Yes,No,No,Mailed check,120.0,355.56,Yes
CUST03793,Female,0,No,25,One year,Fiber optic,No internet service,No internet service,Yes,Bank transfer,56.03,1305.1,No
CUST03794,Female,1,No,11,Month-to-month,No,Yes,No,Yes,Mailed check,85.04,874.35,No
CUST03795,Female,0,No,10,One year,No,Yes,Yes,Yes,Electronic check,46.37,421.95,Yes
CUST03796,Male,0,No,2,Month-to-month,No,No,No internet service,No,Bank transfer,62.19,124.25,Yes
CUST03797,Male,1,No,14,Month-to-month,Fiber optic,No,No internet service,No,Credit card,65.74,904.37,Yes
CUST03798,Male,1,Yes,2,Month-to-month,No,No,No,No,Bank transfer,60.16,115.17,No
CUST03799,Male,1,Yes,12,One year,No,No,Yes,No,Electronic check,120.0,1407.16,Yes
CUST03800,Male,0,No,28,Month-to-month,No,No internet service,Yes,Yes,Credit card,57.34,1569.74,No
CUST03801,Male,0,No,5,Two year,DSL,No,Yes,No,Electronic check,79.67,384.68,Yes
CUST03802,Male,1,Yes,13,Two year,No,No,Yes,Yes,Electronic check,18.0,214.67,No
CUST03803,Female,1,Yes,72,Two year,Fiber optic,No internet service,No internet service,Yes,Electronic check,75.8,5304.96,Yes
CUST03804,Male,0,Yes,23,Month-to-month,Fiber optic,Yes,Yes,Yes,Electronic check,93.55,2059.05,Yes
CUST03805,Female,0,Yes,36,Two year,DSL,No internet service,No,Yes,Mailed check,51.81,1813.69,No
CUST03806,Male,0,Yes,10,Month-to-month,Fiber optic,No,No,Yes,Bank transfer,18.0,171.78,No
CUST03807,Female,0,No,29,Month-to-month,DSL,No internet service,No internet service,Yes,Credit card,64.03,1848.76,No
CUST03808,Male,0,No,0,Month-to-month,DSL,Yes,Yes,No,Credit card,65.43,0.0,No
CUST03809,Male,0,No,2,Month-to-month,DSL,No internet service,No,Yes,Credit card,83.1,159.11,Yes
CUST03810,Male,0,Yes,4,One year,No,No,Yes,No,Mailed check,115.27,453.83,No
CUST03811,Male,0,No,10,Month-to-month,DSL,No,Yes,Yes,Bank transfer,55.5,520.55,No
CUST03812,Female,0,No,37,Month-to-month,DSL,No,No,No,Credit card,43.59,1502.48,No
CUST03813,Female,0,Yes,8,One year,DSL,No internet service,No,Yes,Mailed check,35.83,272.4,Yes
CUST03814,Female,0,Yes,21,Month-to-month,Fiber optic,No,Yes,No,Credit card,69.95,1407.91,Yes
CUST03815,Female,0,No,24,One year,DSL,No,No,Yes,Mailed check,76.98,1703.5,No
CUST03816,Female,0,No,17,Month-to-month,DSL,No,Yes,Yes,Mailed check,51.36,845.38,No
CUST03817,Female,0,No,8,Two year,Fiber optic,Yes,No internet service,No,Mailed check,84.47,662.41,No
CUST03818,Male,0,Yes,17,Two year,Fiber optic,No,No,No,Bank transfer,76.63,1247.65,Yes
CUST03819,Male,0,No,8,Month-to-month,DSL,No,No internet service,Yes,Bank transfer,66.08,503.42,No
CUST03820,Female,0,Yes,1,Month-to-month,DSL,Yes,Yes,Yes,Mailed check,42.44,39.45,Yes
CUST03821,Female,0,No,72,Month-to-month,DSL,No internet service,No internet service,Yes,Bank transfer,52.95,3777.93,No
CUST03822,Female,0,No,2,Two year,No,No,No,Yes,Credit card,18.0,35.12,No
CUST03823,Female,0,Yes,1,Month-to-month,Fiber optic,No,Yes,No,Credit card,70.89,67.21,Yes
CUST03824,Male,0,Yes,42,Month-to-month,Fiber optic,Yes,No,Yes,Electronic check,65.66,2663.71,Yes
CUST03825,Female,1,Yes,7,Month-to-month,DSL,No,No,No,Electronic check,69.71,455.61,Yes
CUST03826,Male,0,Yes,21,Month-to-month,Fiber optic,No internet service,No internet service,No,Bank transfer,77.61,1476.58,No
CUST03827,Male,0,Yes,7,Month-to-month,DSL,No,No,Yes,Mailed check,74.65,480.95,No
CUST03828,Male,0,No,9,Two year,DSL,No,Yes,Yes,Electronic check,62.24,508.6,Yes
CUST03829,Male,0,No,6,Month-to-month,Fiber optic,Yes,No,Yes,Electronic check,66.22,377.78,Yes
CUST03830,Female,1,No,8,Month-to-month,Fiber optic,No,No,No,Credit card,29.89,230.08,No
CUST03831,Male,0,No,10,Two year,DSL,No,Yes,Yes,Credit card,50.41,472.87,No
CUST03832,Female,1,No,25,Two year,Fiber optic,Yes,No,Yes,Mailed check,66.26,1578.67,No
CUST03833,Female,0,No,14,Month-to-month,No,No,No,Yes,Mailed check,46.6,592.73,No
CUST03834,Female,1,Yes,57,Month-to-month,Fiber optic,No internet service,No internet service,Yes,Bank transfer,86.5,4817.08,No
CUST03835,Male,0,No,0,Month-to-month,Fiber optic,Yes,No,Yes,Electronic check,48.53,0.0,Yes
CUST03836,Female,1,Yes,13,Two year,No,No,No,Yes,Mailed check,70.41,881.87,No
CUST03837,Female,0,Yes,17,Month-to-month,No,No internet service,Yes,Yes,Electronic check,67.91,1089.05,No
CUST03838,Female,0,No,50,Two year,Fiber optic,No internet service,Yes,No,Mailed check,83.66,3841.59,No
CUST03839,Male,1,No,1,One year,Fiber optic,Yes,No internet service,Yes,Electronic check,87.52,83.35,No
CUST03840,Female,0,No,17,Month-to-month,DSL,No,No internet service,No,Bank transfer,82.35,1369.28,Yes
CUST03841,Male,0,Yes,38,Month-to-month,Fiber optic,No internet service,No,No,Bank transfer,18.0,643.88,Yes
CUST03842,Female,0,Yes,5,Month-to-month,DSL,Yes,No internet service,No,Mailed check,94.85,444.26,Yes
CUST03843,Male,0,No,41,Month-to-month,DSL,No,No,Yes,Electronic check,103.18,3867.61,Yes
CUST03844,Male,0,Yes,0,Month-to-month,Fiber optic,No,No internet service,Yes,Electronic check,52.95,0.0,No
CUST03845,Female,0,Yes,26,One year,DSL,No,Yes,No,Bank transfer,70.92,1812.21,No
CUST03846,Male,0,Yes,54,Two year,Fiber optic,No,No,No,Electronic check,42.73,2206.2,No
CUST03847,Female,0,No,21,One year,Fiber optic,No internet service,No,Yes,Electronic check,18.0,346.44,No
CUST03848,Female,0,Yes,11,One year,Fiber optic,Yes,No,Yes,Bank transfer,46.53,494.49,No
CUST03849,Female,0,No,0,Month-to-month,DSL,No,Yes,No,Bank transfer,51.5,0.0,No
CUST03850,Female,0,No,50,Month-to-month,DSL,No,No,Yes,Electronic check,56.13,2761.05,Yes
CUST03851,Female,0,No,12,Month-to-month,Fiber optic,Yes,No,No,Mailed check,41.03,488.49,Yes
CUST03852,Female,0,No,0,One year,No,Yes,Yes,No,Credit card,46.66,0.0,No
CUST03853,Female,0,No,23,Two year,DSL,No internet service,No,Yes,Credit card,64.72,1470.96,No
CUST03854,Male,0,No,13,One year,DSL,No,No,No,Electronic check,45.74,540.18,No
CUST03855,Female,0,No,2,Month-to-month,No,No,No internet service,Yes,Credit card,78.59,145.05,Yes
CUST03856,Female,0,Yes,4,Month-to-month,DSL,No,No,No,Bank transfer,82.04,305.76,No
CUST03857,Male,0,Yes,1,One year,No,Yes,Yes,Yes,Credit card,120.0,117.28,No
CUST03858,Male,1,No,17,Month-to-month,Fiber optic,No,No,Yes,Mailed check,93.14,1501.72,No
CUST03859,Male,0,No,19,Two year,Fiber optic,Yes,Yes,No,Bank transfer,71.08,1262.51,No
CUST03860,Male,1,No,14,Two year,DSL,No,No,Yes,Bank transfer,49.49,634.53,No
CUST03861,Male,0,No,33,One year,DSL,Yes,Yes,No,Mailed check,72.34,2342.02,No
CUST03862,Female,0,No,39,Month-to-month,DSL,No internet service,No,Yes,Credit card,73.16,2573.77,Yes
CUST03863,Female,0,Yes,19,Month-to-month,No,No,Yes,Yes,Electronic check,52.17,925.54,Yes
CUST03864,Female,0,Yes,0,Month-to-month,Fiber optic,No,Yes,Yes,Electronic check,84.59,0.0,Yes
CUST03865,Female,0,No,23,Month-to-month,Fiber optic,No,No internet service,No,Mailed check,30.05,630.95,No
CUST03866,Male,0,Yes,10,Month-to-month,Fiber optic,Yes,No internet service,Yes,Credit card,58.89,540.14,No
CUST03867,Male,0,Yes,16,One year,DSL,No internet service,No,No,Mailed check,78.9,1198.5,No
CUST03868,Female,0,No,20,One year,Fiber optic,Yes,Yes,Yes,Bank transfer,57.81,1089.84,No
CUST03869,Female,0,Yes,8,Month-to-month,Fiber optic,No,No internet service,Yes,Bank transfer,59.83,455.59,No
CUST03870,Female,0,Yes,49,Month-to-month,Fiber optic,Yes,No internet service,No,Electronic check,61.56,2934.28,No
CUST03871,Female,0,No,2,Month-to-month,DSL,No internet service,No internet service,Yes,Mailed check,44.11,87.27,Yes
CUST03872,Male,1,No,22,Month-to-month,Fiber optic,No,No,Yes,Bank transfer,94.35,1892.72,Yes
CUST03873,Male,0,Yes,0,Two year,No,Yes,Yes,No,Credit card,39.55,0.0,No
CUST03874,Female,1,No,51,Month-to-month,Fiber optic,No,Yes,No,Electronic check,72.95,3467.59,No
CUST03875,Male,1,No,2,Month-to-month,DSL,No internet service,No internet service,No,Mailed check,75.34,143.84,Yes
CUST03876,Female,1,Yes,1,Month-to-month,Fiber optic,No,No internet service,No,Electronic check,41.28,37.56,No
CUST03877,Male,1,Yes,8,Two year,DSL,No,No,Yes,Electronic check,66.83,519.45,No
CUST03878,Male,1,Yes,9,One year,Fiber optic,No,No,No,Mailed check,42.26,363.46,No
CUST03879,Male,0,No,4,Month-to-month,No,Yes,No,No,Mailed check,99.78,389.08,No
CUST03880,Male,0,No,17,Month-to-month,Fiber optic,Yes,No internet service,No,Electronic check,36.53,581.14,No
CUST03881,Female,0,No,11,One year,Fiber optic,No,No,Yes,Electronic check,48.65,503.1,Yes
CUST03882,Female,0,No,0,Two year,Fiber optic,No,No,No,Credit card,34.39,0.0,No
CUST03883,Female,0,Yes,7,Month-to-month,DSL,No internet service,Yes,No,Credit card,31.06,201.48,No
CUST03884,Female,0,Yes,33,Two year,DSL,No,Yes,Yes,Electronic check,104.78,3243.85,No
CUST03885,Male,0,Yes,23,Two year,No,Yes,No,Yes,Bank transfer,78.57,1628.84,No
CUST03886,Female,1,Yes,25,Two year,Fiber optic,No,No internet service,Yes,Electronic check,68.51,1636.59,No
CUST03887,Female,0,No,23,One year,DSL,No,Yes,No,Credit card,48.59,1100.97,No
CUST03888,Female,0,No,7,One year,DSL,No,Yes,No,Bank transfer,87.69,554.16,No
CUST03889,Female,0,Yes,2,Month-to-month,Fiber optic,No,No,Yes,Credit card,44.39,85.35,No
CUST03890,Male,0,Yes,6,One year,Fiber optic,Yes,No,No,Electronic check,84.84,501.17,No
CUST03891,Female,1,Yes,35,Month-to-month,No,Yes,No,Yes,Bank transfer,43.19,1435.15,Yes
CUST03892,Male,0,No,72,One year,DSL,No,No,Yes,Mailed check,48.89,3278.26,No
CUST03893,Male,0,No,13,Month-to-month,No,Yes,No,Yes,Electronic check,83.96,1091.11,No
CUST03894,Male,0,No,0,One year,Fiber optic,No,No internet service,Yes,Electronic check,86.6,0.0,Yes
CUST03895,Male,0,Yes,3,Two year,Fiber optic,No,Yes,Yes,Bank transfer,79.94,220.88,No
CUST03896,Male,0,Yes,7,Month-to-month,Fiber optic,No internet service,No,No,Bank transfer,38.76,268.21,No
CUST03897,Female,0,Yes,17,Two year,DSL,No internet service,Yes,Yes,Electronic check,53.83,850.81,No
CUST03898,Male,0,No,1,Month-to-month,No,No internet service,No internet service,Yes,Bank transfer,68.92,67.68,Yes
CUST03899,Male,0,No,57,Two year,DSL,No internet service,No internet service,No,Electronic check,43.77,2328.53,No
CUST03900,Male,1,No,9,Month-to-month,DSL,No internet service,No,No,Electronic check,99.27,876.63,No
CUST03901,Female,0,No,48,Month-to-month,No,No,Yes,No,Bank transfer,18.0,836.85,No
CUST03902,Male,0,No,30,Two year,Fiber optic,No internet service,Yes,Yes,Electronic check,45.53,1293.31,No
CUST03903,Female,0,Yes,28,Month-to-month,No,No,No,No,Mailed check,52.26,1393.47,No
CUST03904,Male,0,Yes,18,Two year,Fiber optic,No internet service,Yes,Yes,Mailed check,18.0,297.36,No
CUST03905,Female,1,No,19,Month-to-month,Fiber optic,Yes,No,Yes,Bank transfer,30.09,521.16,No
CUST03906,Male,0,Yes,20,Month-to-month,No,No,No,No,Mailed check,80.63,1566.95,No
CUST03907,Female,1,Yes,19,Month-to-month,DSL,No internet service,No,Yes,Credit card,65.76,1230.52,Yes
CUST03908,Female,0,No,16,One year,No,No,No internet service,No,Mailed check,104.33,1622.87,No
CUST03909,Female,0,No,72,Month-to-month,DSL,Yes,No,No,Bank transfer,103.63,7396.35,No
CUST03910,Female,0,No,26,Month-to-month,No,No,No internet service,Yes,Electronic check,75.83,1949.91,No
CUST03911,Male,0,Yes,30,Month-to-month,DSL,No,Yes,No,Mailed check,72.83,2136.44,No
CUST03912,Female,0,Yes,41,Month-to-month,Fiber optic,No,Yes,Yes,Bank transfer,66.65,2704.81,No
CUST03913,Female,0,No,4,Two year,No,No,No,Yes,Electronic check,18.0,66.0,Yes
CUST03914,Male,0,No,1,Two year,Fiber optic,Yes,No,No,Mailed check,30.14,29.33,Yes
CUST03915,Male,0,No,13,Month-to-month,Fiber optic,No internet service,Yes,No,Electronic check,67.52,856.14,No
CUST03916,Female,0,No,14,One year,No,No,No,Yes,Electronic check,80.4,1030.37,Yes
CUST03917,Male,0,No,35,Month-to-month,Fiber optic,Yes,No,No,Electronic check,72.24,2505.54,Yes
CUST03918,Female,0,Yes,11,One year,No,No internet service,No internet service,Yes,Bank transfer,42.69,423.04,Yes
CUST03919,Female,1,Yes,16,Two year,Fiber optic,No,No,Yes,Bank transfer,88.44,1335.03,Yes
CUST03920,Female,0,Yes,14,Two year,DSL,No,No,No,Electronic check,102.06,1289.03,No
CUST03921,Male,0,No,0,Month-to-month,DSL,No internet service,No internet service,Yes,Mailed check,88.45,0.0,No
CUST03922,Male,0,Yes,19,One year,DSL,No internet service,No,No,Electronic check,89.74,1604.83,Yes
CUST03923,Female,0,No,35,Month-to-month,DSL,No,No,No,Electronic check,51.02,1718.39,No
CUST03924,Female,0,No,3,Two year,Fiber optic,Yes,No,No,Credit card,91.9,269.26,No
CUST03925,Female,1,Yes,18,Month-to-month,DSL,Yes,No,No,Bank transfer,68.64,1206.93,No
CUST03926,Male,1,No,18,One year,DSL,No internet service,Yes,No,Electronic check,77.79,1361.32,Yes
CUST03927,Male,1,No,3,One year,DSL,No internet service,Yes,No,Electronic check,74.14,202.44,No
CUST03928,Male,0,No,2,One year,No,No,No,Yes,Credit card,61.96,116.7,No
CUST03929,Male,0,No,72,Month-to-month,Fiber optic,No,No,No,Electronic check,43.5,3074.36,No
CUST03930,Female,0,Yes,10,Two year,Fiber optic,No,Yes,Yes,Electronic check,62.95,607.74,No
CUST03931,Female,0,Yes,5,Month-to-month,No,No internet service,Yes,Yes,Bank transfer,89.67,434.05,No
CUST03932,Female,0,Yes,3,One year,DSL,No,Yes,Yes,Bank transfer,53.96,149.37,Yes
CUST03933,Female,0,No,22,Month-to-month,No,No,No,No,Mailed check,87.33,1791.59,Yes
CUST03934,Male,0,No,18,Month-to-month,Fiber optic,No,No,Yes,Credit card,83.43,1495.1,Yes
CUST03935,Female,0,No,20,Month-to-month,DSL,Yes,No,Yes,Electronic check,57.53,1132.99,No
CUST03936,Male,0,Yes,1,Month-to-month,Fiber optic,Yes,No,Yes,Bank transfer,99.72,91.39,Yes
CUST03937,Male,0,No,44,Month-to-month,Fiber optic,No,No internet service,Yes,Electronic check,56.11,2356.43,Yes
CUST03938,Male,0,No,9,Month-to-month,Fiber optic,No,No,Yes,Bank transfer,102.74,877.55,Yes
CUST03939,Female,1,No,7,Month-to-month,No,No internet service,No,No,Credit card,75.85,501.41,Yes
CUST03940,Female,0,Yes,12,One year,DSL,No,No internet service,Yes,Mailed check,64.6,734.16,No
CUST03941,Female,0,No,9,Two year,DSL,Yes,No internet service,No,Bank transfer,42.8,371.44,No
CUST03942,Female,0,Yes,39,Month-to-month,DSL,No,No,Yes,Credit card,62.79,2440.77,Yes
CUST03943,Female,0,Yes,52,Month-to-month,DSL,Yes,No internet service,Yes,Electronic check,59.91,3076.48,No
CUST03944,Male,0,Yes,7,Month-to-month,DSL,Yes,No,No,Bank transfer,33.54,231.85,No
CUST03945,Female,0,Yes,39,Month-to-month,No,No,No,Yes,Credit card,59.56,2253.94,Yes
CUST03946,Female,0,No,30,One year,DSL,No internet service,No,Yes,Bank transfer,44.9,1214.67,No
CUST03947,Female,0,Yes,53,One year,Fiber optic,No internet service,No,No,Electronic check,79.65,3985.24,No
CUST03948,Female,0,No,5,Month-to-month,Fiber optic,No,No,Yes,Electronic check,97.66,464.43,Yes
CUST03949,Male,0,Yes,17,Month-to-month,No,No,No,Yes,Electronic check,34.33,574.42,Yes
CUST03950,Male,0,Yes,6,Month-to-month,No,No internet service,No internet service,Yes,Electronic check,107.81,641.87,No
CUST03951,Male,1,Yes,34,Two year,Fiber optic,No,No,Yes,Mailed check,61.79,1985.64,Yes
CUST03952,Female,0,Yes,0,Two year,No,No,Yes,Yes,Electronic check,40.62,0.0,Yes
CUST03953,Male,1,Yes,16,Month-to-month,Fiber optic,No,Yes,No,Electronic check,83.94,1254.04,Yes
CUST03954,Female,0,No,8,Month-to-month,No,Yes,No internet service,Yes,Mailed check,53.84,412.57,No
CUST03955,Male,0,No,7,Two year,Fiber optic,No,No internet service,Yes,Mailed check,62.96,408.77,No
CUST03956,Female,0,Yes,20,Two year,DSL,No internet service,No,No,Bank transfer,54.89,1088.0,No
CUST03957,Female,1,Yes,38,Month-to-month,Fiber optic,No,No internet service,Yes,Bank transfer,44.58,1595.56,No
CUST03958,Male,0,Yes,18,Month-to-month,Fiber optic,Yes,No internet service,Yes,Electronic check,83.1,1494.31,No
CUST03959,Male,1,No,38,Month-to-month,Fiber optic,No,No internet service,Yes,Electronic check,57.84,2002.2,No
CUST03960,Male,0,No,6,One year,DSL,No,No,Yes,Electronic check,29.08,160.31,No
CUST03961,Female,0,No,14,Month-to-month,Fiber optic,No internet service,No,Yes,Mailed check,78.78,1049.05,No
CUST03962,Female,0,Yes,11,Month-to-month,No,Yes,Yes,No,Electronic check,34.86,378.41,No
CUST03963,Female,0,Yes,0,One year,DSL,No,No internet service,No,Bank transfer,36.17,0.0,No
CUST03964,Female,0,Yes,16,Month-to-month,Fiber optic,No,No internet service,Yes,Electronic check,94.82,1492.46,No
CUST03965,Female,0,No,21,One year,Fiber optic,No internet service,No,No,Credit card,35.09,694.55,Yes
CUST03966,Male,0,Yes,17,Month-to-month,No,No,No,Yes,Mailed check,18.0,301.5,No
CUST03967,Female,0,No,26,Month-to-month,No,No internet service,No,Yes,Mailed check,80.57,1943.45,No
CUST03968,Female,0,No,16,One year,Fiber optic,Yes,No,Yes,Credit card,57.4,869.9,No
CUST03969,Male,0,No,1,Month-to-month,Fiber optic,Yes,No,Yes,Bank transfer,59.56,55.26,No
CUST03970,Male,0,Yes,2,Two year,DSL,No,No,Yes,Bank transfer,57.14,105.31,No
CUST03971,Female,0,No,18,Month-to-month,Fiber optic,No,Yes,No,Credit card,70.79,1200.46,No
CUST03972,Female,0,Yes,6,Month-to-month,Fiber optic,No,No internet service,No,Mailed check,46.18,258.65,Yes
CUST03973,Female,1,No,1,One year,No,Yes,No,Yes,Credit card,101.9,99.73,No
CUST03974,Female,0,Yes,11,Month-to-month,Fiber optic,No,No internet service,Yes,Mailed check,28.09,301.19,Yes
CUST03975,Female,1,Yes,16,Two year,DSL,No,No,Yes,Credit card,76.12,1139.8,Yes
CUST03976,Male,0,Yes,7,Month-to-month,Fiber optic,No,Yes,No,Electronic check,81.05,566.91,No
CUST03977,Female,0,No,25,Month-to-month,DSL,Yes,Yes,Yes,Electronic check,46.01,1147.24,No
CUST03978,Male,0,Yes,20,Month-to-month,DSL,No internet service,No internet service,Yes,Bank transfer,39.41,781.72,No
CUST03979,Male,0,Yes,8,Month-to-month,DSL,No,No,Yes,Electronic check,90.43,693.53,Yes
CUST03980,Female,0,Yes,28,Two year,DSL,Yes,Yes,Yes,Electronic check,40.23,1060.24,No
CUST03981,Male,0,Yes,20,Two year,No,No,Yes,Yes,Electronic check,49.83,928.14,No
CUST03982,Female,0,No,20,Month-to-month,DSL,No,No,No,Bank transfer,87.18,1571.86,Yes
CUST03983,Female,0,Yes,16,Month-to-month,DSL,No,No,Yes,Credit card,65.87,1015.12,No
CUST03984,Male,0,No,0,Two year,No,No,Yes,Yes,Bank transfer,20.07,0.0,No
CUST03985,Male,0,No,23,Two year,Fiber optic,No internet service,No,No,Credit card,108.68,2407.12,No
CUST03986,Male,0,No,9,Month-to-month,DSL,No internet service,No,Yes,Mailed check,51.75,446.0,No
CUST03987,Female,1,Yes,57,Month-to-month,DSL,Yes,No,No,Electronic check,54.93,2861.03,No
CUST03988,Male,0,Yes,34,Month-to-month,DSL,Yes,No internet service,Yes,Electronic check,71.39,2353.32,No
CUST03989,Male,0,No,17,Two year,DSL,Yes,No,Yes,Bank transfer,80.63,1283.04,No
CUST03990,Male,0,No,5,Month-to-month,DSL,No,No internet service,Yes,Electronic check,114.03,542.57,Yes
CUST03991,Male,0,Yes,4,Month-to-month,Fiber optic,Yes,Yes,Yes,Electronic check,23.5,88.04,Yes
CUST03992,Male,0,No,8,One year,DSL,No internet service,No,Yes,Mailed check,85.65,618.19,No
CUST03993,Male,0,No,12,Month-to-month,Fiber optic,No,Yes,Yes,Bank transfer,83.58,990.58,No
CUST03994,Male,0,Yes,7,Month-to-month,No,No,No,Yes,Mailed check,61.57,394.3,No
CUST03995,Male,0,No,14,Month-to-month,Fiber optic,No,No internet service,No,Credit card,84.68,1135.99,Yes
CUST03996,Female,0,No,3,Month-to-month,No,No internet service,No internet service,Yes,Bank transfer,88.36,261.98,Yes
CUST03997,Female,0,Yes,72,Month-to-month,Fiber optic,Yes,No,No,Bank transfer,30.45,2021.68,No
CUST03998,Male,0,Yes,2,Month-to-month,Fiber optic,No,No,Yes,Credit card,108.74,204.69,No
CUST03999,Female,0,Yes,53,Month-to-month,Fiber optic,No,No,No,Electronic check,26.03,1293.74,Yes
CUST04000,Female,0,Yes,48,One year,DSL,No,No,Yes,Bank transfer,36.62,1597.67,No
CUST04001,Female,0,No,14,Two year,DSL,No,Yes,Yes,Credit card,58.46,771.26,No
CUST04002,Male,1,No,25,One year,Fiber optic,Yes,No,Yes,Bank transfer,113.12,2680.8,Yes
CUST04003,Female,0,No,11,Month-to-month,Fiber optic,No,No,No,Credit card,57.29,568.85,No
CUST04004,Female,1,No,19,Month-to-month,Fiber optic,No internet service,Yes,No,Mailed check,64.2,1157.36,No
CUST04005,Male,0,Yes,8,Month-to-month,No,Yes,Yes,Yes,Bank transfer,100.8,733.33,Yes
CUST04006,Male,0,Yes,7,Month-to-month,Fiber optic,No,Yes,No,Electronic check,57.49,398.1,Yes
CUST04007,Female,0,No,17,Month-to-month,Fiber optic,Yes,No,Yes,Credit card,35.54,583.04,No
CUST04008,Female,0,No,13,One year,Fiber optic,No,Yes,Yes,Credit card,54.57,642.47,No
CUST04009,Female,0,No,17,Month-to-month,No,No,No,No,Credit card,99.27,1658.4,Yes
CUST04010,Male,0,No,6,Month-to-month,No,No,No,Yes,Bank transfer,66.77,375.04,No
CUST04011,Male,0,Yes,9,Month-to-month,No,No,No,Yes,Electronic check,113.27,940.49,Yes
CUST04012,Female,0,No,1,One year,DSL,Yes,No internet service,No,Electronic check,83.45,77.22,No
CUST04013,Female,0,No,1,Month-to-month,Fiber optic,No,No,No,Credit card,48.88,46.91,Yes
CUST04014,Male,1,Yes,5,One year,DSL,No,No,Yes,Mailed check,66.28,300.96,No
CUST04015,Male,1,Yes,1,Month-to-month,DSL,Yes,No internet service,Yes,Electronic check,43.67,39.56,No
CUST04016,Male,0,No,2,Two year,No,No,No,Yes,Bank transfer,48.29,92.98,No
CUST04017,Female,0,Yes,33,Two year,DSL,Yes,No internet service,Yes,Mailed check,120.0,3952.84,No
CUST04018,Female,0,Yes,0,Month-to-month,No,No internet service,No,Yes,Bank transfer,90.47,0.0,Yes
CUST04019,Male,0,No,21,Month-to-month,DSL,Yes,Yes,No,Mailed check,86.53,1710.52,No
CUST04020,Male,0,No,6,Month-to-month,No,No,No,Yes,Bank transfer,49.42,294.95,No
CUST04021,Female,1,No,41,Month-to-month,DSL,Yes,Yes,No,Credit card,104.24,3949.45,No
CUST04022,Female,0,No,13,One year,Fiber optic,No,Yes,No,Electronic check,92.49,1111.05,No
CUST04023,Female,1,No,7,Two year,DSL,No,Yes,No,Electronic check,112.04,776.84,No
CUST04024,Female,0,No,14,One year,Fiber optic,No,Yes,Yes,Mailed check,110.83,1496.84,No
CUST04025,Female,0,Yes,9,Two year,DSL,No,No,No,Credit card,28.02,228.32,No
CUST04026,Female,0,No,16,Month-to-month,Fiber optic,Yes,No internet service,No,Mailed check,37.25,576.57,No
CUST04027,Male,0,Yes,2,Month-to-month,DSL,Yes,No internet service,Yes,Mailed check,39.91,78.38,No
CUST04028,Male,0,Yes,72,One year,DSL,No internet service,Yes,Yes,Bank transfer,41.4,2764.38,No
CUST04029,Male,0,No,11,Month-to-month,DSL,No,No,Yes,Mailed check,73.09,754.38,No
CUST04030,Female,0,Yes,8,One year,Fiber optic,No,Yes,Yes,Credit card,50.83,374.01,Yes
CUST04031,Female,1,No,24,Month-to-month,No,No internet service,No,Yes,Credit card,116.81,2700.65,Yes
CUST04032,Male,1,Yes,9,Month-to-month,No,Yes,No internet service,No,Mailed check,112.62,979.54,No
CUST04033,Female,0,No,35,Two year,DSL,No,Yes,No,Bank transfer,64.84,2058.01,No
CUST04034,Male,0,Yes,12,Month-to-month,Fiber optic,Yes,No internet service,Yes,Electronic check,113.88,1322.52,Yes
CUST04035,Male,0,Yes,25,Two year,Fiber optic,Yes,No internet service,No,Bank transfer,102.2,2467.74,Yes
CUST04036,Male,1,Yes,2,Two year,DSL,Yes,No,Yes,Bank transfer,53.73,97.09,No
CUST04037,Male,0,Yes,37,One year,Fiber optic,No internet service,No,No,Mailed check,18.0,636.39,No
CUST04038,Male,0,No,26,One year,Fiber optic,No,No,No,Electronic check,59.55,1488.53,No
CUST04039,Female,0,No,4,One year,DSL,Yes,No internet service,No,Credit card,48.88,184.38,No
CUST04040,Male,0,No,3,Two year,DSL,Yes,No,Yes,Mailed check,70.16,208.4,No
CUST04041,Female,0,Yes,7,Month-to-month,DSL,Yes,No,No,Bank transfer,67.23,439.0,No
CUST04042,Female,0,Yes,72,Month-to-month,Fiber optic,No internet service,No,Yes,Electronic check,66.58,4346.59,No
CUST04043,Male,0,Yes,5,One year,DSL,No,No,Yes,Mailed check,78.09,377.64,No
CUST04044,Female,0,Yes,12,Month-to-month,DSL,No internet service,No internet service,Yes,Credit card,34.69,399.85,Yes
CUST04045,Male,1,No,0,Month-to-month,DSL,No internet service,No internet service,Yes,Mailed check,75.28,0.0,Yes
CUST04046,Female,0,Yes,10,Month-to-month,DSL,No internet service,No,Yes,Bank transfer,54.01,498.58,No
CUST04047,Female,0,No,16,One year,DSL,Yes,No,Yes,Electronic check,70.0,1052.3,No
CUST04048,Female,0,Yes,61,Two year,No,Yes,No internet service,Yes,Mailed check,88.94,5133.01,No
CUST04049,Male,0,No,14,Month-to-month,DSL,No,Yes,No,Credit card,34.39,474.79,No
CUST04050,Female,0,No,34,Two year,Fiber optic,No,No,Yes,Bank transfer,57.97,1855.59,Yes
CUST04051,Male,0,Yes,15,One year,Fiber optic,No,No,Yes,Credit card,62.04,909.4,No
CUST04052,Female,1,No,0,Two year,Fiber optic,Yes,No,Yes,Credit card,52.14,0.0,No
CUST04053,Female,0,No,7,One year,Fiber optic,No internet service,No,No,Credit card,87.5,576.35,Yes
CUST04054,Female,0,No,17,One year,DSL,Yes,No,Yes,Credit card,46.99,731.33,No
CUST04055,Male,0,No,60,Month-to-month,No,Yes,No,No,Electronic check,51.11,3051.17,No
CUST04056,Female,0,No,39,Two year,Fiber optic,No,Yes,No,Credit card,47.25,1691.23,No
CUST04057,Female,0,No,5,Month-to-month,No,Yes,Yes,Yes,Electronic check,92.3,434.69,Yes
CUST04058,Male,1,Yes,4,Two year,Fiber optic,Yes,Yes,Yes,Electronic check,52.69,191.42,No
CUST04059,Female,0,Yes,4,Two year,No,Yes,Yes,Yes,Electronic check,76.5,303.59,No
CUST04060,Male,0,Yes,51,Month-to-month,Fiber optic,Yes,No,Yes,Electronic check,114.39,5614.43,No
CUST04061,Female,0,Yes,38,Month-to-month,No,Yes,No,No,Bank transfer,63.13,2389.93,No
CUST04062,Female,0,No,29,One year,Fiber optic,Yes,Yes,Yes,Mailed check,92.8,2433.46,No
CUST04063,Male,0,Yes,9,Month-to-month,Fiber optic,No,No,No,Electronic check,106.78,881.73,Yes
CUST04064,Female,0,No,14,Two year,Fiber optic,No,No,No,Mailed check,90.68,1190.82,No
CUST04065,Male,0,Yes,12,Month-to-month,No,No,Yes,Yes,Mailed check,64.58,745.62,No
CUST04066,Female,1,Yes,5,Month-to-month,No,No,No,Yes,Bank transfer,81.05,378.08,No
CUST04067,Male,1,No,14,Two year,DSL,Yes,No,Yes,Electronic check,32.82,446.24,No
CUST04068,Male,0,Yes,0,One year,Fiber optic,Yes,Yes,Yes,Electronic check,45.5,0.0,Yes
CUST04069,Male,0,No,2,Two year,DSL,No internet service,Yes,Yes,Electronic check,49.88,95.78,No
CUST04070,Female,0,No,43,Month-to-month,Fiber optic,No,No internet service,No,Electronic check,120.0,4849.35,Yes
CUST04071,Female,0,No,27,One year,DSL,Yes,No,No,Bank transfer,44.69,1147.29,No
CUST04072,Male,0,No,10,One year,DSL,No internet service,No,No,Mailed check,44.31,424.03,No
CUST04073,Male,0,No,14,One year,No,No,No,No,Electronic check,38.9,493.4,Yes
CUST04074,Female,0,No,9,One year,DSL,Yes,No internet service,Yes,Mailed check,79.0,705.6,No
CUST04075,Female,0,Yes,27,One year,Fiber optic,No internet service,No internet service,No,Mailed check,68.57,1811.79,No
CUST04076,Female,0,No,30,Month-to-month,Fiber optic,No,No,Yes,Credit card,92.17,2610.93,Yes
CUST04077,Female,1,No,28,Month-to-month,DSL,No internet service,No,Yes,Electronic check,81.78,2186.22,No
CUST04078,Male,0,No,25,One year,DSL,Yes,No,Yes,Credit card,30.49,688.51,No
CUST04079,Male,0,Yes,4,Month-to-month,Fiber optic,Yes,Yes,No,Bank transfer,44.82,170.28,No
CUST04080,Female,0,No,8,One year,DSL,No,No internet service,Yes,Electronic check,99.13,747.54,No
CUST04081,Male,0,No,12,Month-to-month,No,Yes,No,Yes,Credit card,59.92,674.06,No
CUST04082,Male,0,Yes,8,One year,No,Yes,No,No,Bank transfer,94.69,743.53,Yes
CUST04083,Male,0,No,28,One year,DSL,No,No internet service,No,Bank transfer,61.26,1574.96,No
CUST04084,Female,0,No,7,Month-to-month,DSL,Yes,Yes,Yes,Mailed check,40.81,262.14,No
CUST04085,Female,1,No,2,Month-to-month,Fiber optic,No internet service,Yes,Yes,Bank transfer,57.42,109.35,Yes
CUST04086,Female,0,Yes,10,Month-to-month,Fiber optic,No,No,No,Electronic check,40.8,395.24,No
CUST04087,Male,0,Yes,72,One year,DSL,No internet service,No,Yes,Electronic check,50.86,3303.95,No
CUST04088,Female,0,No,5,Two year,DSL,No,No,No,Credit card,70.02,334.2,No
CUST04089,Female,0,No,18,Month-to-month,Fiber optic,No,Yes,Yes,Credit card,77.79,1302.02,Yes
CUST04090,Male,1,Yes,11,One year,No,No,No,No,Electronic check,25.25,271.0,No
CUST04091,Female,0,Yes,1,Month-to-month,Fiber optic,No,Yes,No,Credit card,64.57,61.14,No
CUST04092,Male,0,Yes,13,Month-to-month,Fiber optic,No,No,No,Bank transfer,50.33,643.43,Yes
CUST04093,Male,0,No,24,Two year,No,Yes,Yes,Yes,Electronic check,48.79,1100.35,No
CUST04094,Female,0,No,14,Month-to-month,Fiber optic,Yes,No,Yes,Mailed check,68.32,939.94,Yes
CUST04095,Female,0,No,41,Month-to-month,Fiber optic,Yes,No internet service,No,Mailed check,51.24,2041.28,No
CUST04096,Female,0,No,6,Month-to-month,Fiber optic,No,No internet service,Yes,Bank transfer,99.55,587.04,No
CUST04097,Male,0,No,1,Month-to-month,No,No,No,No,Credit card,94.7,92.92,Yes
CUST04098,Male,0,No,55,Month-to-month,Fiber optic,Yes,No,No,Electronic check,94.55,4933.15,Yes
CUST04099,Female,0,Yes,9,Month-to-month,No,No,No,Yes,Bank transfer,52.63,443.74,Yes
CUST04100,Female,0,No,17,One year,Fiber optic,No internet service,No,No,Bank transfer,40.94,679.63,No
CUST04101,Female,1,Yes,31,Month-to-month,Fiber optic,No,No internet service,Yes,Credit card,67.05,1945.84,No
CUST04102,Male,0,No,7,Month-to-month,DSL,No internet service,No internet service,No,Electronic check,61.24,389.64,No
CUST04103,Male,0,Yes,25,Month-to-month,DSL,No internet service,No internet service,No,Mailed check,49.78,1226.93,No
CUST04104,Male,0,Yes,2,Month-to-month,Fiber optic,Yes,No internet service,Yes,Credit card,35.61,66.93,No
CUST04105,Male,0,Yes,6,One year,DSL,No internet service,Yes,Yes,Electronic check,63.96,350.47,No
CUST04106,Male,0,No,3,Two year,Fiber optic,Yes,No,No,Mailed check,54.9,158.88,Yes
CUST04107,Male,0,Yes,33,Month-to-month,DSL,No internet service,No internet service,Yes,Credit card,82.21,2683.03,No
CUST04108,Female,1,Yes,5,Two year,No,No,No internet service,Yes,Electronic check,81.63,402.48,Yes
CUST04109,Female,0,No,25,One year,DSL,No,No internet service,No,Credit card,92.52,2209.94,Yes
CUST04110,Female,0,No,57,One year,No,No,No,Yes,Electronic check,33.52,1736.4,No
CUST04111,Male,0,Yes,15,Month-to-month,Fiber optic,No internet service,No,Yes,Electronic check,75.03,1091.3,No
CUST04112,Male,0,Yes,15,Month-to-month,DSL,No,Yes,Yes,Electronic check,46.81,674.68,No
CUST04113,Female,0,Yes,12,Month-to-month,Fiber optic,No,No,Yes,Electronic check,34.49,381.19,Yes
CUST04114,Male,1,No,7,One year,DSL,Yes,No,No,Electronic check,54.28,376.18,Yes
CUST04115,Male,0,No,12,Month-to-month,DSL,No,No internet service,No,Bank transfer,91.72,1000.11,Yes
CUST04116,Male,0,Yes,18,Two year,Fiber optic,Yes,No internet service,No,Electronic check,55.69,939.57,Yes
CUST04117,Female,0,No,72,Month-to-month,DSL,No,No,Yes,Credit card,104.14,6819.15,No
CUST04118,Female,0,Yes,55,Month-to-month,No,No,Yes,No,Mailed check,78.72,4291.48,No
CUST04119,Female,0,Yes,39,One year,DSL,No,No,Yes,Mailed check,55.15,1943.38,Yes
CUST04120,Male,0,No,43,Month-to-month,Fiber optic,No,No,Yes,Mailed check,94.0,3809.89,No
CUST04121,Female,0,Yes,12,Month-to-month,Fiber optic,No,Yes,No,Bank transfer,76.13,900.93,No
CUST04122,Male,0,No,21,One year,Fiber optic,No internet service,Yes,Yes,Mailed check,41.69,809.95,No
CUST04123,Female,0,No,45,Two year,Fiber optic,Yes,No internet service,Yes,Electronic check,111.47,4567.21,No
CUST04124,Female,0,Yes,9,One year,Fiber optic,No internet service,Yes,Yes,Credit card,71.49,587.24,No
CUST04125,Female,0,No,65,One year,Fiber optic,No internet service,Yes,No,Mailed check,65.47,4002.32,No
CUST04126,Male,0,No,10,One year,Fiber optic,No internet service,No,No,Electronic check,43.61,411.18,No
CUST04127,Male,0,No,18,Two year,DSL,No internet service,No internet service,Yes,Mailed check,94.49,1652.87,No
CUST04128,Male,0,Yes,24,Month-to-month,Fiber optic,No,No internet service,Yes,Bank transfer,77.93,1727.79,No
CUST04129,Male,0,Yes,60,Month-to-month,DSL,Yes,No internet service,Yes,Electronic check,80.73,4699.38,Yes
CUST04130,Male,0,Yes,5,Month-to-month,DSL,No,No,Yes,Credit card,52.31,261.52,Yes
CUST04131,Male,0,No,27,Month-to-month,Fiber optic,No,No,No,Bank transfer,85.85,2286.48,No
CUST04132,Female,1,Yes,14,One year,Fiber optic,No internet service,No internet service,No,Bank transfer,87.8,1184.4,No
CUST04133,Male,0,Yes,6,One year,Fiber optic,No,No,No,Mailed check,48.28,287.94,No
CUST04134,Female,0,No,29,One year,Fiber optic,No,No,No,Credit card,29.58,857.06,No
CUST04135,Female,1,Yes,16,Month-to-month,DSL,No,No,No,Electronic check,79.53,1217.8,No
CUST04136,Female,0,Yes,21,One year,DSL,Yes,No internet service,No,Bank transfer,25.67,499.91,No
CUST04137,Female,0,No,7,Month-to-month,DSL,Yes,No internet service,No,Electronic check,68.8,477.51,No
CUST04138,Female,0,No,13,One year,Fiber optic,No,No,No,Bank transfer,53.82,688.76,No
CUST04139,Male,0,Yes,19,One year,Fiber optic,Yes,No,Yes,Electronic check,95.47,1647.88,Yes
CUST04140,Male,0,Yes,10,Month-to-month,DSL,Yes,No internet service,Yes,Electronic check,55.18,548.29,No
CUST04141,Female,0,Yes,4,Month-to-month,Fiber optic,No,Yes,Yes,Credit card,92.68,347.22,No
CUST04142,Male,0,Yes,65,Month-to-month,Fiber optic,No,No,No,Mailed check,52.14,3159.35,No
CUST04143,Male,0,No,14,Two year,Fiber optic,No,No,Yes,Electronic check,90.0,1177.25,No
CUST04144,Male,0,No,26,Two year,Fiber optic,No internet service,No,No,Bank transfer,116.51,2823.28,No
CUST04145,Female,0,No,10,One year,Fiber optic,Yes,No,No,Bank transfer,38.3,364.46,No
CUST04146,Male,0,No,8,Month-to-month,Fiber optic,Yes,No,Yes,Electronic check,72.3,554.09,No
CUST04147,Female,0,No,10,Month-to-month,DSL,No,No,Yes,Electronic check,120.0,1131.08,No
CUST04148,Female,0,No,10,One year,DSL,No internet service,No internet service,No,Credit card,66.66,627.44,No
CUST04149,Female,1,No,15,One year,DSL,No,No,No,Bank transfer,66.54,971.88,No
CUST04150,Male,0,No,15,Month-to-month,Fiber optic,Yes,No internet service,Yes,Mailed check,84.71,1143.97,Yes
CUST04151,Female,0,No,13,Month-to-month,No,No,No,No,Credit card,66.03,853.83,Yes
CUST04152,Male,0,Yes,2,One year,Fiber optic,No internet service,No,Yes,Mailed check,22.32,43.37,No
CUST04153,Male,0,Yes,13,Month-to-month,DSL,Yes,No,Yes,Electronic check,93.31,1177.52,No
CUST04154,Female,0,No,3,Month-to-month,Fiber optic,Yes,No,Yes,Electronic check,18.0,50.88,No
CUST04155,Female,0,Yes,2,Month-to-month,No,No,Yes,No,Mailed check,54.58,108.79,No
CUST04156,Female,0,No,53,Month-to-month,No,Yes,No,No,Credit card,95.19,4540.73,Yes
CUST04157,Female,0,No,18,Two year,Fiber optic,No,No internet service,Yes,Electronic check,56.09,916.38,No
CUST04158,Male,0,No,21,Two year,No,Yes,No,No,Electronic check,47.66,981.25,No
CUST04159,Female,0,No,10,One year,DSL,Yes,No,No,Credit card,86.98,847.07,No
CUST04160,Male,0,Yes,47,Month-to-month,DSL,No,Yes,No,Electronic check,43.72,1905.12,No
CUST04161,Female,0,Yes,20,Month-to-month,DSL,Yes,Yes,No,Bank transfer,34.44,660.89,No
CUST04162,Female,0,No,29,Month-to-month,Fiber optic,Yes,No,No,Electronic check,71.86,1986.42,Yes
CUST04163,Male,0,Yes,9,Month-to-month,DSL,No internet service,Yes,No,Bank transfer,60.43,518.15,No
CUST04164,Male,0,No,64,One year,Fiber optic,Yes,Yes,Yes,Mailed check,33.91,2082.47,No
CUST04165,Male,0,Yes,34,Month-to-month,Fiber optic,No,No,Yes,Electronic check,80.92,2749.56,No
CUST04166,Male,1,Yes,38,Month-to-month,DSL,No internet service,No,Yes,Bank transfer,76.61,2907.5,No
CUST04167,Female,0,Yes,3,Month-to-month,No,Yes,Yes,No,Bank transfer,56.01,167.72,No
CUST04168,Female,0,No,6,Month-to-month,DSL,Yes,Yes,Yes,Bank transfer,57.72,330.69,No
CUST04169,Female,0,Yes,6,Month-to-month,Fiber optic,No,Yes,Yes,Bank transfer,76.76,429.15,Yes
CUST04170,Male,0,Yes,6,Month-to-month,Fiber optic,No,Yes,Yes,Mailed check,94.76,543.55,No
CUST04171,Female,0,Yes,38,Two year,DSL,No,Yes,Yes,Mailed check,57.93,2118.28,No
CUST04172,Male,1,Yes,0,Month-to-month,Fiber optic,No internet service,No,Yes,Bank transfer,81.37,0.0,Yes
CUST04173,Male,0,Yes,1,Month-to-month,No,Yes,No,No,Bank transfer,79.13,76.22,Yes
CUST04174,Female,1,Yes,6,Two year,No,No,No,No,Bank transfer,86.98,502.15,No
CUST04175,Male,0,No,4,Two year,No,No internet service,No internet service,No,Bank transfer,65.98,261.37,No
CUST04176,Male,0,Yes,5,One year,DSL,Yes,No,No,Electronic check,42.19,194.87,No
CUST04177,Male,0,Yes,31,Two year,Fiber optic,Yes,Yes,No,Electronic check,53.44,1606.54,No
CUST04178,Male,0,No,16,Month-to-month,DSL,No,No,Yes,Electronic check,73.57,1112.47,Yes
CUST04179,Male,1,Yes,0,Month-to-month,DSL,No internet service,No internet service,Yes,Credit card,110.46,0.0,No
CUST04180,Male,0,No,11,Month-to-month,DSL,Yes,No internet service,Yes,Bank transfer,52.9,542.11,No
CUST04181,Female,1,Yes,10,One year,DSL,No,Yes,No,Bank transfer,85.12,770.96,No
CUST04182,Male,0,Yes,2,One year,No,Yes,Yes,Yes,Electronic check,56.8,105.87,Yes
CUST04183,Female,1,Yes,22,Month-to-month,DSL,No,No,No,Electronic check,67.76,1351.94,Yes
CUST04184,Male,0,No,24,Month-to-month,Fiber optic,Yes,No,No,Credit card,102.88,2450.71,No
CUST04185,Female,0,No,25,One year,Fiber optic,No,No,No,Credit card,84.11,1913.87,No
CUST04186,Female,0,Yes,26,Month-to-month,Fiber optic,No,No,Yes,Electronic check,33.97,867.09,Yes
CUST04187,Female,0,No,0,One year,No,No internet service,Yes,No,Credit card,50.69,0.0,No
CUST04188,Male,0,No,61,One year,DSL,No internet service,Yes,No,Mailed check,96.41,5567.95,No
CUST04189,Female,0,Yes,33,One year,Fiber optic,No internet service,No,Yes,Electronic check,68.55,2048.13,Yes
CUST04190,Female,0,No,46,One year,Fiber optic,Yes,No internet service,No,Bank transfer,36.28,1601.42,No
CUST04191,Female,0,No,0,Two year,DSL,Yes,Yes,No,Bank transfer,44.53,0.0,No
CUST04192,Female,0,Yes,54,Month-to-month,Fiber optic,No,No,No,Credit card,82.59,4092.66,No
CUST04193,Female,0,Yes,33,One year,No,No,No,Yes,Electronic check,89.86,2836.91,Yes
CUST04194,Male,0,No,36,One year,DSL,No,No,Yes,Electronic check,65.45,2204.55,Yes
CUST04195,Male,0,No,1,Month-to-month,DSL,Yes,No internet service,Yes,Electronic check,120.0,116.76,No
CUST04196,Male,0,Yes,26,Month-to-month,DSL,No,No,No,Electronic check,85.6,2134.63,Yes
CUST04197,Female,0,No,64,Month-to-month,Fiber optic,Yes,No,No,Mailed check,58.91,3705.9,No
CUST04198,Female,1,Yes,22,Month-to-month,Fiber optic,No,No,No,Electronic check,44.61,889.01,Yes
CUST04199,Male,0,No,16,One year,Fiber optic,Yes,Yes,No,Mailed check,40.63,600.34,No
CUST04200,Female,0,No,58,Two year,Fiber optic,No internet service,No,No,Mailed check,73.39,4072.3,No
CUST04201,Female,0,No,11,Month-to-month,No,Yes,No,No,Bank transfer,52.78,573.64,Yes
CUST04202,Female,0,No,18,Month-to-month,Fiber optic,No internet service,Yes,Yes,Bank transfer,106.84,1887.24,Yes
CUST04203,Female,0,Yes,12,Two year,No,No internet service,No,Yes,Bank transfer,101.66,1180.83,No
CUST04204,Female,0,Yes,54,Month-to-month,No,No,Yes,No,Electronic check,80.83,4178.91,No
CUST04205,Female,0,No,1,Month-to-month,Fiber optic,No internet service,Yes,No,Electronic check,35.53,34.22,Yes
CUST04206,Male,0,Yes,13,One year,Fiber optic,Yes,No,Yes,Electronic check,48.19,577.2,No
CUST04207,Female,0,Yes,23,Month-to-month,No,No,Yes,Yes,Electronic check,96.39,2127.23,Yes
CUST04208,Female,0,No,31,Month-to-month,No,No internet service,No,Yes,Electronic check,50.92,1498.61,No
CUST04209,Male,0,Yes,17,Month-to-month,DSL,Yes,No internet service,Yes,Electronic check,93.05,1484.48,No
CUST04210,Male,0,No,47,Month-to-month,DSL,No,Yes,No,Bank transfer,76.87,3572.33,No
CUST04211,Male,0,Yes,56,One year,No,No,No,Yes,Credit card,66.29,3648.92,No
CUST04212,Male,0,No,1,Month-to-month,DSL,No,No,Yes,Electronic check,47.43,43.05,No
CUST04213,Male,1,Yes,10,Month-to-month,No,No internet service,No,No,Credit card,62.64,625.51,No
CUST04214,Male,0,Yes,0,One year,Fiber optic,No,No,Yes,Electronic check,69.74,0.0,Yes
CUST04215,Male,1,No,7,Two year,DSL,Yes,No,Yes,Bank transfer,90.81,585.79,No
CUST04216,Female,1,No,15,Month-to-month,DSL,No internet service,Yes,Yes,Bank transfer,42.86,639.29,No
CUST04217,Male,0,No,48,Month-to-month,DSL,Yes,Yes,Yes,Credit card,58.43,2648.93,Yes
CUST04218,Male,0,No,37,One year,DSL,No internet service,No,Yes,Electronic check,66.12,2398.82,No
CUST04219,Male,0,Yes,2,Month-to-month,Fiber optic,No internet service,Yes,No,Electronic check,81.57,151.53,No
CUST04220,Male,0,No,1,Month-to-month,Fiber optic,No internet service,No internet service,Yes,Electronic check,42.29,41.75,No
CUST04221,Female,0,Yes,17,One year,No,No,No,No,Mailed check,32.09,536.38,No
CUST04222,Female,0,Yes,15,Two year,Fiber optic,No,Yes,Yes,Credit card,81.85,1168.75,No
CUST04223,Female,0,Yes,6,Two year,Fiber optic,No,Yes,No,Credit card,27.05,157.51,No
CUST04224,Female,0,Yes,45,One year,Fiber optic,No,No,No,Bank transfer,97.12,4354.68,No
CUST04225,Male,0,Yes,52,One year,Fiber optic,Yes,No,Yes,Mailed check,61.1,3003.1,No
CUST04226,Female,0,Yes,10,Month-to-month,Fiber optic,Yes,No internet service,No,Credit card,26.31,249.79,No
CUST04227,Male,0,No,44,One year,DSL,No,Yes,Yes,Mailed check,52.99,2266.93,No
CUST04228,Female,0,Yes,9,Month-to-month,DSL,No,Yes,No,Electronic check,74.48,629.19,No
CUST04229,Female,0,No,26,Month-to-month,DSL,No,No,No,Credit card,51.68,1338.47,No
CUST04230,Male,0,No,12,One year,DSL,No,Yes,No,Electronic check,65.5,710.58,Yes
CUST04231,Male,0,No,2,One year,Fiber optic,No,No,No,Electronic check,83.5,157.04,Yes
CUST04232,Female,0,Yes,52,Month-to-month,DSL,No,No,No,Electronic check,59.95,3028.2,No
CUST04233,Female,1,No,12,Two year,No,Yes,No,No,Bank transfer,41.57,470.38,No
CUST04234,Female,0,No,26,Month-to-month,No,No,No,No,Bank transfer,57.53,1384.98,Yes
CUST04235,Female,0,No,9,Month-to-month,No,Yes,No,Yes,Electronic check,100.37,850.35,Yes
CUST04236,Female,0,Yes,0,Month-to-month,No,No,No,Yes,Bank transfer,107.13,0.0,No
CUST04237,Male,0,Yes,2,One year,DSL,Yes,Yes,Yes,Bank transfer,18.0,34.37,No
CUST04238,Female,0,Yes,13,One year,Fiber optic,No,No,Yes,Credit card,92.28,1119.88,Yes
CUST04239,Female,0,Yes,23,Month-to-month,DSL,Yes,No,Yes,Bank transfer,71.25,1584.92,Yes
CUST04240,Female,0,No,8,One year,No,Yes,Yes,No,Credit card,88.1,677.44,No
CUST04241,Male,0,No,23,Month-to-month,No,No,Yes,Yes,Bank transfer,51.24,1126.72,No
CUST04242,Female,1,Yes,23,One year,No,Yes,Yes,No,Electronic check,20.79,449.06,No
CUST04243,Male,0,Yes,24,Month-to-month,Fiber optic,No,Yes,Yes,Electronic check,79.61,1733.37,Yes
CUST04244,Male,0,Yes,13,Month-to-month,Fiber optic,No internet service,No,No,Mailed check,41.48,518.79,No
CUST04245,Male,0,Yes,49,Two year,DSL,No,Yes,No,Electronic check,30.29,1398.09,No
CUST04246,Female,1,No,13,Month-to-month,DSL,No,No,Yes,Electronic check,32.04,392.73,Yes
CUST04247,Male,0,No,11,Month-to-month,Fiber optic,No,No,No,Mailed check,80.02,812.8,Yes
CUST04248,Female,0,Yes,4,One year,Fiber optic,Yes,No,Yes,Electronic check,68.49,253.4,No
CUST04249,Female,0,Yes,7,Two year,No,No,No,No,Electronic check,84.56,579.34,No
CUST04250,Female,0,No,0,Month-to-month,DSL,No,No,Yes,Mailed check,81.73,0.0,No
CUST04251,Female,0,Yes,20,Month-to-month,No,Yes,Yes,Yes,Bank transfer,54.48,992.55,Yes
CUST04252,Male,0,No,5,Month-to-month,Fiber optic,Yes,Yes,No,Credit card,63.24,286.03,Yes
CUST04253,Male,0,No,7,Month-to-month,No,No,Yes,No,Mailed check,52.21,337.14,Yes
CUST04254,Female,1,No,29,Month-to-month,No,No,No,Yes,Mailed check,59.74,1643.66,No
CUST04255,Female,0,Yes,7,One year,No,No internet service,Yes,No,Mailed check,40.82,274.8,No
CUST04256,Male,0,Yes,5,Two year,DSL,No,No,Yes,Electronic check,74.76,341.79,No
CUST04257,Male,0,No,3,Month-to-month,No,No,No internet service,Yes,Electronic check,91.88,260.03,No
CUST04258,Female,0,Yes,29,Month-to-month,DSL,No,Yes,Yes,Credit card,44.58,1172.92,No
CUST04259,Female,0,Yes,2,Month-to-month,DSL,No,No internet service,Yes,Mailed check,97.03,175.39,Yes
CUST04260,Male,1,No,12,Month-to-month,Fiber optic,Yes,No internet service,No,Credit card,67.84,802.96,No
CUST04261,Female,0,No,14,Two year,No,No,No internet service,No,Bank transfer,71.03,960.44,No
CUST04262,Male,0,Yes,23,Month-to-month,Fiber optic,No,No internet service,Yes,Electronic check,22.51,506.4,No
CUST04263,Female,0,Yes,20,Month-to-month,No,No,Yes,No,Mailed check,19.82,363.97,No
CUST04264,Female,0,No,33,One year,Fiber optic,No,Yes,Yes,Mailed check,68.6,2110.35,No
CUST04265,Female,0,Yes,0,Month-to-month,DSL,No,Yes,Yes,Mailed check,84.74,0.0,No
CUST04266,Female,0,Yes,7,One year,No,Yes,Yes,No,Mailed check,48.22,326.0,No
CUST04267,Female,1,No,6,Month-to-month,DSL,Yes,No,Yes,Credit card,106.75,610.71,No
CUST04268,Female,1,Yes,3,Two year,No,No internet service,No internet service,Yes,Credit card,83.37,238.89,No
CUST04269,Female,0,Yes,6,Two year,DSL,Yes,Yes,No,Credit card,42.29,232.35,No
CUST04270,Female,0,Yes,7,One year,Fiber optic,Yes,Yes,No,Electronic check,65.77,436.21,No
CUST04271,Male,0,No,14,Two year,Fiber optic,No,No,Yes,Electronic check,120.0,1650.4,Yes
CUST04272,Female,1,No,21,Month-to-month,DSL,No,Yes,Yes,Electronic check,33.94,677.78,Yes
CUST04273,Male,0,No,9,Month-to-month,Fiber optic,No,No,Yes,Electronic check,78.21,647.56,No
CUST04274,Male,0,No,25,One year,DSL,No,No,No,Mailed check,56.93,1339.76,No
CUST04275,Female,0,No,8,One year,DSL,No internet service,No internet service,No,Bank transfer,82.67,645.14,No
CUST04276,Female,0,No,6,Month-to-month,DSL,Yes,No,No,Mailed check,96.68,529.9,Yes
CUST04277,Male,0,Yes,15,Month-to-month,Fiber optic,No,No,No,Credit card,55.34,795.27,No
CUST04278,Female,0,Yes,0,Month-to-month,Fiber optic,No,Yes,No,Credit card,92.97,0.0,Yes
CUST04279,Male,0,No,1,Month-to-month,Fiber optic,Yes,No internet service,No,Electronic check,120.0,112.56,Yes
CUST04280,Male,0,Yes,10,Month-to-month,No,No,No,Yes,Credit card,66.66,602.85,No
CUST04281,Male,0,Yes,57,One year,Fiber optic,No,No,No,Mailed check,84.62,4646.37,No
CUST04282,Male,0,Yes,25,Month-to-month,Fiber optic,No,No internet service,No,Mailed check,50.24,1136.32,No
CUST04283,Male,0,No,1,Month-to-month,Fiber optic,No internet service,No,Yes,Credit card,65.48,60.19,No
CUST04284,Female,0,No,37,One year,Fiber optic,No,No,Yes,Electronic check,60.58,2028.16,Yes
CUST04285,Male,0,No,26,One year,Fiber optic,No,Yes,Yes,Credit card,84.92,2024.81,No
CUST04286,Male,0,Yes,18,Two year,DSL,No internet service,No,No,Bank transfer,95.12,1687.32,No
CUST04287,Female,0,No,34,One year,No,No,No internet service,Yes,Credit card,62.26,2060.71,No
CUST04288,Male,0,Yes,10,Month-to-month,Fiber optic,No,Yes,No,Credit card,103.34,965.39,No
CUST04289,Female,0,No,5,Two year,DSL,No,No internet service,Yes,Mailed check,103.25,510.94,No
CUST04290,Female,0,Yes,14,Month-to-month,Fiber optic,No,No,No,Electronic check,86.17,1165.99,No
CUST04291,Male,0,Yes,15,Month-to-month,DSL,No,No,Yes,Electronic check,52.1,738.34,No
CUST04292,Female,1,No,15,One year,DSL,Yes,No,No,Electronic check,49.7,676.04,No
CUST04293,Male,0,Yes,16,Two year,DSL,No internet service,Yes,Yes,Electronic check,44.69,695.79,No
CUST04294,Female,1,Yes,59,Month-to-month,Fiber optic,No,Yes,Yes,Credit card,88.73,4908.15,No
CUST04295,Female,0,No,46,Month-to-month,Fiber optic,No,Yes,Yes,Electronic check,34.71,1485.35,No
CUST04296,Female,0,Yes,41,Month-to-month,No,Yes,No,Yes,Credit card,81.92,3119.67,No
CUST04297,Male,1,No,32,Month-to-month,DSL,No,No internet service,No,Bank transfer,37.97,1094.47,No
CUST04298,Female,0,Yes,57,Month-to-month,Fiber optic,No internet service,No,No,Electronic check,85.59,4753.08,Yes
CUST04299,Male,0,Yes,2,One year,Fiber optic,No internet service,No,Yes,Mailed check,65.43,119.68,No
CUST04300,Male,0,No,6,Month-to-month,DSL,No,Yes,Yes,Mailed check,98.34,561.76,No
CUST04301,Male,0,No,13,Two year,Fiber optic,No,No,No,Mailed check,93.54,1096.37,Yes
CUST04302,Female,0,Yes,37,One year,DSL,No,No,No,Mailed check,100.88,3593.67,Yes
CUST04303,Female,0,No,14,One year,DSL,Yes,No,Yes,Electronic check,101.52,1331.67,No
CUST04304,Female,0,No,27,Two year,Fiber optic,No,No internet service,Yes,Bank transfer,68.59,1783.55,No
CUST04305,Female,0,No,2,Month-to-month,Fiber optic,No,No internet service,Yes,Mailed check,36.03,65.5,No
CUST04306,Female,0,Yes,5,Month-to-month,DSL,No internet service,No,Yes,Credit card,38.69,179.26,Yes
CUST04307,Female,0,Yes,26,One year,DSL,No,No internet service,No,Credit card,18.0,426.36,No
CUST04308,Female,1,Yes,3,Two year,DSL,No,No,No,Electronic check,37.91,109.7,No
CUST04309,Female,0,Yes,8,One year,DSL,No internet service,No internet service,Yes,Electronic check,66.72,486.18,Yes
CUST04310,Female,0,Yes,6,Month-to-month,DSL,No,No,Yes,Bank transfer,51.01,294.34,Yes
CUST04311,Female,0,Yes,8,Two year,Fiber optic,Yes,Yes,No,Credit card,60.5,442.12,No
CUST04312,Male,0,No,24,Month-to-month,Fiber optic,No,No internet service,Yes,Mailed check,77.32,1845.17,No
CUST04313,Female,0,No,9,Two year,Fiber optic,No,Yes,Yes,Electronic check,57.4,486.45,No
CUST04314,Female,1,Yes,16,Two year,Fiber optic,No,Yes,No,Electronic check,36.95,539.56,No
CUST04315,Male,0,No,2,Month-to-month,Fiber optic,No,Yes,Yes,Electronic check,63.67,115.14,Yes
CUST04316,Male,0,No,32,One year,DSL,No,No,No,Electronic check,42.54,1270.0,No
CUST04317,Female,1,Yes,9,Month-to-month,DSL,No internet service,Yes,No,Mailed check,58.23,518.38,Yes
CUST04318,Male,1,Yes,20,Month-to-month,No,No,No,No,Bank transfer,98.57,1802.61,Yes
CUST04319,Female,0,Yes,25,Month-to-month,DSL,Yes,No internet service,Yes,Electronic check,58.24,1425.55,No
CUST04320,Male,0,No,4,One year,DSL,No,Yes,No,Electronic check,109.27,411.61,No
CUST04321,Male,0,Yes,43,Two year,DSL,No,No,No,Mailed check,100.79,4248.56,No
CUST04322,Female,0,Yes,19,One year,Fiber optic,No,Yes,Yes,Credit card,50.52,947.81,No
CUST04323,Male,0,Yes,11,Month-to-month,Fiber optic,No,Yes,Yes,Mailed check,37.22,409.33,Yes
CUST04324,Female,0,No,4,Two year,No,No,No,Yes,Credit card,63.69,231.02,No
CUST04325,Female,0,No,57,Two year,No,No internet service,No internet service,No,Mailed check,93.83,5239.37,No
CUST04326,Male,0,Yes,28,Month-to-month,Fiber optic,No,Yes,Yes,Electronic check,52.75,1339.59,Yes
CUST04327,Female,0,Yes,4,Two year,Fiber optic,No,No,Yes,Electronic check,87.7,326.76,No
CUST04328,Male,1,No,8,Month-to-month,DSL,No internet service,Yes,No,Bank transfer,95.21,734.73,No
CUST04329,Female,0,No,33,Two year,DSL,Yes,No internet service,Yes,Mailed check,45.65,1423.19,Yes
CUST04330,Female,0,No,23,Month-to-month,DSL,Yes,Yes,Yes,Bank transfer,48.1,1058.2,No
CUST04331,Male,0,No,29,Month-to-month,DSL,No internet service,No,Yes,Bank transfer,82.82,2393.66,Yes
CUST04332,Female,1,Yes,11,Month-to-month,DSL,Yes,No internet service,No,Bank transfer,68.8,743.08,No
CUST04333,Male,1,Yes,25,One year,DSL,Yes,No,No,Electronic check,47.85,1120.13,No
CUST04334,Male,0,No,9,Month-to-month,DSL,No,No internet service,No,Credit card,56.2,485.57,No
CUST04335,Female,0,Yes,4,Month-to-month,No,Yes,No internet service,Yes,Mailed check,63.24,228.89,Yes
CUST04336,Male,1,Yes,20,One year,Fiber optic,No,No,No,Mailed check,25.88,489.28,No
CUST04337,Female,1,Yes,72,Two year,No,No,No,Yes,Mailed check,84.14,5820.84,No
CUST04338,Female,0,Yes,7,Month-to-month,Fiber optic,No,Yes,Yes,Bank transfer,53.03,360.62,No
CUST04339,Male,0,Yes,12,Month-to-month,Fiber optic,Yes,No internet service,No,Electronic check,18.0,213.87,Yes
CUST04340,Male,0,No,22,Month-to-month,DSL,No internet service,Yes,No,Mailed check,64.4,1315.22,No
CUST04341,Female,0,Yes,15,Month-to-month,DSL,Yes,No,No,Electronic check,46.46,690.08,No
CUST04342,Female,1,Yes,37,Two year,DSL,No,No,Yes,Mailed check,107.22,3832.86,Yes
CUST04343,Female,0,Yes,28,Two year,No,No internet service,No,Yes,Electronic check,50.36,1280.02,Yes
CUST04344,Female,0,No,1,One year,No,No,Yes,Yes,Electronic check,37.56,35.23,No
CUST04345,Male,0,No,72,Month-to-month,DSL,Yes,No,Yes,Electronic check,77.7,5301.59,No
CUST04346,Male,0,Yes,27,One year,DSL,Yes,Yes,Yes,Mailed check,48.49,1224.46,No
CUST04347,Female,0,Yes,39,One year,Fiber optic,No internet service,Yes,No,Credit card,45.51,1617.98,No
CUST04348,Male,0,No,21,Two year,DSL,No,Yes,Yes,Electronic check,77.74,1559.33,Yes
CUST04349,Male,0,Yes,38,One year,Fiber optic,No internet service,Yes,Yes,Mailed check,38.99,1352.98,No
CUST04350,Female,1,No,2,One year,DSL,No,No,Yes,Electronic check,28.57,56.65,No
CUST04351,Male,0,No,8,One year,Fiber optic,No,No,Yes,Credit card,108.15,853.54,No
CUST04352,Female,0,Yes,41,Month-to-month,DSL,Yes,Yes,No,Electronic check,79.49,3088.06,Yes
CUST04353,Male,0,No,4,Two year,Fiber optic,No internet service,No,No,Electronic check,58.39,211.79,No
CUST04354,Female,0,Yes,1,Month-to-month,DSL,No,No,No,Electronic check,64.91,62.0,No
CUST04355,Male,0,Yes,31,One year,Fiber optic,No,No,No,Credit card,77.65,2309.0,No
CUST04356,Female,0,Yes,36,Month-to-month,No,No,No internet service,Yes,Bank transfer,89.33,3180.0,No
CUST04357,Female,0,No,3,One year,DSL,Yes,Yes,No,Electronic check,46.1,125.4,No
CUST04358,Female,0,Yes,38,One year,No,No,No internet service,Yes,Electronic check,74.15,2730.94,No
CUST04359,Female,0,Yes,23,Month-to-month,No,No,No,Yes,Electronic check,52.33,1150.97,No
CUST04360,Female,0,Yes,14,Month-to-month,No,Yes,No,Yes,Electronic check,60.28,774.28,Yes
CUST04361,Male,0,No,35,One year,Fiber optic,Yes,No,Yes,Credit card,69.02,2203.54,Yes
CUST04362,Male,0,Yes,10,One year,Fiber optic,No,No,Yes,Mailed check,64.83,628.46,No
CUST04363,Male,0,Yes,4,Month-to-month,No,No,No,No,Bank transfer,83.39,311.54,Yes
CUST04364,Male,0,No,6,Month-to-month,DSL,Yes,No,Yes,Electronic check,77.18,463.08,No
CUST04365,Female,0,No,14,One year,Fiber optic,Yes,Yes,No,Bank transfer,27.3,378.15,Yes
CUST04366,Female,0,No,15,Month-to-month,No,No internet service,No,No,Electronic check,31.05,445.52,No
CUST04367,Male,0,Yes,32,Month-to-month,Fiber optic,Yes,No,No,Electronic check,55.76,1720.39,No
CUST04368,Female,0,No,31,Month-to-month,No,Yes,No,No,Bank transfer,110.72,3143.62,No
CUST04369,Male,0,Yes,17,Month-to-month,Fiber optic,No,Yes,No,Electronic check,43.71,735.19,Yes
CUST04370,Male,0,Yes,30,Month-to-month,No,Yes,Yes,Yes,Bank transfer,59.79,1696.65,No
CUST04371,Female,0,No,4,Month-to-month,Fiber optic,No,Yes,No,Credit card,51.59,196.48,Yes
CUST04372,Male,0,No,1,Month-to-month,Fiber optic,No internet service,Yes,No,Electronic check,51.15,50.5,Yes
CUST04373,Male,0,No,41,Month-to-month,Fiber optic,No,Yes,No,Credit card,69.46,2564.85,No
CUST04374,Male,0,No,1,Month-to-month,No,No,Yes,No,Electronic check,100.02,94.96,No
CUST04375,Female,0,No,5,Month-to-month,No,No internet service,Yes,No,Electronic check,76.4,367.74,No
CUST04376,Male,0,Yes,23,Month-to-month,No,Yes,No,Yes,Bank transfer,44.91,946.09,No
CUST04377,Male,1,No,10,Two year,Fiber optic,No,No internet service,No,Bank transfer,120.0,1088.2,No
CUST04378,Female,0,Yes,41,Month-to-month,DSL,No,No internet service,No,Electronic check,66.96,2617.68,No
CUST04379,Female,0,No,7,Month-to-month,DSL,No,Yes,Yes,Credit card,50.57,337.97,Yes
CUST04380,Female,1,Yes,0,Month-to-month,No,No,Yes,No,Credit card,100.3,0.0,No
CUST04381,Female,0,Yes,7,Month-to-month,Fiber optic,No,No,No,Electronic check,53.27,368.5,No
CUST04382,Female,0,No,17,One year,DSL,No,Yes,Yes,Credit card,106.57,1685.07,No
CUST04383,Female,0,Yes,9,One year,DSL,Yes,No,No,Bank transfer,43.23,370.26,No
CUST04384,Female,0,No,15,Two year,No,Yes,No,Yes,Credit card,100.75,1388.34,No
CUST04385,Male,0,No,41,One year,No,No,No,Yes,Electronic check,70.03,2587.31,Yes
CUST04386,Female,0,Yes,48,Two year,No,Yes,No internet service,Yes,Credit card,97.28,4401.43,No
CUST04387,Male,1,No,6,Month-to-month,Fiber optic,No,No internet service,No,Electronic check,112.54,643.3,Yes
CUST04388,Male,0,No,12,Month-to-month,Fiber optic,No,No internet service,Yes,Credit card,36.68,429.8,No
CUST04389,Female,1,No,15,Month-to-month,DSL,No,Yes,Yes,Bank transfer,96.89,1373.24,No
CUST04390,Male,0,No,59,Month-to-month,DSL,No,No internet service,No,Mailed check,29.78,1630.29,No
CUST04391,Male,0,Yes,72,Month-to-month,No,No,No,Yes,Electronic check,38.82,2684.42,No
CUST04392,Female,1,Yes,5,One year,DSL,No internet service,No,Yes,Credit card,44.91,210.65,No
CUST04393,Male,0,Yes,25,Month-to-month,Fiber optic,No internet service,No internet service,No,Bank transfer,77.59,1791.05,Yes
CUST04394,Male,0,Yes,9,Two year,Fiber optic,No,No internet service,Yes,Mailed check,65.83,587.16,No
CUST04395,Male,0,No,0,Two year,Fiber optic,Yes,No,No,Mailed check,60.82,0.0,No
CUST04396,Female,0,Yes,0,Month-to-month,No,No,No,Yes,Credit card,68.66,0.0,Yes
CUST04397,Female,1,No,12,Month-to-month,DSL,No,No,No,Electronic check,79.78,925.85,No
CUST04398,Female,0,No,13,Month-to-month,Fiber optic,No internet service,No,Yes,Electronic check,81.71,1041.31,No
CUST04399,Male,0,Yes,0,Month-to-month,DSL,No,No internet service,No,Credit card,92.35,0.0,No
CUST04400,Male,0,Yes,23,Month-to-month,DSL,No,No,Yes,Mailed check,110.5,2439.72,No
CUST04401,Female,0,No,6,Month-to-month,Fiber optic,No,No,Yes,Electronic check,64.47,368.24,Yes
CUST04402,Female,0,No,16,Month-to-month,DSL,No,No,No,Electronic check,51.97,813.0,No
CUST04403,Male,0,No,7,Month-to-month,Fiber optic,No,Yes,No,Credit card,80.34,545.97,Yes
CUST04404,Male,0,Yes,3,Two year,Fiber optic,Yes,No internet service,No,Electronic check,36.39,104.49,No
CUST04405,Male,0,Yes,10,One year,DSL,Yes,Yes,Yes,Bank transfer,48.03,463.86,No
CUST04406,Male,0,No,5,Two year,DSL,No,No,Yes,Credit card,89.98,412.5,No
CUST04407,Male,0,Yes,15,Month-to-month,Fiber optic,No internet service,No internet service,Yes,Electronic check,61.9,837.5,Yes
CUST04408,Female,0,No,4,Month-to-month,No,No,No,Yes,Credit card,34.8,138.24,Yes
CUST04409,Female,0,Yes,14,One year,Fiber optic,No,No internet service,Yes,Mailed check,27.75,385.99,No
CUST04410,Male,1,No,3,Month-to-month,Fiber optic,No,No internet service,No,Bank transfer,66.22,194.45,Yes
CUST04411,Male,0,Yes,22,Month-to-month,Fiber optic,No,Yes,Yes,Mailed check,93.55,1928.91,No
CUST04412,Male,0,No,28,One year,Fiber optic,Yes,No,Yes,Bank transfer,93.21,2388.24,No
CUST04413,Female,0,No,2,One year,DSL,No,No,Yes,Electronic check,67.77,126.83,Yes
CUST04414,Female,0,No,12,Month-to-month,Fiber optic,No,No,No,Electronic check,115.22,1344.79,Yes
CUST04415,Male,0,Yes,1,Month-to-month,Fiber optic,No,No,Yes,Credit card,62.38,58.23,No
CUST04416,Male,0,Yes,18,Month-to-month,Fiber optic,Yes,No,Yes,Electronic check,61.54,1085.11,Yes
CUST04417,Male,0,Yes,6,Month-to-month,Fiber optic,No,Yes,No,Credit card,18.0,104.47,No
CUST04418,Female,0,No,14,Month-to-month,No,Yes,No,Yes,Electronic check,53.82,725.6,No
CUST04419,Female,1,No,14,Month-to-month,DSL,No,Yes,Yes,Mailed check,86.3,1199.77,Yes
CUST04420,Female,0,No,51,Month-to-month,No,No,Yes,Yes,Credit card,104.1,5252.51,Yes
CUST04421,Male,1,Yes,15,Two year,Fiber optic,No,No,Yes,Electronic check,44.24,644.47,Yes
CUST04422,Male,0,No,17,One year,Fiber optic,Yes,No,Yes,Credit card,76.56,1197.3,No
CUST04423,Female,0,Yes,10,One year,DSL,No internet service,Yes,Yes,Mailed check,91.17,906.13,No
CUST04424,Female,0,Yes,59,Month-to-month,Fiber optic,No,No,Yes,Mailed check,65.28,3553.84,No
CUST04425,Female,0,No,30,Month-to-month,Fiber optic,No,No,Yes,Bank transfer,18.0,506.12,No
CUST04426,Female,0,Yes,6,Month-to-month,Fiber optic,No,No internet service,Yes,Electronic check,71.18,419.68,No
CUST04427,Male,1,No,37,Month-to-month,DSL,No,No,Yes,Electronic check,84.04,2863.41,Yes
CUST04428,Male,0,No,11,Month-to-month,Fiber optic,No,Yes,Yes,Bank transfer,41.31,437.99,No
CUST04429,Male,0,No,35,One year,DSL,No internet service,No,Yes,Electronic check,58.65,1941.46,No
CUST04430,Male,0,No,34,One year,No,No internet service,No,Yes,Electronic check,36.11,1181.58,No
CUST04431,Female,0,Yes,4,Month-to-month,No,No,No,No,Credit card,18.0,71.7,Yes
CUST04432,Male,0,No,24,Month-to-month,DSL,No,No,No,Credit card,90.68,2134.61,Yes
CUST04433,Female,0,Yes,6,Two year,No,Yes,Yes,No,Mailed check,64.91,362.04,No
CUST04434,Female,0,Yes,7,Month-to-month,No,Yes,No,No,Mailed check,104.94,665.33,Yes
CUST04435,Male,0,No,7,Month-to-month,Fiber optic,No,Yes,No,Bank transfer,86.43,603.02,No
CUST04436,Female,1,No,25,Month-to-month,Fiber optic,No internet service,No,No,Mailed check,56.14,1345.28,No
CUST04437,Female,0,Yes,5,One year,Fiber optic,No,No internet service,No,Mailed check,62.92,288.59,No
CUST04438,Male,0,Yes,0,Two year,Fiber optic,No,No,No,Credit card,79.15,0.0,No
CUST04439,Male,0,No,25,Month-to-month,DSL,Yes,Yes,No,Electronic check,89.17,2015.74,Yes
CUST04440,Male,0,Yes,3,Two year,DSL,No,No internet service,Yes,Bank transfer,73.07,201.4,No
CUST04441,Male,0,No,2,Two year,Fiber optic,No,No,Yes,Credit card,92.64,178.47,Yes
CUST04442,Female,0,Yes,5,Month-to-month,DSL,No,Yes,Yes,Bank transfer,57.58,270.7,Yes
CUST04443,Male,1,Yes,9,Month-to-month,No,Yes,No,No,Credit card,40.07,336.29,No
CUST04444,Male,0,No,12,Month-to-month,DSL,No,No,Yes,Electronic check,63.38,734.36,No
CUST04445,Male,0,No,0,Two year,Fiber optic,No internet service,Yes,No,Electronic check,70.13,0.0,Yes
CUST04446,Female,1,No,70,Month-to-month,No,No internet service,Yes,Yes,Credit card,34.96,2368.54,No
CUST04447,Male,0,No,25,One year,Fiber optic,No internet service,No,Yes,Mailed check,31.58,747.14,No
CUST04448,Female,0,Yes,7,Month-to-month,Fiber optic,No,Yes,Yes,Bank transfer,76.18,515.07,No
CUST04449,Female,0,No,7,One year,No,No internet service,No,No,Electronic check,54.84,372.2,No
CUST04450,Female,0,Yes,11,Month-to-month,No,No internet service,No,No,Bank transfer,60.85,654.29,No
CUST04451,Female,0,No,19,One year,DSL,No internet service,No,Yes,Mailed check,56.01,990.45,No
CUST04452,Female,0,Yes,3,Two year,Fiber optic,No internet service,Yes,No,Electronic check,103.02,281.69,Yes
CUST04453,Male,0,Yes,4,Two year,No,No internet service,No internet service,Yes,Mailed check,96.54,373.88,Yes
CUST04454,Male,0,Yes,39,Two year,Fiber optic,Yes,No,Yes,Bank transfer,34.07,1211.95,No
CUST04455,Female,0,No,5,Month-to-month,Fiber optic,Yes,No,Yes,Electronic check,51.68,244.5,No
CUST04456,Female,0,Yes,9,One year,DSL,No,No,No,Bank transfer,86.25,716.53,No
CUST04457,Female,0,No,41,Month-to-month,DSL,No,Yes,No,Mailed check,80.05,3062.83,No
CUST04458,Male,0,Yes,21,Month-to-month,Fiber optic,No,No,Yes,Electronic check,63.96,1272.06,No
CUST04459,Male,1,Yes,8,Month-to-month,Fiber optic,No,No,Yes,Bank transfer,36.56,289.44,Yes
CUST04460,Female,0,Yes,23,Month-to-month,No,Yes,No,No,Electronic check,47.94,1067.38,Yes
CUST04461,Female,0,Yes,0,Month-to-month,Fiber optic,Yes,Yes,Yes,Electronic check,52.08,0.0,No
CUST04462,Female,1,No,26,Two year,DSL,No,No,Yes,Mailed check,71.92,1847.38,No
CUST04463,Male,0,No,13,Month-to-month,DSL,Yes,No,Yes,Bank transfer,107.59,1328.81,No
CUST04464,Female,1,No,33,One year,No,No,No internet service,Yes,Credit card,47.83,1452.79,No
CUST04465,Female,0,Yes,61,Month-to-month,DSL,No internet service,No,No,Electronic check,39.35,2286.92,No
CUST04466,Female,1,No,52,Month-to-month,DSL,No,Yes,Yes,Mailed check,62.29,2977.01,Yes
CUST04467,Male,0,Yes,47,Month-to-month,No,No,No internet service,No,Electronic check,90.79,3997.16,No
CUST04468,Female,0,No,14,Two year,Fiber optic,Yes,No,No,Bank transfer,28.83,395.77,No
CUST04469,Female,1,Yes,8,Two year,DSL,No,No,No,Mailed check,101.34,783.04,No
CUST04470,Female,0,No,12,Two year,No,No internet service,No,Yes,Bank transfer,60.7,690.37,No
CUST04471,Female,0,No,23,Two year,No,No,No,Yes,Electronic check,46.64,989.74,No
CUST04472,Male,0,Yes,43,Month-to-month,DSL,Yes,No,No,Credit card,25.0,997.83,No
CUST04473,Female,0,Yes,4,Month-to-month,No,No internet service,Yes,No,Mailed check,82.66,329.92,No
CUST04474,Female,0,No,50,One year,Fiber optic,No internet service,No internet service,Yes,Credit card,60.72,2836.52,No
CUST04475,Female,0,Yes,33,Month-to-month,Fiber optic,Yes,Yes,Yes,Electronic check,69.27,2198.16,No
CUST04476,Male,1,No,72,Month-to-month,No,Yes,No,Yes,Mailed check,42.48,2905.55,Yes
CUST04477,Female,0,No,42,Month-to-month,No,No,Yes,No,Bank transfer,57.02,2160.89,Yes
CUST04478,Female,0,No,6,One year,DSL,Yes,No,No,Bank transfer,52.84,315.29,No
CUST04479,Female,0,No,2,One year,DSL,No internet service,No,No,Electronic check,62.49,113.58,No
CUST04480,Male,0,Yes,2,Month-to-month,DSL,No internet service,No,No,Credit card,48.26,93.23,Yes
CUST04481,Male,0,Yes,6,Month-to-month,Fiber optic,No,No,No,Electronic check,26.65,156.88,No
CUST04482,Male,0,Yes,19,One year,DSL,No,Yes,Yes,Electronic check,120.0,2222.71,No
CUST04483,Male,0,No,32,One year,Fiber optic,No,No,No,Mailed check,30.91,970.25,Yes
CUST04484,Female,1,No,45,Month-to-month,DSL,No,No,No,Mailed check,69.54,3047.85,No
CUST04485,Female,0,No,19,One year,Fiber optic,No,No,Yes,Bank transfer,20.7,371.49,No
CUST04486,Female,0,No,0,Month-to-month,DSL,No internet service,Yes,Yes,Mailed check,18.0,0.0,Yes
CUST04487,Male,0,No,4,Month-to-month,No,No internet service,No internet service,No,Mailed check,67.45,267.44,Yes
CUST04488,Male,0,No,2,One year,DSL,Yes,No,No,Mailed check,69.36,130.91,Yes
CUST04489,Male,0,Yes,9,One year,DSL,No,No,No,Mailed check,96.54,824.09,No
CUST04490,Male,0,No,13,Month-to-month,No,No,No,No,Credit card,74.99,924.73,Yes
CUST04491,Male,0,No,0,One year,Fiber optic,No,No,Yes,Credit card,61.25,0.0,No
CUST04492,Female,0,Yes,8,One year,DSL,No,Yes,No,Mailed check,41.26,300.87,No
CUST04493,Male,0,Yes,3,One year,DSL,No,No,No,Electronic check,102.48,284.75,No
CUST04494,Female,0,Yes,20,One year,Fiber optic,No,No,Yes,Credit card,88.22,1736.89,No
CUST04495,Male,0,No,12,One year,Fiber optic,No,Yes,Yes,Electronic check,33.84,387.52,Yes
CUST04496,Male,0,No,13,Month-to-month,Fiber optic,Yes,Yes,Yes,Electronic check,65.95,844.51,No
CUST04497,Female,0,Yes,11,Month-to-month,Fiber optic,No internet service,No internet service,Yes,Electronic check,68.6,735.37,No
CUST04498,Female,0,No,62,Month-to-month,DSL,Yes,No,No,Electronic check,56.36,3266.71,No
CUST04499,Female,0,Yes,4,Month-to-month,Fiber optic,Yes,No internet service,Yes,Credit card,84.3,309.73,No
CUST04500,Female,0,No,14,One year,Fiber optic,Yes,Yes,Yes,Bank transfer,85.79,1149.08,No
CUST04501,Male,0,No,26,Month-to-month,No,Yes,Yes,Yes,Credit card,60.24,1556.19,No
CUST04502,Male,0,No,16,Month-to-month,DSL,No,No internet service,No,Electronic check,57.98,912.78,Yes
CUST04503,Male,0,Yes,52,Month-to-month,Fiber optic,No,No,Yes,Mailed check,102.47,5202.6,Yes
CUST04504,Male,0,No,9,Month-to-month,DSL,No,No internet service,Yes,Credit card,88.32,776.13,No
CUST04505,Male,0,Yes,12,Month-to-month,Fiber optic,Yes,Yes,Yes,Credit card,66.81,763.86,Yes
CUST04506,Male,0,Yes,1,One year,No,Yes,No internet service,Yes,Bank transfer,24.27,22.25,No
CUST04507,Male,0,Yes,18,Month-to-month,Fiber optic,No,No,Yes,Electronic check,73.6,1230.15,Yes
CUST04508,Female,0,No,6,One year,No,No,Yes,No,Bank transfer,82.45,473.82,Yes
CUST04509,Male,0,No,3,Two year,Fiber optic,No,No,Yes,Electronic check,18.0,50.31,No
CUST04510,Female,1,No,15,Month-to-month,No,Yes,No,Yes,Mailed check,71.3,1046.14,No
CUST04511,Female,0,No,15,Month-to-month,Fiber optic,Yes,Yes,Yes,Bank transfer,54.58,767.39,No
CUST04512,Female,0,Yes,1,Month-to-month,DSL,Yes,No internet service,No,Bank transfer,59.48,54.21,Yes
CUST04513,Male,1,Yes,23,One year,DSL,Yes,No,Yes,Bank transfer,42.32,952.19,No
CUST04514,Female,0,No,19,One year,Fiber optic,No,No,No,Bank transfer,61.3,1129.54,Yes
CUST04515,Male,0,Yes,4,Month-to-month,DSL,No,Yes,No,Electronic check,99.8,369.39,No
CUST04516,Female,0,No,12,Month-to-month,Fiber optic,Yes,No,Yes,Mailed check,53.84,644.86,Yes
CUST04517,Female,0,No,25,Two year,Fiber optic,No,Yes,No,Bank transfer,89.14,2095.5,No
CUST04518,Female,1,Yes,15,Month-to-month,No,No,No,Yes,Electronic check,44.84,651.11,Yes
CUST04519,Female,1,No,10,Month-to-month,Fiber optic,No,No,Yes,Electronic check,83.97,832.18,Yes
CUST04520,Male,0,Yes,7,Two year,Fiber optic,Yes,No,Yes,Electronic check,65.04,416.85,No
CUST04521,Female,0,Yes,18,One year,No,No,No,No,Mailed check,73.8,1312.33,No
CUST04522,Male,0,No,55,Two year,No,No,Yes,Yes,Credit card,65.18,3478.76,No
CUST04523,Female,0,No,22,One year,DSL,No,No internet service,No,Electronic check,81.04,1634.47,Yes
CUST04524,Female,0,No,1,Two year,Fiber optic,No,Yes,No,Mailed check,18.0,17.4,Yes
CUST04525,Male,0,Yes,12,Month-to-month,DSL,Yes,Yes,Yes,Bank transfer,29.5,349.56,No
CUST04526,Female,0,No,44,One year,Fiber optic,No,No,No,Electronic check,75.43,3252.21,No
CUST04527,Female,1,Yes,1,Two year,Fiber optic,No,No,Yes,Credit card,18.0,17.57,Yes
CUST04528,Female,0,Yes,72,One year,No,Yes,No internet service,No,Mailed check,51.74,3412.85,No
CUST04529,Male,0,No,59,Month-to-month,Fiber optic,No,No internet service,No,Credit card,63.64,3450.86,No
CUST04530,Male,0,Yes,1,Month-to-month,Fiber optic,No internet service,No internet service,No,Electronic check,44.3,42.3,Yes
CUST04531,Male,1,No,54,Month-to-month,No,No,No,No,Electronic check,47.71,2468.17,No
CUST04532,Female,0,No,9,Month-to-month,DSL,No,Yes,No,Electronic check,71.79,642.47,No
CUST04533,Female,0,Yes,37,Month-to-month,Fiber optic,No,No,Yes,Electronic check,90.23,3161.13,Yes
CUST04534,Male,0,No,10,One year,Fiber optic,Yes,Yes,No,Credit card,41.04,381.77,No
CUST04535,Female,1,Yes,11,One year,DSL,No,Yes,Yes,Electronic check,50.62,511.76,Yes
CUST04536,Male,1,No,20,Month-to-month,Fiber optic,No,Yes,Yes,Bank transfer,46.72,846.02,Yes
CUST04537,Male,0,Yes,29,One year,DSL,No internet service,Yes,No,Electronic check,18.0,473.38,No
CUST04538,Female,0,Yes,0,Month-to-month,No,No,No,Yes,Credit card,68.54,0.0,No
CUST04539,Male,0,No,17,Month-to-month,DSL,No,No,Yes,Credit card,88.37,1378.54,No
CUST04540,Female,0,No,4,Month-to-month,DSL,No,No,Yes,Mailed check,90.42,356.31,Yes
CUST04541,Female,1,No,8,Month-to-month,Fiber optic,No internet service,No internet service,Yes,Electronic check,43.23,331.88,No
CUST04542,Male,0,Yes,8,Month-to-month,DSL,No,No,Yes,Bank transfer,33.71,266.04,No
CUST04543,Male,0,Yes,12,Month-to-month,DSL,Yes,No internet service,Yes,Electronic check,65.54,741.45,Yes
CUST04544,Male,0,No,8,Month-to-month,Fiber optic,No internet service,No,No,Electronic check,85.73,658.12,Yes
CUST04545,Female,0,No,2,Two year,Fiber optic,Yes,Yes,Yes,Bank transfer,68.87,131.2,No
CUST04546,Male,0,Yes,3,Month-to-month,Fiber optic,Yes,Yes,Yes,Credit card,72.23,216.4,No
CUST04547,Female,0,Yes,0,One year,Fiber optic,No,No,No,Credit card,93.55,0.0,No
CUST04548,Male,0,Yes,12,One year,Fiber optic,No,No internet service,No,Bank transfer,46.52,535.65,No
CUST04549,Male,0,Yes,61,One year,Fiber optic,No,Yes,No,Mailed check,59.5,3486.71,No
CUST04550,Male,0,No,2,Two year,DSL,No,No internet service,Yes,Credit card,105.87,195.83,No
CUST04551,Male,1,Yes,58,Month-to-month,DSL,Yes,No,Yes,Mailed check,60.08,3392.21,Yes
CUST04552,Female,0,Yes,26,Month-to-month,Fiber optic,No,Yes,No,Mailed check,33.32,864.83,No
CUST04553,Female,0,Yes,20,Two year,No,No,No,Yes,Credit card,48.27,881.36,No
CUST04554,Male,0,Yes,20,Month-to-month,DSL,No internet service,No,No,Electronic check,41.55,800.86,No
CUST04555,Male,0,Yes,35,One year,Fiber optic,No,Yes,Yes,Electronic check,73.93,2462.8,No
CUST04556,Male,0,No,2,One year,Fiber optic,Yes,No,No,Bank transfer,42.6,83.93,No
CUST04557,Male,0,No,14,One year,Fiber optic,No,No,Yes,Electronic check,71.78,904.43,No
CUST04558,Male,1,Yes,23,Two year,Fiber optic,Yes,No,Yes,Mailed check,46.6,979.26,No
CUST04559,Male,0,No,17,Two year,DSL,Yes,Yes,No,Mailed check,18.0,276.53,No
CUST04560,Male,0,No,35,One year,Fiber optic,No,No internet service,No,Mailed check,72.67,2330.55,No
CUST04561,Male,0,Yes,1,Month-to-month,DSL,No,Yes,No,Credit card,68.71,66.7,No
CUST04562,Male,0,Yes,23,Two year,Fiber optic,No,Yes,Yes,Electronic check,77.94,1638.4,No
CUST04563,Male,0,Yes,15,Month-to-month,No,No,No,No,Mailed check,48.18,695.41,No
CUST04564,Female,1,No,9,Month-to-month,Fiber optic,No,No internet service,Yes,Electronic check,45.51,404.19,No
CUST04565,Male,0,No,8,Two year,DSL,Yes,No,Yes,Bank transfer,75.04,542.37,No
CUST04566,Male,0,Yes,19,Month-to-month,No,Yes,No,Yes,Bank transfer,102.98,1766.2,No
CUST04567,Male,0,No,44,Month-to-month,No,Yes,No internet service,No,Mailed check,65.28,2869.4,No
CUST04568,Male,0,No,13,Month-to-month,Fiber optic,No internet service,No,Yes,Electronic check,75.61,950.82,No
CUST04569,Female,1,Yes,34,Two year,Fiber optic,No,Yes,No,Bank transfer,56.96,1770.22,No
CUST04570,Female,0,No,10,Month-to-month,DSL,No,No,Yes,Mailed check,26.41,245.79,No
CUST04571,Female,0,Yes,2,One year,No,Yes,No,Yes,Electronic check,89.19,178.11,No
CUST04572,Female,0,No,1,Month-to-month,Fiber optic,Yes,Yes,Yes,Mailed check,87.71,80.93,No
CUST04573,Female,0,Yes,1,One year,No,No internet service,No,Yes,Mailed check,82.77,80.72,No
CUST04574,Female,0,No,9,One year,DSL,No internet service,No,Yes,Credit card,60.45,502.77,No
CUST04575,Female,0,Yes,8,Month-to-month,DSL,Yes,Yes,Yes,Credit card,79.93,600.98,Yes
CUST04576,Male,0,No,25,Month-to-month,No,No internet service,Yes,Yes,Bank transfer,87.34,2157.45,Yes
CUST04577,Male,0,Yes,27,Month-to-month,Fiber optic,No,No,Yes,Credit card,105.5,2571.75,Yes
CUST04578,Female,0,No,1,Two year,DSL,Yes,No internet service,Yes,Bank transfer,89.71,83.5,No
CUST04579,Male,0,Yes,4,One year,DSL,Yes,Yes,Yes,Credit card,66.6,252.74,Yes
CUST04580,Male,0,Yes,6,Two year,Fiber optic,No,No,Yes,Electronic check,32.29,186.48,No
CUST04581,Female,0,Yes,15,Month-to-month,DSL,No,No,Yes,Mailed check,68.89,932.93,No
CUST04582,Female,0,Yes,3,One year,Fiber optic,No internet service,No,No,Bank transfer,71.41,201.6,No
CUST04583,Male,0,No,2,One year,Fiber optic,Yes,No internet service,Yes,Bank transfer,82.73,154.61,Yes
CUST04584,Female,0,No,57,One year,Fiber optic,No,No,Yes,Electronic check,98.85,5086.14,No
CUST04585,Female,0,No,32,Two year,Fiber optic,Yes,No,Yes,Electronic check,62.62,1874.67,Yes
CUST04586,Male,0,No,3,Month-to-month,No,Yes,No internet service,Yes,Electronic check,117.52,350.15,Yes
CUST04587,Female,0,Yes,10,Month-to-month,DSL,Yes,Yes,No,Electronic check,21.02,194.95,No
CUST04588,Female,0,Yes,8,One year,Fiber optic,No internet service,Yes,Yes,Electronic check,75.48,578.82,No
CUST04589,Female,0,No,31,One year,DSL,No,No,Yes,Mailed check,45.04,1298.24,No
CUST04590,Male,0,No,14,One year,Fiber optic,Yes,No,No,Credit card,18.0,229.49,No
CUST04591,Male,0,No,2,Month-to-month,No,No,Yes,No,Bank transfer,59.96,111.4,Yes
CUST04592,Female,1,Yes,26,Month-to-month,No,No,No,No,Credit card,28.57,703.51,No
CUST04593,Female,0,Yes,10,Month-to-month,Fiber optic,Yes,No,Yes,Credit card,60.96,566.7,Yes
CUST04594,Male,0,Yes,6,Month-to-month,Fiber optic,No internet service,No internet service,No,Mailed check,65.87,380.37,Yes
CUST04595,Female,0,Yes,9,One year,No,No internet service,Yes,Yes,Electronic check,92.96,832.38,No
CUST04596,Male,0,No,13,One year,No,No,No,No,Electronic check,27.31,321.99,No
CUST04597,Male,0,Yes,8,Month-to-month,No,No,No,Yes,Credit card,87.71,681.82,No
CUST04598,Male,0,No,5,Month-to-month,Fiber optic,No,No,Yes,Electronic check,67.45,303.57,No
CUST04599,Male,0,No,10,Month-to-month,No,Yes,No,Yes,Bank transfer,90.72,816.57,No
CUST04600,Male,0,No,0,Month-to-month,DSL,No,No internet service,No,Mailed check,54.21,0.0,Yes
CUST04601,Male,0,No,29,One year,DSL,Yes,Yes,No,Credit card,31.69,871.22,No
CUST04602,Male,0,Yes,3,Two year,DSL,No internet service,No,Yes,Mailed check,34.56,93.81,Yes
CUST04603,Male,0,No,0,Month-to-month,DSL,No,Yes,No,Credit card,32.7,0.0,Yes
CUST04604,Male,0,Yes,21,One year,Fiber optic,Yes,No,No,Electronic check,76.95,1459.09,No
CUST04605,Female,0,No,29,Two year,No,No,No internet service,Yes,Electronic check,101.92,2806.55,No
CUST04606,Female,0,Yes,33,Two year,Fiber optic,No,No internet service,Yes,Bank transfer,50.88,1624.66,No
CUST04607,Male,0,Yes,13,Month-to-month,Fiber optic,No internet service,No,No,Credit card,80.73,969.47,Yes
CUST04608,Female,0,Yes,4,Two year,Fiber optic,No,No internet service,Yes,Mailed check,26.91,103.11,Yes
CUST04609,Female,0,Yes,26,Month-to-month,Fiber optic,No,Yes,No,Credit card,69.51,1673.84,No
CUST04610,Male,0,No,24,Month-to-month,Fiber optic,Yes,Yes,Yes,Credit card,81.71,1806.92,No
CUST04611,Male,0,No,5,Month-to-month,No,No,No internet service,No,Credit card,28.8,141.38,Yes
CUST04612,Male,0,No,46,Month-to-month,Fiber optic,No,Yes,No,Mailed check,59.9,2571.59,No
CUST04613,Female,1,No,2,Month-to-month,Fiber optic,Yes,Yes,Yes,Mailed check,82.9,162.72,Yes
CUST04614,Male,0,No,72,Month-to-month,Fiber optic,No,No,Yes,Electronic check,18.0,1194.51,No
CUST04615,Male,0,Yes,39,Month-to-month,No,No,No,Yes,Credit card,98.39,3590.04,Yes
CUST04616,Female,0,No,23,Two year,DSL,No internet service,Yes,Yes,Credit card,73.84,1545.92,No
CUST04617,Female,0,No,55,Two year,Fiber optic,No,No internet service,Yes,Bank transfer,82.92,4330.97,No
CUST04618,Female,0,No,25,Month-to-month,Fiber optic,No,No,No,Electronic check,54.68,1282.46,Yes
CUST04619,Male,0,No,4,Two year,Fiber optic,No internet service,No,No,Electronic check,21.93,79.0,Yes
CUST04620,Female,0,Yes,11,Two year,No,No internet service,Yes,No,Credit card,78.35,815.73,No
CUST04621,Male,1,Yes,1,One year,DSL,No,No,Yes,Electronic check,62.94,57.11,No
CUST04622,Female,0,No,9,Month-to-month,Fiber optic,No,No,No,Credit card,65.8,582.54,Yes
CUST04623,Female,1,No,27,One year,No,No internet service,No internet service,Yes,Mailed check,92.19,2363.1,No
CUST04624,Female,0,No,9,Two year,Fiber optic,No,No internet service,Yes,Mailed check,84.05,733.0,No
CUST04625,Female,1,No,8,One year,Fiber optic,No,No,Yes,Credit card,113.03,888.07,Yes
CUST04626,Male,1,Yes,18,Month-to-month,DSL,Yes,No internet service,No,Electronic check,68.85,1121.71,No
CUST04627,Female,0,Yes,41,Month-to-month,DSL,No,No,Yes,Mailed check,47.72,1826.84,No
CUST04628,Male,0,Yes,0,One year,Fiber optic,Yes,Yes,No,Credit card,60.29,0.0,Yes
CUST04629,Male,0,No,9,Month-to-month,DSL,Yes,No,No,Bank transfer,75.39,614.03,No
CUST04630,Male,0,Yes,3,Month-to-month,No,No internet service,Yes,Yes,Bank transfer,90.4,245.11,Yes
CUST04631,Male,1,No,23,Month-to-month,Fiber optic,No,Yes,Yes,Bank transfer,28.32,617.35,No
CUST04632,Male,0,No,2,Two year,DSL,No,No internet service,Yes,Electronic check,65.21,123.26,Yes
CUST04633,Male,0,No,21,Two year,Fiber optic,No,No,No,Electronic check,105.24,2002.57,No
CUST04634,Female,0,Yes,6,Month-to-month,Fiber optic,Yes,Yes,Yes,Mailed check,58.99,327.83,No
CUST04635,Male,0,Yes,4,Two year,DSL,Yes,No,Yes,Mailed check,88.28,326.44,No
CUST04636,Female,0,No,55,Month-to-month,DSL,No,No internet service,Yes,Mailed check,77.33,3953.99,No
CUST04637,Female,0,No,0,One year,Fiber optic,Yes,No internet service,No,Credit card,88.9,0.0,Yes
CUST04638,Male,0,No,11,One year,Fiber optic,No,No,Yes,Electronic check,44.76,477.44,Yes
CUST04639,Female,0,No,0,Two year,Fiber optic,No internet service,No,Yes,Bank transfer,44.86,0.0,No
CUST04640,Male,1,Yes,13,Two year,Fiber optic,Yes,No,No,Electronic check,65.51,833.6,No
CUST04641,Female,0,Yes,13,Month-to-month,Fiber optic,Yes,No,Yes,Electronic check,26.69,326.77,No
CUST04642,Male,1,Yes,7,Two year,Fiber optic,No internet service,No,No,Mailed check,58.26,388.34,No
CUST04643,Male,0,No,2,Month-to-month,Fiber optic,No,No,No,Credit card,71.32,130.45,No
CUST04644,Female,0,Yes,9,One year,Fiber optic,Yes,No,Yes,Electronic check,109.62,910.9,No
CUST04645,Male,0,No,22,One year,DSL,Yes,No internet service,No,Bank transfer,75.07,1606.54,No
CUST04646,Male,0,No,30,One year,No,No,No,No,Bank transfer,80.63,2413.35,Yes
CUST04647,Female,0,Yes,15,Month-to-month,Fiber optic,No,Yes,No,Electronic check,94.11,1369.96,No
CUST04648,Male,0,No,17,Two year,No,No,No,Yes,Mailed check,40.88,629.23,No
CUST04649,Female,0,No,4,Month-to-month,Fiber optic,No,Yes,No,Credit card,60.87,222.61,Yes
CUST04650,Male,0,No,6,Month-to-month,DSL,No internet service,No,Yes,Mailed check,120.0,680.1,Yes
CUST04651,Female,1,Yes,3,One year,Fiber optic,No,Yes,Yes,Electronic check,63.02,184.0,No
CUST04652,Male,0,Yes,5,Month-to-month,Fiber optic,Yes,No,Yes,Bank transfer,92.91,425.8,No
CUST04653,Female,0,Yes,5,Two year,Fiber optic,No,No internet service,Yes,Bank transfer,89.09,434.35,No
CUST04654,Male,0,Yes,14,Month-to-month,Fiber optic,No,No,No,Electronic check,28.05,375.26,Yes
CUST04655,Male,1,Yes,16,Month-to-month,No,Yes,Yes,No,Electronic check,72.76,1137.91,No
CUST04656,Male,1,No,57,Two year,Fiber optic,Yes,No internet service,No,Electronic check,68.67,3741.04,Yes
CUST04657,Female,1,Yes,4,Month-to-month,Fiber optic,Yes,No,Yes,Electronic check,73.25,281.35,Yes
CUST04658,Male,0,No,20,Month-to-month,DSL,No,No,No,Electronic check,46.15,853.66,Yes
CUST04659,Male,1,No,33,One year,No,No,No,Yes,Mailed check,37.08,1189.4,No
CUST04660,Female,0,Yes,16,Month-to-month,No,Yes,No internet service,Yes,Mailed check,53.1,836.35,No
CUST04661,Female,1,No,5,One year,Fiber optic,No,Yes,No,Credit card,62.56,308.77,Yes
CUST04662,Male,0,No,6,Month-to-month,DSL,No,No,Yes,Bank transfer,94.62,512.62,Yes
CUST04663,Female,1,No,0,Two year,Fiber optic,No internet service,No,Yes,Credit card,110.43,0.0,Yes
CUST04664,Male,0,Yes,7,Two year,DSL,No internet service,Yes,No,Mailed check,99.91,698.64,No
CUST04665,Female,0,No,27,One year,Fiber optic,No internet service,No internet service,No,Electronic check,86.5,2239.02,Yes
CUST04666,Female,0,Yes,0,Month-to-month,DSL,No internet service,No,No,Mailed check,39.89,0.0,Yes
CUST04667,Female,0,No,4,Two year,Fiber optic,No,No,Yes,Credit card,54.78,216.44,No
CUST04668,Male,0,No,24,One year,Fiber optic,No,Yes,Yes,Electronic check,70.25,1561.96,No
CUST04669,Male,0,Yes,30,One year,Fiber optic,Yes,No,Yes,Electronic check,49.19,1334.77,No
CUST04670,Male,0,Yes,12,Month-to-month,Fiber optic,No,No internet service,No,Electronic check,79.43,898.88,No
CUST04671,Male,0,No,23,Two year,No,Yes,No,Yes,Mailed check,83.01,1737.45,Yes
CUST04672,Female,0,No,9,One year,DSL,No,No,No,Electronic check,78.41,643.25,No
CUST04673,Male,0,No,3,Month-to-month,Fiber optic,Yes,No internet service,Yes,Electronic check,90.63,257.3,No
CUST04674,Male,1,Yes,10,Month-to-month,DSL,Yes,No internet service,No,Electronic check,42.39,407.48,Yes
CUST04675,Male,0,Yes,17,Two year,DSL,Yes,No,Yes,Bank transfer,88.32,1487.24,Yes
CUST04676,Female,0,Yes,59,Month-to-month,DSL,No internet service,No,Yes,Mailed check,47.61,2726.2,No
CUST04677,Female,0,No,1,Two year,Fiber optic,Yes,No,No,Bank transfer,41.48,40.83,Yes
CUST04678,Male,0,Yes,14,One year,Fiber optic,No internet service,Yes,Yes,Mailed check,78.3,1031.72,No
CUST04679,Female,0,Yes,7,One year,No,Yes,No,Yes,Mailed check,95.4,622.3,No
CUST04680,Female,0,Yes,14,Month-to-month,Fiber optic,No,No internet service,No,Electronic check,77.2,1036.79,No
CUST04681,Female,0,No,0,Month-to-month,DSL,No,No internet service,No,Mailed check,65.52,0.0,No
CUST04682,Female,0,No,7,Two year,Fiber optic,No,No internet service,Yes,Electronic check,72.75,487.26,No
CUST04683,Female,0,No,34,Month-to-month,DSL,No internet service,Yes,No,Mailed check,68.41,2154.87,Yes
CUST04684,Male,1,No,16,One year,Fiber optic,Yes,No internet service,No,Bank transfer,36.85,552.44,No
CUST04685,Female,0,Yes,11,Month-to-month,DSL,Yes,No,No,Electronic check,33.93,352.64,No
CUST04686,Female,0,No,6,Month-to-month,DSL,No,Yes,No,Electronic check,63.03,340.9,No
CUST04687,Female,1,No,7,Month-to-month,Fiber optic,No,No,No,Electronic check,67.0,463.36,Yes
CUST04688,Male,0,No,9,Month-to-month,No,No internet service,No internet service,No,Electronic check,65.28,558.81,No
CUST04689,Female,0,Yes,36,Two year,Fiber optic,No,Yes,Yes,Electronic check,81.9,2874.99,No
CUST04690,Female,0,No,68,Month-to-month,No,No,No internet service,No,Credit card,59.61,3717.82,No
CUST04691,Female,0,No,11,Month-to-month,DSL,No,No internet service,Yes,Mailed check,79.07,831.21,Yes
CUST04692,Female,0,No,9,Month-to-month,No,No,Yes,No,Mailed check,61.39,548.43,Yes
CUST04693,Male,1,No,37,Month-to-month,Fiber optic,No,No internet service,Yes,Bank transfer,110.58,3769.98,No
CUST04694,Male,0,No,11,Month-to-month,DSL,Yes,No internet service,Yes,Bank transfer,67.02,689.0,No
CUST04695,Male,0,Yes,16,Two year,DSL,No,Yes,No,Credit card,120.0,1802.56,Yes
CUST04696,Male,1,No,5,Month-to-month,DSL,Yes,No,Yes,Credit card,73.8,346.24,Yes
CUST04697,Female,1,No,27,Month-to-month,Fiber optic,No,No,Yes,Credit card,59.66,1546.49,Yes
CUST04698,Male,0,Yes,15,Month-to-month,DSL,Yes,No,No,Credit card,42.51,598.99,No
CUST04699,Male,0,Yes,33,Two year,Fiber optic,No,No,No,Electronic check,28.93,923.57,Yes
CUST04700,Male,0,No,30,Month-to-month,No,No,No,Yes,Bank transfer,40.21,1144.12,No
CUST04701,Female,0,Yes,4,Month-to-month,DSL,Yes,No internet service,Yes,Credit card,43.01,157.55,No
CUST04702,Male,0,No,25,One year,Fiber optic,Yes,No internet service,Yes,Bank transfer,74.87,1862.12,No
CUST04703,Female,0,Yes,32,One year,Fiber optic,Yes,No,Yes,Credit card,51.85,1533.02,No
CUST04704,Female,0,No,8,Month-to-month,No,Yes,No,Yes,Electronic check,69.67,532.97,Yes
CUST04705,Female,0,No,3,Month-to-month,Fiber optic,Yes,No,Yes,Mailed check,97.05,263.8,Yes
CUST04706,Male,0,Yes,0,One year,Fiber optic,No,No,Yes,Credit card,62.8,0.0,No
CUST04707,Male,0,Yes,11,Month-to-month,Fiber optic,No,No,No,Mailed check,116.98,1277.51,No
CUST04708,Male,0,Yes,8,Two year,DSL,No,Yes,No,Bank transfer,35.6,266.7,Yes
CUST04709,Male,1,Yes,16,One year,DSL,No,Yes,Yes,Electronic check,61.24,893.71,No
CUST04710,Female,0,No,4,Month-to-month,Fiber optic,No,Yes,Yes,Bank transfer,51.52,201.34,No
CUST04711,Male,0,Yes,39,Month-to-month,DSL,Yes,No internet service,No,Credit card,88.41,3193.62,No
CUST04712,Male,1,No,5,Month-to-month,Fiber optic,No internet service,Yes,No,Mailed check,18.0,87.31,Yes
CUST04713,Male,0,No,5,One year,DSL,No internet service,Yes,Yes,Electronic check,28.92,143.37,No
CUST04714,Female,0,Yes,13,Month-to-month,Fiber optic,Yes,No,Yes,Electronic check,62.32,776.96,No
CUST04715,Female,0,Yes,13,Month-to-month,DSL,No,Yes,No,Credit card,103.78,1330.42,No
CUST04716,Female,0,Yes,4,One year,No,Yes,Yes,No,Bank transfer,70.65,260.69,Yes
CUST04717,Female,0,No,6,Two year,No,Yes,No,No,Electronic check,31.21,185.58,Yes
CUST04718,Male,1,Yes,3,Month-to-month,DSL,Yes,No,No,Electronic check,35.07,97.07,No
CUST04719,Female,0,Yes,25,Two year,DSL,No internet service,Yes,Yes,Credit card,106.82,2463.75,No
CUST04720,Female,0,Yes,29,Month-to-month,Fiber optic,No,No,Yes,Credit card,49.47,1417.4,No
CUST04721,Male,0,No,12,Month-to-month,DSL,No,No,No,Electronic check,41.43,475.03,Yes
CUST04722,Male,0,No,25,Month-to-month,Fiber optic,No,No,Yes,Electronic check,101.93,2497.14,Yes
CUST04723,Male,0,No,26,Month-to-month,DSL,No,No,Yes,Credit card,90.28,2300.92,No
CUST04724,Female,0,Yes,2,Month-to-month,No,No,Yes,Yes,Mailed check,96.85,186.86,No
CUST04725,Female,0,Yes,67,Month-to-month,No,No internet service,No,No,Credit card,41.25,2539.63,Yes
CUST04726,Male,0,Yes,34,Two year,Fiber optic,No,No,No,Mailed check,26.87,885.45,No
CUST04727,Female,0,No,4,Two year,Fiber optic,No,No internet service,Yes,Bank transfer,68.33,247.73,No
CUST04728,Male,1,Yes,4,One year,No,No,No internet service,No,Mailed check,73.38,270.06,Yes
CUST04729,Male,0,Yes,2,Month-to-month,No,No internet service,No,Yes,Credit card,74.12,142.95,Yes
CUST04730,Female,0,Yes,2,Month-to-month,No,No,No,Yes,Mailed check,101.95,202.02,Yes
CUST04731,Male,0,No,27,Month-to-month,DSL,Yes,No,Yes,Electronic check,21.66,571.47,No
CUST04732,Male,0,Yes,12,One year,DSL,No,No internet service,No,Electronic check,86.49,968.6,No
CUST04733,Female,0,No,30,Two year,Fiber optic,Yes,No internet service,Yes,Credit card,37.58,1107.52,No
CUST04734,Female,0,No,27,Month-to-month,Fiber optic,No internet service,No,Yes,Mailed check,86.39,2324.74,No
CUST04735,Female,1,Yes,18,Month-to-month,DSL,No,Yes,Yes,Mailed check,53.13,892.45,No
CUST04736,Female,0,No,23,Month-to-month,DSL,Yes,No,Yes,Mailed check,44.65,943.44,No
CUST04737,Male,1,No,0,Month-to-month,No,No,Yes,No,Electronic check,49.75,0.0,Yes
CUST04738,Female,1,No,7,Month-to-month,No,No,No internet service,Yes,Electronic check,28.86,189.91,Yes
CUST04739,Female,0,Yes,20,One year,Fiber optic,No,Yes,Yes,Electronic check,66.01,1195.09,No
CUST04740,Male,0,Yes,0,One year,No,Yes,Yes,Yes,Bank transfer,45.68,0.0,No
CUST04741,Male,0,No,0,Month-to-month,Fiber optic,Yes,No internet service,Yes,Bank transfer,84.66,0.0,No
CUST04742,Male,0,Yes,38,Month-to-month,No,Yes,Yes,Yes,Credit card,81.0,2933.48,No
CUST04743,Male,1,No,23,Two year,Fiber optic,Yes,Yes,Yes,Credit card,107.2,2458.22,No
CUST04744,Female,0,No,6,Month-to-month,DSL,No,No,Yes,Mailed check,74.16,421.01,No
CUST04745,Female,0,No,23,Month-to-month,Fiber optic,No internet service,No,Yes,Bank transfer,78.02,1617.39,Yes
CUST04746,Female,0,Yes,31,Month-to-month,Fiber optic,Yes,No,Yes,Electronic check,100.0,2935.74,No
CUST04747,Male,0,No,7,Month-to-month,Fiber optic,Yes,No,Yes,Electronic check,49.31,342.75,No
CUST04748,Male,0,No,0,Month-to-month,DSL,No,Yes,No,Electronic check,27.79,0.0,No
CUST04749,Male,0,No,53,Two year,No,No internet service,No,Yes,Mailed check,70.0,3421.72,No
CUST04750,Male,0,Yes,8,Month-to-month,DSL,No,No,No,Electronic check,29.43,228.74,No
CUST04751,Male,0,No,2,Month-to-month,DSL,Yes,No internet service,No,Electronic check,120.0,223.06,No
CUST04752,Female,1,Yes,13,One year,Fiber optic,No,No,Yes,Bank transfer,101.39,1287.13,No
CUST04753,Female,0,Yes,29,Month-to-month,Fiber optic,Yes,No,No,Mailed check,119.1,3253.34,No
CUST04754,Male,1,No,5,Two year,Fiber optic,No internet service,No,No,Bank transfer,66.56,326.01,No
CUST04755,Male,0,No,6,Two year,Fiber optic,No internet service,Yes,No,Mailed check,78.76,451.37,No
CUST04756,Female,0,Yes,5,Month-to-month,Fiber optic,No,Yes,No,Electronic check,53.51,243.0,Yes
CUST04757,Female,0,No,72,One year,Fiber optic,Yes,No,Yes,Electronic check,87.07,5884.21,No
CUST04758,Female,0,Yes,4,Month-to-month,Fiber optic,Yes,Yes,Yes,Electronic check,34.61,129.21,No
CUST04759,Male,0,Yes,17,Two year,DSL,No internet service,No,Yes,Electronic check,18.0,300.19,Yes
CUST04760,Male,0,No,51,Month-to-month,Fiber optic,No,Yes,Yes,Bank transfer,45.23,2220.2,No
CUST04761,Male,1,Yes,3,Two year,No,No,No internet service,Yes,Credit card,28.61,83.92,Yes
CUST04762,Female,0,No,70,One year,DSL,Yes,No internet service,No,Electronic check,101.95,6688.43,No
CUST04763,Female,1,No,58,Month-to-month,Fiber optic,No,No,Yes,Mailed check,110.39,6205.25,No
CUST04764,Female,0,Yes,43,Month-to-month,No,No internet service,No,Yes,Credit card,29.93,1166.69,No
CUST04765,Male,1,No,4,Two year,Fiber optic,No,No,Yes,Electronic check,97.29,351.67,Yes
CUST04766,Female,0,Yes,20,Two year,Fiber optic,Yes,No internet service,Yes,Electronic check,88.78,1649.08,No
CUST04767,Male,0,No,28,Month-to-month,No,No,Yes,Yes,Mailed check,25.76,704.96,No
CUST04768,Male,0,No,72,One year,DSL,Yes,No,No,Bank transfer,55.24,3791.97,No
CUST04769,Male,1,No,3,Month-to-month,DSL,No internet service,No,No,Bank transfer,50.5,142.54,Yes
CUST04770,Male,0,Yes,29,Month-to-month,No,No,No,Yes,Bank transfer,83.7,2402.21,No
CUST04771,Female,0,Yes,8,Month-to-month,No,No,Yes,Yes,Electronic check,34.28,260.46,No
CUST04772,Male,0,Yes,3,Month-to-month,Fiber optic,Yes,Yes,No,Mailed check,62.53,180.34,No
CUST04773,Female,0,No,10,Two year,Fiber optic,Yes,No internet service,No,Electronic check,47.85,477.82,No
CUST04774,Male,1,No,31,Month-to-month,No,No,Yes,No,Bank transfer,76.83,2267.98,No
CUST04775,Female,0,Yes,12,Two year,Fiber optic,No internet service,No,No,Credit card,59.58,699.48,No
CUST04776,Female,0,Yes,15,Month-to-month,DSL,Yes,No,Yes,Electronic check,51.62,728.91,No
CUST04777,Male,0,No,72,Month-to-month,DSL,No,Yes,No,Electronic check,59.67,3882.23,No
CUST04778,Male,1,Yes,10,Month-to-month,Fiber optic,No,No,Yes,Electronic check,115.9,1139.82,Yes
CUST04779,Male,1,Yes,19,Month-to-month,No,No,No internet service,No,Electronic check,54.58,1031.25,No
CUST04780,Female,0,No,9,Month-to-month,No,No,No,No,Electronic check,38.97,330.89,No
CUST04781,Female,0,Yes,9,Month-to-month,No,Yes,No,No,Mailed check,79.59,680.75,No
CUST04782,Male,0,No,23,One year,No,No,No,Yes,Credit card,61.41,1331.09,No
CUST04783,Male,0,Yes,55,Month-to-month,Fiber optic,No internet service,No,No,Mailed check,29.62,1628.6,No
CUST04784,Female,0,Yes,15,Month-to-month,Fiber optic,No internet service,No,No,Electronic check,120.0,1782.6,No
CUST04785,Male,0,No,29,Month-to-month,Fiber optic,No,No internet service,Yes,Electronic check,56.19,1473.26,No
CUST04786,Male,0,No,1,Two year,Fiber optic,No internet service,No,No,Electronic check,55.55,54.32,No
CUST04787,Male,0,No,4,Two year,Fiber optic,Yes,No,No,Electronic check,69.0,264.98,No
CUST04788,Male,0,Yes,13,Month-to-month,DSL,No,No,No,Bank transfer,108.25,1270.06,No
CUST04789,Female,0,No,0,Month-to-month,No,No,No,Yes,Electronic check,23.01,0.0,Yes
CUST04790,Female,0,No,5,Month-to-month,Fiber optic,Yes,Yes,No,Credit card,71.9,328.93,No
CUST04791,Male,0,Yes,14,Two year,Fiber optic,No internet service,Yes,Yes,Mailed check,117.18,1619.69,No
CUST04792,Male,0,No,0,Month-to-month,Fiber optic,No,No,No,Mailed check,68.22,0.0,No
CUST04793,Female,0,No,6,Month-to-month,Fiber optic,No,Yes,No,Mailed check,34.12,202.12,Yes
CUST04794,Male,1,No,14,Month-to-month,DSL,Yes,No,No,Bank transfer,49.54,689.46,No
CUST04795,Male,0,No,17,Month-to-month,No,Yes,No internet service,No,Mailed check,70.17,1082.31,No
CUST04796,Female,0,Yes,52,Month-to-month,DSL,No,No,Yes,Electronic check,98.27,4966.88,No
CUST04797,Female,0,No,20,One year,DSL,No,Yes,No,Electronic check,56.52,1079.41,No
CUST04798,Female,0,No,10,Month-to-month,Fiber optic,Yes,No,No,Credit card,85.67,852.78,No
CUST04799,Female,0,Yes,53,One year,Fiber optic,No internet service,Yes,Yes,Electronic check,29.12,1512.21,No
CUST04800,Female,0,No,30,Month-to-month,No,Yes,No,Yes,Mailed check,28.91,840.8,No
CUST04801,Female,0,Yes,4,Month-to-month,No,No internet service,No,Yes,Mailed check,52.93,210.14,No
CUST04802,Female,0,Yes,2,Two year,No,Yes,Yes,Yes,Electronic check,100.95,184.95,Yes
CUST04803,Male,1,Yes,22,Month-to-month,DSL,No,Yes,Yes,Electronic check,66.72,1376.24,Yes
CUST04804,Male,0,No,16,Two year,DSL,No,Yes,Yes,Electronic check,72.25,1137.84,No
CUST04805,Female,0,No,31,Month-to-month,Fiber optic,No,Yes,No,Bank transfer,71.95,2030.06,Yes
CUST04806,Male,0,Yes,26,Month-to-month,DSL,No,Yes,Yes,Mailed check,92.73,2395.42,No
CUST04807,Female,0,No,19,Two year,No,No internet service,No internet service,No,Credit card,49.74,920.98,No
CUST04808,Female,0,Yes,72,Month-to-month,Fiber optic,No,No,No,Bank transfer,82.21,5587.25,No
CUST04809,Female,0,No,15,Two year,No,No,No internet service,No,Electronic check,44.23,619.58,Yes
CUST04810,Male,0,No,2,Month-to-month,DSL,No,No,Yes,Bank transfer,114.58,209.63,Yes
CUST04811,Female,0,No,35,Two year,Fiber optic,No internet service,No,Yes,Bank transfer,44.99,1431.94,No
CUST04812,Female,0,No,5,Month-to-month,Fiber optic,No internet service,Yes,Yes,Bank transfer,42.94,202.32,Yes
CUST04813,Male,0,Yes,30,Month-to-month,DSL,No,Yes,No,Bank transfer,78.74,2325.14,No
CUST04814,Female,0,No,62,One year,Fiber optic,No,No,Yes,Bank transfer,66.99,3958.94,No
CUST04815,Male,0,No,23,Two year,Fiber optic,Yes,No internet service,Yes,Electronic check,73.17,1590.54,Yes
CUST04816,Male,0,No,18,Two year,Fiber optic,No,Yes,Yes,Bank transfer,70.68,1185.61,No
CUST04817,Female,0,No,12,Two year,Fiber optic,No internet service,No,Yes,Electronic check,37.74,414.7,No
CUST04818,Female,0,No,9,Two year,DSL,No internet service,Yes,No,Bank transfer,105.33,947.03,No
CUST04819,Male,1,No,8,Month-to-month,Fiber optic,No,No,Yes,Electronic check,87.34,630.65,Yes
CUST04820,Female,0,No,20,Month-to-month,DSL,No,No,No,Credit card,98.97,1843.18,Yes
CUST04821,Female,0,No,27,Month-to-month,DSL,No,No,Yes,Mailed check,51.79,1366.08,Yes
CUST04822,Female,0,Yes,22,Month-to-month,DSL,No,Yes,No,Bank transfer,75.41,1579.48,No
CUST04823,Male,0,Yes,4,Month-to-month,DSL,No,Yes,Yes,Credit card,69.93,260.53,No
CUST04824,Female,0,No,13,Month-to-month,Fiber optic,No,No,No,Credit card,93.2,1210.72,No
CUST04825,Female,0,Yes,31,Month-to-month,DSL,Yes,No internet service,Yes,Bank transfer,94.01,2803.32,No
CUST04826,Female,0,No,12,One year,Fiber optic,Yes,No,No,Electronic check,69.83,778.9,No
CUST04827,Male,0,Yes,15,Month-to-month,Fiber optic,No,No,Yes,Credit card,27.05,399.58,Yes
CUST04828,Female,0,Yes,29,Month-to-month,Fiber optic,No internet service,No,Yes,Bank transfer,109.49,2905.37,Yes
CUST04829,Male,1,No,21,Month-to-month,No,No,Yes,Yes,Bank transfer,78.9,1568.02,No
CUST04830,Male,0,Yes,10,One year,Fiber optic,No,No,Yes,Credit card,49.79,489.91,No
CUST04831,Male,1,Yes,45,One year,Fiber optic,No internet service,Yes,Yes,Electronic check,75.16,3376.67,No
CUST04832,Male,0,Yes,3,One year,No,No,No,No,Electronic check,27.22,76.62,No
CUST04833,Male,0,No,72,Month-to-month,Fiber optic,Yes,No,Yes,Mailed check,91.38,6012.29,Yes
CUST04834,Male,1,No,2,Month-to-month,Fiber optic,No internet service,No,Yes,Bank transfer,28.22,54.0,Yes
CUST04835,Male,1,No,0,Month-to-month,Fiber optic,No internet service,Yes,Yes,Mailed check,59.48,0.0,No
CUST04836,Male,0,Yes,44,Month-to-month,Fiber optic,No,No internet service,Yes,Bank transfer,71.11,3024.22,Yes
CUST04837,Male,1,No,5,Month-to-month,Fiber optic,Yes,Yes,Yes,Mailed check,90.97,436.75,No
CUST04838,Female,0,Yes,26,Month-to-month,DSL,No internet service,No,Yes,Bank transfer,67.66,1637.65,No
CUST04839,Male,0,Yes,33,Month-to-month,DSL,No,No,Yes,Credit card,80.87,2563.65,No
CUST04840,Male,0,No,39,Two year,DSL,Yes,No,Yes,Electronic check,64.3,2478.78,Yes
CUST04841,Female,0,Yes,72,Two year,Fiber optic,Yes,No,Yes,Bank transfer,64.2,4333.74,No
CUST04842,Female,0,Yes,6,Month-to-month,DSL,No internet service,No internet service,Yes,Credit card,67.14,372.31,No
CUST04843,Male,0,Yes,24,Month-to-month,Fiber optic,Yes,Yes,No,Mailed check,60.27,1371.4,No
CUST04844,Female,0,Yes,2,Month-to-month,Fiber optic,Yes,No internet service,No,Electronic check,22.84,42.83,Yes
CUST04845,Female,0,No,10,Month-to-month,Fiber optic,No,Yes,No,Electronic check,45.79,433.63,No
CUST04846,Male,0,Yes,37,Two year,Fiber optic,Yes,No,Yes,Credit card,71.12,2393.49,No
CUST04847,Male,0,No,9,Month-to-month,No,Yes,Yes,No,Electronic check,58.77,493.82,No
CUST04848,Male,0,No,17,One year,Fiber optic,No,Yes,No,Mailed check,61.1,1020.68,No
CUST04849,Male,0,Yes,14,Month-to-month,Fiber optic,Yes,Yes,Yes,Electronic check,56.92,749.09,No
CUST04850,Male,0,No,20,Two year,No,No internet service,Yes,Yes,Mailed check,43.41,865.41,No
CUST04851,Male,0,No,72,Month-to-month,Fiber optic,No,No internet service,Yes,Bank transfer,52.67,3681.83,No
CUST04852,Male,0,No,1,One year,Fiber optic,Yes,No,Yes,Bank transfer,57.33,53.7,No
CUST04853,Male,0,No,17,Month-to-month,DSL,No,Yes,No,Mailed check,65.13,1024.35,Yes
CUST04854,Male,1,No,39,One year,Fiber optic,Yes,Yes,No,Bank transfer,74.83,2826.55,No
CUST04855,Female,0,Yes,13,Month-to-month,No,Yes,No,Yes,Bank transfer,60.49,731.52,Yes
CUST04856,Female,0,No,1,Month-to-month,Fiber optic,No,No,Yes,Electronic check,39.26,38.97,No
CUST04857,Female,0,No,16,Two year,Fiber optic,Yes,No internet service,Yes,Electronic check,30.05,438.31,No
CUST04858,Female,0,No,8,Two year,Fiber optic,No,No,Yes,Credit card,120.0,866.76,Yes
CUST04859,Female,0,No,3,Two year,No,No internet service,No,Yes,Bank transfer,36.75,101.66,No
CUST04860,Male,1,No,37,One year,DSL,No,No,Yes,Bank transfer,52.03,1849.38,No
CUST04861,Male,0,Yes,14,Two year,Fiber optic,No,No,Yes,Electronic check,77.93,1073.01,No
CUST04862,Male,0,No,54,Month-to-month,DSL,No internet service,Yes,No,Credit card,74.02,3665.37,No
CUST04863,Male,0,No,32,Month-to-month,Fiber optic,No internet service,No,No,Bank transfer,78.02,2392.96,Yes
CUST04864,Female,0,Yes,23,Month-to-month,Fiber optic,No internet service,Yes,No,Credit card,53.93,1134.23,No
CUST04865,Male,1,Yes,0,One year,DSL,No,No,No,Credit card,70.96,0.0,No
CUST04866,Male,0,No,11,Month-to-month,Fiber optic,No internet service,No,Yes,Credit card,66.53,659.98,Yes
CUST04867,Female,0,No,4,Month-to-month,Fiber optic,No internet service,No,No,Credit card,57.2,218.68,No
CUST04868,Male,0,Yes,48,One year,DSL,No,Yes,Yes,Electronic check,71.14,3251.42,No
CUST04869,Female,0,Yes,3,Two year,Fiber optic,No,No,Yes,Credit card,91.38,247.9,No
CUST04870,Male,0,No,6,Month-to-month,DSL,Yes,Yes,Yes,Electronic check,64.44,374.63,Yes
CUST04871,Female,0,Yes,14,Month-to-month,Fiber optic,No,No,Yes,Credit card,64.61,865.85,No
CUST04872,Female,0,Yes,6,Month-to-month,Fiber optic,Yes,No internet service,Yes,Electronic check,91.7,529.46,No
CUST04873,Male,0,No,4,Month-to-month,Fiber optic,Yes,No,Yes,Bank transfer,89.03,339.37,Yes
CUST04874,Male,0,No,18,Month-to-month,Fiber optic,Yes,No internet service,Yes,Electronic check,104.6,1830.46,Yes
CUST04875,Male,1,No,1,One year,Fiber optic,No,No internet service,Yes,Bank transfer,21.09,20.09,No
CUST04876,Male,0,No,1,One year,DSL,No,No,No,Electronic check,87.63,86.95,No
CUST04877,Male,0,No,9,One year,No,No,Yes,Yes,Mailed check,80.04,716.29,No
CUST04878,Female,0,No,25,Month-to-month,Fiber optic,No,Yes,Yes,Credit card,42.86,1042.21,Yes
CUST04879,Female,0,Yes,16,Two year,DSL,No,No,No,Bank transfer,71.29,1130.58,No
CUST04880,Female,0,Yes,10,Month-to-month,No,No,No internet service,Yes,Electronic check,91.28,905.79,Yes
CUST04881,Female,0,Yes,16,Month-to-month,DSL,No,No,No,Mailed check,44.27,656.05,No
CUST04882,Male,0,No,9,Two year,Fiber optic,Yes,Yes,No,Electronic check,76.06,684.12,No
CUST04883,Female,0,No,55,Month-to-month,Fiber optic,No internet service,No internet service,No,Bank transfer,86.78,4423.25,No
CUST04884,Male,0,No,1,Month-to-month,Fiber optic,No,No,Yes,Credit card,38.22,34.47,Yes
CUST04885,Female,0,No,22,Two year,No,No internet service,No,Yes,Bank transfer,61.44,1346.57,No
CUST04886,Male,0,No,44,Month-to-month,Fiber optic,Yes,No,No,Electronic check,72.52,2943.18,No
CUST04887,Male,0,No,32,One year,DSL,No,No internet service,Yes,Mailed check,45.1,1383.18,No
CUST04888,Male,1,Yes,4,Month-to-month,No,Yes,No internet service,Yes,Credit card,43.02,171.58,Yes
CUST04889,Male,0,No,7,One year,No,Yes,No internet service,Yes,Electronic check,61.62,390.34,No
CUST04890,Female,0,No,25,Month-to-month,Fiber optic,No,No,No,Bank transfer,85.04,1970.66,No
CUST04891,Female,0,No,1,Month-to-month,Fiber optic,No internet service,No,Yes,Mailed check,81.09,77.92,Yes
CUST04892,Female,0,Yes,33,One year,DSL,No,No,No,Bank transfer,43.46,1400.13,No
CUST04893,Female,0,No,25,Month-to-month,Fiber optic,No,No internet service,Yes,Credit card,81.3,1993.35,Yes
CUST04894,Female,0,Yes,26,Month-to-month,DSL,No,No,No,Electronic check,44.1,1133.28,No
CUST04895,Female,0,No,2,Month-to-month,DSL,Yes,No,Yes,Bank transfer,24.75,45.38,Yes
CUST04896,Male,0,No,25,Month-to-month,Fiber optic,No,No,Yes,Mailed check,55.82,1307.59,No
CUST04897,Female,1,Yes,22,Month-to-month,DSL,No,No,Yes,Electronic check,93.07,1989.03,No
CUST04898,Male,0,Yes,35,Month-to-month,DSL,No,Yes,Yes,Electronic check,81.4,2767.89,No
CUST04899,Male,0,No,0,Two year,Fiber optic,No,No,Yes,Mailed check,64.96,0.0,No
CUST04900,Male,0,No,0,Month-to-month,DSL,Yes,Yes,Yes,Electronic check,54.58,0.0,Yes
CUST04901,Female,0,No,9,Month-to-month,DSL,No,Yes,No,Credit card,55.26,463.55,Yes
CUST04902,Male,0,No,3,Month-to-month,DSL,No internet service,Yes,No,Electronic check,67.72,200.97,Yes
CUST04903,Female,0,No,16,Month-to-month,DSL,No internet service,No,No,Electronic check,38.29,607.1,Yes
CUST04904,Female,0,Yes,49,Two year,Fiber optic,No,Yes,No,Electronic check,56.3,2486.92,No
CUST04905,Female,0,No,9,Month-to-month,No,No,No,Yes,Electronic check,59.61,500.28,Yes
CUST04906,Male,0,No,37,Two year,Fiber optic,Yes,No internet service,Yes,Mailed check,31.22,1084.91,No
CUST04907,Male,1,No,0,Month-to-month,Fiber optic,No,No internet service,No,Mailed check,44.04,0.0,No
CUST04908,Female,0,Yes,3,One year,DSL,No,No internet service,No,Bank transfer,75.26,224.52,No
CUST04909,Female,1,Yes,0,Month-to-month,DSL,No,No,No,Credit card,65.24,0.0,No
CUST04910,Male,1,Yes,7,Two year,DSL,No internet service,No internet service,No,Bank transfer,57.28,362.7,No
CUST04911,Female,1,No,47,One year,Fiber optic,No,No,No,Electronic check,42.21,1823.42,No
CUST04912,Female,0,Yes,2,Month-to-month,Fiber optic,No,No internet service,No,Credit card,104.42,197.02,No
CUST04913,Male,0,Yes,18,Month-to-month,Fiber optic,Yes,Yes,No,Mailed check,44.05,789.65,No
CUST04914,Female,0,Yes,12,Month-to-month,Fiber optic,No,Yes,Yes,Mailed check,71.29,778.03,No
CUST04915,Female,0,Yes,55,Two year,DSL,No internet service,Yes,Yes,Mailed check,52.8,2843.41,No
CUST04916,Female,0,No,2,Month-to-month,Fiber optic,No,No internet service,No,Electronic check,65.91,121.16,No
CUST04917,Female,0,No,4,Month-to-month,Fiber optic,Yes,No,No,Credit card,76.44,290.71,No
CUST04918,Female,0,No,0,One year,Fiber optic,No internet service,No,Yes,Electronic check,30.74,0.0,No
CUST04919,Female,1,Yes,11,Month-to-month,Fiber optic,No,No,Yes,Bank transfer,64.83,691.2,Yes
CUST04920,Female,0,Yes,6,Two year,Fiber optic,No,No internet service,No,Electronic check,94.77,555.87,No
CUST04921,Male,0,No,40,One year,No,Yes,No internet service,Yes,Credit card,109.04,4280.3,No
CUST04922,Male,0,Yes,18,One year,No,Yes,No,Yes,Bank transfer,61.75,1034.33,No
CUST04923,Female,1,No,19,Two year,Fiber optic,Yes,No,Yes,Electronic check,66.04,1174.96,No
CUST04924,Male,1,Yes,15,Month-to-month,Fiber optic,No,No,No,Bank transfer,120.0,1766.83,Yes
CUST04925,Female,0,Yes,1,Month-to-month,DSL,No,No,Yes,Bank transfer,93.37,84.39,No
CUST04926,Female,0,Yes,11,Month-to-month,No,No,No internet service,Yes,Bank transfer,49.57,518.79,No
CUST04927,Male,0,No,72,Month-to-month,Fiber optic,No,No,No,Bank transfer,49.53,3537.78,Yes
CUST04928,Male,0,Yes,36,One year,DSL,No,No,Yes,Bank transfer,88.91,3163.95,Yes
CUST04929,Female,0,No,44,Two year,Fiber optic,No internet service,Yes,Yes,Electronic check,39.72,1713.48,Yes
CUST04930,Male,0,No,34,Month-to-month,DSL,No internet service,Yes,No,Bank transfer,92.19,2827.77,No
CUST04931,Male,0,Yes,2,Month-to-month,Fiber optic,Yes,Yes,No,Mailed check,73.36,145.07,No
CUST04932,Male,0,Yes,5,Two year,Fiber optic,Yes,No,Yes,Mailed check,77.94,386.26,No
CUST04933,Female,1,No,0,Month-to-month,DSL,No,No,No,Credit card,58.58,0.0,Yes
CUST04934,Female,0,Yes,7,Month-to-month,DSL,Yes,No internet service,No,Electronic check,49.25,320.58,No
CUST04935,Male,0,No,2,Month-to-month,No,No internet service,No,No,Electronic check,101.55,192.74,No
CUST04936,Female,0,No,12,Two year,Fiber optic,Yes,No,Yes,Electronic check,58.83,689.2,No
CUST04937,Female,0,Yes,22,One year,No,No,Yes,Yes,Electronic check,54.73,1181.55,No
CUST04938,Male,0,Yes,41,One year,Fiber optic,Yes,No internet service,No,Electronic check,63.0,2413.39,No
CUST04939,Female,0,Yes,27,Two year,Fiber optic,No,No,Yes,Credit card,69.83,1758.35,No
CUST04940,Male,0,Yes,55,Month-to-month,Fiber optic,Yes,No,Yes,Electronic check,39.23,2100.73,No
CUST04941,Male,0,Yes,1,Month-to-month,DSL,No,No,Yes,Bank transfer,50.88,49.28,No
CUST04942,Male,0,No,0,Two year,DSL,No internet service,Yes,No,Electronic check,49.55,0.0,Yes
CUST04943,Female,1,No,21,Month-to-month,DSL,No,Yes,Yes,Bank transfer,86.13,1703.87,No
CUST04944,Female,0,No,6,One year,DSL,Yes,No,Yes,Credit card,42.85,248.29,No
CUST04945,Female,0,No,5,Two year,No,No,No,No,Electronic check,21.11,95.34,No
CUST04946,Female,1,Yes,8,One year,DSL,No,No,Yes,Credit card,18.0,130.69,Yes
CUST04947,Female,0,Yes,6,One year,Fiber optic,Yes,No,Yes,Credit card,28.24,162.21,Yes
CUST04948,Male,0,Yes,14,Two year,Fiber optic,No internet service,No internet service,No,Bank transfer,99.04,1277.06,No
CUST04949,Male,0,Yes,11,Two year,DSL,Yes,No internet service,Yes,Electronic check,65.41,703.31,No
CUST04950,Female,0,Yes,14,Month-to-month,Fiber optic,Yes,No,No,Bank transfer,77.53,1060.71,No
CUST04951,Female,0,No,22,Month-to-month,DSL,No,No,Yes,Credit card,78.41,1674.99,Yes
CUST04952,Female,0,No,9,Month-to-month,Fiber optic,Yes,No,Yes,Electronic check,66.4,591.84,No
CUST04953,Male,0,No,5,One year,DSL,No,Yes,Yes,Mailed check,63.13,288.53,No
CUST04954,Female,0,Yes,3,Month-to-month,Fiber optic,Yes,No internet service,No,Electronic check,91.11,253.08,No
CUST04955,Female,0,No,8,One year,Fiber optic,No internet service,No,Yes,Electronic check,68.65,508.14,Yes
CUST04956,Female,1,No,27,Month-to-month,No,No,No internet service,No,Credit card,99.98,2640.72,Yes
CUST04957,Female,0,Yes,28,One year,No,No,No internet service,Yes,Mailed check,80.52,2146.64,No
CUST04958,Male,0,Yes,21,Month-to-month,Fiber optic,Yes,No,Yes,Electronic check,49.56,962.98,Yes
CUST04959,Female,0,No,5,One year,Fiber optic,Yes,Yes,Yes,Bank transfer,52.57,240.15,No
CUST04960,Female,0,No,17,Month-to-month,Fiber optic,No,No,No,Electronic check,46.81,787.26,No
CUST04961,Female,0,No,16,Month-to-month,Fiber optic,Yes,No,Yes,Electronic check,95.44,1480.03,Yes
CUST04962,Male,0,No,13,Month-to-month,No,No,No,Yes,Mailed check,54.87,679.68,Yes
CUST04963,Female,0,Yes,15,One year,DSL,No,Yes,No,Mailed check,45.04,673.27,No
CUST04964,Male,0,Yes,13,Month-to-month,Fiber optic,Yes,No,Yes,Electronic check,72.99,934.6,Yes
CUST04965,Female,0,No,16,Month-to-month,Fiber optic,No,No internet service,Yes,Electronic check,62.57,918.84,Yes
CUST04966,Female,0,Yes,25,Two year,Fiber optic,No internet service,No internet service,Yes,Mailed check,72.36,1720.02,No
CUST04967,Female,0,Yes,2,One year,DSL,No,Yes,No,Credit card,112.25,212.96,No
CUST04968,Female,0,No,27,Two year,Fiber optic,No internet service,No internet service,Yes,Credit card,87.83,2334.48,No
CUST04969,Female,0,Yes,2,Month-to-month,Fiber optic,No internet service,Yes,No,Electronic check,65.68,120.18,Yes
CUST04970,Male,1,Yes,1,Month-to-month,No,Yes,No internet service,Yes,Bank transfer,29.79,28.16,No
CUST04971,Female,0,No,72,Two year,Fiber optic,Yes,Yes,Yes,Credit card,52.5,3642.61,No
CUST04972,Male,1,Yes,62,Month-to-month,DSL,No,No internet service,No,Mailed check,82.78,5104.26,No
CUST04973,Female,0,Yes,1,One year,DSL,No,No,Yes,Credit card,35.72,35.36,No
CUST04974,Female,0,Yes,11,Month-to-month,DSL,No,No,Yes,Credit card,118.52,1242.95,No
CUST04975,Female,0,No,4,Month-to-month,Fiber optic,No,Yes,Yes,Electronic check,65.36,251.16,Yes
CUST04976,Female,0,Yes,13,Month-to-month,Fiber optic,No,Yes,Yes,Electronic check,66.22,848.15,Yes
CUST04977,Female,0,Yes,35,Month-to-month,DSL,No,No,No,Electronic check,48.33,1648.31,Yes
CUST04978,Female,0,No,60,Month-to-month,Fiber optic,Yes,No internet service,No,Electronic check,77.42,4589.15,No
CUST04979,Male,0,Yes,20,Month-to-month,Fiber optic,No,No,Yes,Credit card,36.05,713.5,No
CUST04980,Female,0,Yes,8,Two year,DSL,No internet service,No internet service,No,Credit card,119.12,937.01,No
CUST04981,Female,0,No,18,Month-to-month,DSL,No,No,Yes,Electronic check,97.93,1588.12,Yes
CUST04982,Male,0,Yes,7,One year,No,Yes,No internet service,Yes,Bank transfer,89.61,584.05,No
CUST04983,Female,1,Yes,48,Two year,Fiber optic,Yes,No,Yes,Bank transfer,30.24,1364.94,No
CUST04984,Female,0,No,40,One year,Fiber optic,No,Yes,No,Mailed check,70.14,2715.24,No
CUST04985,Female,0,No,16,Month-to-month,Fiber optic,No internet service,No,Yes,Bank transfer,95.23,1418.07,Yes
CUST04986,Male,0,No,7,One year,Fiber optic,No internet service,No,Yes,Credit card,79.83,521.01,No
CUST04987,Male,1,No,6,One year,Fiber optic,No,No internet service,No,Electronic check,39.95,225.32,Yes
CUST04988,Female,0,Yes,0,One year,Fiber optic,Yes,No,No,Electronic check,48.75,0.0,No
CUST04989,Female,0,No,33,One year,No,No,No,No,Electronic check,53.7,1672.36,Yes
CUST04990,Female,0,Yes,11,Two year,No,No internet service,Yes,Yes,Mailed check,49.91,501.83,No
CUST04991,Female,0,Yes,7,One year,Fiber optic,No internet service,No,No,Electronic check,103.22,650.75,Yes
CUST04992,Male,1,No,12,Month-to-month,DSL,No,Yes,Yes,Mailed check,18.0,199.51,No
CUST04993,Female,0,Yes,34,One year,Fiber optic,No,No internet service,No,Mailed check,81.4,2750.67,No
CUST04994,Male,0,No,2,Month-to-month,Fiber optic,No,No,Yes,Bank transfer,32.69,65.09,No
CUST04995,Male,0,Yes,38,Two year,Fiber optic,No internet service,No,Yes,Mailed check,40.97,1483.53,Yes
CUST04996,Male,0,Yes,45,Month-to-month,DSL,No,Yes,Yes,Electronic check,18.0,781.36,No
CUST04997,Male,1,No,58,Month-to-month,DSL,Yes,Yes,Yes,Credit card,51.27,2912.97,No
CUST04998,Male,1,Yes,10,Two year,Fiber optic,No,No,Yes,Credit card,102.77,930.67,No
CUST04999,Female,0,No,4,One year,DSL,No internet service,No,No,Electronic check,71.62,268.56,No
